﻿<?xml version="1.0" encoding="UTF-8"?>
<map_list>
	<map>
		<screen version="2.0" scriptcode="java" title="음료옵션선택 팝업(온도/컵크기)" directory="/BIZ/102/04/POP/" screenid="102041" last_update_date="2025-01-14 16:43:21" width="900" width_type="0" height="1546" height_type="0" canvas_width="910" canvas_height="1580" back_color="00F2F2F2" on_load="eventfunc:screen_on_load()" funclist="screen_on_load,btn_clo_on_mouseup,btn_Next_on_mouseup,btn_order_on_mouseup"/>
		<xlinkdataset id="DS_ORDER" desc="" columns="menuName:::&quot;&#x0A;&quot;:;cost:::&quot;&#x0A;&quot;:;url:::&quot;&#x0A;&quot;:;Tem::::;Size::::"/>
		<tab_order order_option="0" order_info="355,985,967"/>
		<panel control_id="355" semantic_tag="0" x="0" y="0" right="0" bottom="1446" width="900" height="100" custom_class="PN_101_back" back_color="00233347" border="0" border_radius="15,15,0,0" vertscrollbar_style="0" horzscrollbar_style="0" panel_height="135" title_font="맑은 고딕,9,0,0,0,0">
			<text control_id="371" name="txt_step" autosize="0" x="405" y="12" right="393" bottom="49" width="102" height="74" text="1 / 2" font="Noto Sans CJK KR Bold,37.5,1,0,0,0" fore_color="00FFFFFF" back_color="00233347" transparent="1" version="1.1"/>
		</panel>
		<panel control_id="985" semantic_tag="0" x="0" y="102" right="0" bottom="1132" width="900" height="312" custom_class="PN_104_popBack" back_color="00F2F2F2" border_color="00F2F2F2" border_ex="0,0,00F2F2F2,,0,0-0-0-0,0,0,1,0,00FFFFFF,00E1E1E1^0,0,00F2F2F2,1^1,1,00B4B4B4,1^0,0,00F2F2F2,1^1,1,00B4B4B4,1" title_font="맑은 고딕,9,0,0,0,0">
			<tab_order order_option="0" order_info="362"/>
			<image control_id="1248" name="img_1" autosize="0" x="183" y="41" right="639" bottom="101" width="76" height="170" transparent="1" border="0" back_imagesize="1" back_imagehorzalign="1" back_imagevertalign="1" padding="0,0,0,0" link_data="DS_ORDER:url" imagesize="1"/>
			<image control_id="357" name="img_pop1" autosize="0" x="95" y="31" right="551" bottom="29" width="252" height="252" transparent="0" border_color="00707070" border_radius="16" back_imagehorzalign="1" back_imagevertalign="1" padding="0,0,0,0"/>
			<text control_id="359" autosize="0" x="395" y="145" right="185" bottom="93" width="318" height="74" custom_class="TX_104_WhiteTxt" text="커피" font="Noto Sans CJK KR Medium,31.5,500,0,0,0" back_color="00F2F2F2" transparent="1" version="1.1"/>
			<text control_id="361" autosize="0" x="496" y="193" right="358" bottom="45" width="44" height="74" custom_class="TX_104_WhiteTxt" text="원" font="Noto Sans CJK KR Medium,31.5,500,0,0,0" back_color="00F2F2F2" transparent="1" letter_spacing="-2.1px" version="1.1"/>
			<numericex_field control_id="362" name="fld_pop1" autosize="0" x="395" y="199" right="383" bottom="51" width="120" height="62" custom_input_class="TX_104_WhiteTxt" font="Noto Sans CJK KR Medium,31.5,500,0,0,0" back_color="00F2F2F2" transparent="1" border="0" letter_spacing="-2.1px" link_data="DS_ORDER:cost" input_type="2" default_value="4000" max_length="5" pattern="ZZ,ZZ9"/>
			<text control_id="358" name="txt_pop1" autosize="0" x="395" y="60" right="185" bottom="178" width="318" height="74" custom_class="TX_104_WhiteTxt" text="아메리카노" font="Noto Sans CJK KR Medium,37.5,500,0,0,0" back_color="00F2F2F2" transparent="1" link_data="DS_ORDER:menuName" version="1.1"/>
			<image control_id="984" autosize="0" x="183" y="72" right="639" bottom="70" width="76" height="170" transparent="0" border="0" border_radius="14" back_imagesize="1" back_imagehorzalign="1" back_imagevertalign="1" horz_align="1" vert_align="1" padding="0,0,0,0" link_data="DS_ORDER:url" imagesize="1"/>
		</panel>
		<tab control_id="967" name="tab_pop" x="0" y="414" right="0" bottom="0" width="900" height="1132" custom_class="TP_104_tabBack" back_color="00F2F2F2" border_radius="0,0,15,15" border_ex="0,1,00B4B4B4,,0,0-0-0-0,0,0,1,0,00FFFFFF,00E1E1E1^1,0,00B4B4B4,1^0,1,00B4B4B4,1^0,1,00B4B4B4,1^0,1,00B4B4B4,1" tabitem_hidden="1" tabitem_font="맑은 고딕,9,0,0,0,0" tabitem_selfont="맑은 고딕,9,0,0,0,0" titlebar_font="맑은 고딕,9,1,0,0,0">
			<tab_item panel_color="00F2F2F2">
				<tab_order order_option="0" order_info="367,368,369,370"/>
				<text control_id="363" autosize="0" x="121" y="43" right="742" bottom="1014" width="35" height="74" custom_class="TX_104_WhiteTxt" text="1" font="Noto Sans CJK KR Bold,41.3,1,0,0,0" back_color="00F2F2F2" transparent="1" version="1.1"/>
				<text control_id="364" autosize="0" x="192" y="50" right="100" bottom="1021" width="606" height="60" custom_class="TX_104_WhiteTxt" text="&lt;font class = &quot;TX_104_Yellow&quot; color=&quot;#9E5700&quot;&gt;음료의 온도&lt;/font&gt;를 선택하세요" font="Noto Sans CJK KR Medium,37.5,500,0,0,0" back_color="00F2F2F2" transparent="1" version="1.1"/>
				<radiobutton control_id="367" name="RD_H" x="120" y="140" right="458" bottom="761" width="320" height="230" custom_input_class="RD_104_menuHot" font="Noto Sans CJK KR Medium,33.8,500,0,0,0" back_color="00F2F2F2" transparent="0" border_color="00707070" border_radius="15" image_select="/BIZ/102/04/coffee_hot_bt_o.png" image_unselect="/BIZ/102/04/coffee_hot_bt.png" radio_width="0" text_margin="0,50,0,0" horz_align="2" drawfocusrect="0" text="뜨겁게"/>
				<radiobutton control_id="368" name="RD_C" x="462" y="140" right="116" bottom="761" width="320" height="230" custom_input_class="RD_104_menuIce" font="Noto Sans CJK KR Medium,33.8,500,0,0,0" back_color="00F2F2F2" transparent="1" border_radius="15" image_select="/BIZ/102/04/coffee_ice_bt_o.png" image_unselect="/BIZ/102/04/coffee_ice_bt.png" radio_width="0" text_margin="0,50,0,0" horz_align="2" drawfocusrect="0" text="차갑게" select_value="2"/>
				<pushbutton control_id="369" name="btn_clo" arrayindex="0" x="118" y="921" right="460" bottom="90" width="320" height="120" style_class="0" custom_class="PB_104_320120" text="취소" font="Noto Sans CJK KR Medium,33.8,500,0,0,0" fore_color="00FFFFFF" back_color="00F2F2F2" transparent="1" border="4" image_normal="/BIZ/102/04/bin_bt_G_320x120.png" image_down="/BIZ/102/04/bin_bt_G_320x120_o.png" box_shadow_effect="0" hover_font="맑은 고딕,9,0,0,0,0" version="1.1" on_mouseup="eventfunc:btn_clo_on_mouseup(objInst, index)"/>
				<pushbutton control_id="370" name="btn_Next" x="467" y="921" right="111" bottom="90" width="320" height="120" style_class="0" custom_class="PB_104_320120" text="다음" font="Noto Sans CJK KR Medium,33.8,500,0,0,0" fore_color="00FFFFFF" back_color="00F2F2F2" transparent="1" border="4" image_normal="/BIZ/102/04/bin_bt_BR_320x120.png" image_down="/BIZ/102/04/bin_bt_BR_320x120_o.png" box_shadow_effect="0" hover_font="맑은 고딕,9,0,0,0,0" version="1.1" on_mouseup="eventfunc:btn_Next_on_mouseup(objInst)"/>
				<line control_id="965" x1="174" y1="59" x2="174" y2="99" right="724" bottom="1032" line_color="00787878"/>
			</tab_item>
			<tab_item panel_color="00F2F2F2">
				<tab_order order_option="0" order_info="977,976,372,968,969"/>
				<pushbutton control_id="968" name="btn_clo" arrayindex="1" x="118" y="921" right="460" bottom="90" width="320" height="120" style_class="0" custom_class="PB_104_320120" text="취소" font="Noto Sans CJK KR Medium,33.8,500,0,0,0" fore_color="00FFFFFF" back_color="00F2F2F2" transparent="1" border="4" image_normal="/BIZ/102/04/bin_bt_G_320x120.png" image_down="/BIZ/102/04/bin_bt_G_320x120_o.png" box_shadow_effect="0" hover_font="맑은 고딕,9,0,0,0,0" version="1.1" on_mouseup="eventfunc:btn_clo_on_mouseup(objInst, index)"/>
				<pushbutton control_id="969" name="btn_order" x="467" y="921" right="111" bottom="90" width="320" height="120" style_class="0" custom_class="PB_104_320120" text="다음" font="Noto Sans CJK KR Medium,33.8,500,0,0,0" fore_color="00FFFFFF" back_color="00F2F2F2" transparent="1" border="4" image_normal="/BIZ/102/04/bin_bt_BR_320x120.png" image_down="/BIZ/102/04/bin_bt_BR_320x120_o.png" box_shadow_effect="0" hover_font="맑은 고딕,9,0,0,0,0" version="1.1" on_mouseup="eventfunc:btn_order_on_mouseup(objInst)"/>
				<text control_id="970" autosize="0" x="121" y="32" right="742" bottom="1025" width="35" height="74" custom_class="TX_104_WhiteTxt" text="2" font="Noto Sans CJK KR Bold,41.3,1,0,0,0" back_color="00F2F2F2" transparent="1" version="1.1"/>
				<line control_id="974" x1="174" y1="48" x2="174" y2="88" right="724" bottom="1043" line_color="00787878"/>
				<text control_id="975" autosize="0" x="192" y="39" right="100" bottom="1032" width="606" height="60" custom_class="TX_104_WhiteTxt" text="&lt;font class=&quot;TX_104_Yellow&quot; color=&quot;#9E5700&quot;&gt;컵의 크기&lt;/font&gt;를 선택하세요" font="Noto Sans CJK KR Medium,37.5,500,0,0,0" back_color="00F2F2F2" transparent="1" version="1.1"/>
				<radiobutton control_id="976" name="RD_M" x="462" y="140" right="116" bottom="761" width="320" height="230" custom_input_class="RD_104_menuM" font="Noto Sans CJK KR Medium,33.8,500,0,0,0" back_color="00F2F2F2" transparent="0" border_radius="15" image_select="/BIZ/102/04/coffee_cup_2_bt_o.png" image_unselect="/BIZ/102/04/coffee_cup_2_bt.png" radio_width="0" text_margin="0,0,0,0" horz_align="1" drawfocusrect="0" text="     중간컵" select_group="1" select_value="2" default_select="1"/>
				<radiobutton control_id="977" name="RD_S" x="120" y="140" right="458" bottom="761" width="320" height="230" custom_input_class="RD_104_menuS" font="Noto Sans CJK KR Medium,33.8,500,0,0,0" back_color="00F2F2F2" transparent="0" border_radius="15" image_select="/BIZ/102/04/coffee_cup_1_bt_o.png" image_unselect="/BIZ/102/04/coffee_cup_1_bt.png" radio_width="0" text_margin="0,0,0,0" horz_align="1" drawfocusrect="0" text="       작은컵&#x0D;&#x0A;     (-600원)" select_group="1"/>
				<radiobutton control_id="372" name="RD_L" x="120" y="398" right="458" bottom="503" width="320" height="230" custom_input_class="RD_104_menuL" font="Noto Sans CJK KR Medium,33.8,500,0,0,0" back_color="00F2F2F2" transparent="0" border_radius="15" image_select="/BIZ/102/04/coffee_cup_3_bt_o.png" image_unselect="/BIZ/102/04/coffee_cup_3_bt.png" radio_width="0" text_margin="0,0,0,0" horz_align="1" drawfocusrect="0" text="        큰컵&#x0D;&#x0A;     (+600원)" select_group="1" select_value="3"/>
			</tab_item>
		</tab>
	</map>
</map_list>
