﻿<?xml version="1.0" encoding="UTF-8"?>
<map_list>
	<map>
		<screen version="2.0" scriptcode="java" title="접근성(팝업)" directory="/BIZ/102/04/POP/" screenid="102042" last_update_date="2025-01-20 09:49:47" width="900" width_type="0" height="1250" height_type="0" canvas_width="901" canvas_height="1251" vertscrollbar_style="0" horzscrollbar_style="0" on_load="eventfunc:screen_on_load()" funclist="screen_on_load,btn_Close_on_mouseup,btn_clo_on_mouseup,onCheckboxClick,btn_ok_on_mouseup,fn_setCssMode"/>
		<xlinkdataset id="DS_MENU" desc="" columns="menuName:::&quot;아메리카노&#x0A;카페라떼&#x0A;카페모카&#x0A;바닐라라떼&#x0A;딸기라떼&#x0A;콜드브루&#x0A;초코라떼&#x0A;콜드브루라떼&#x0A;흑당라떼&#x0A;&quot;:;cost:::&quot;1500&#x0A;1500&#x0A;2500&#x0A;3000&#x0A;3000&#x0A;2500&#x0A;2500&#x0A;3500&#x0A;3500&#x0A;&quot;:;url:::&quot;/BIZ/102/04/drink_1.png&#x0A;/BIZ/102/04/drink_2.png&#x0A;/BIZ/102/04/drink_3.png&#x0A;/BIZ/102/04/drink_4.png&#x0A;/BIZ/102/04/drink_5.png&#x0A;/BIZ/102/04/drink_6.png&#x0A;/BIZ/102/04/drink_7.png&#x0A;/BIZ/102/04/drink_8.png&#x0A;/BIZ/102/04/drink_9.png&#x0A;&quot;:"/>
		<xlinkdataset id="DS_ORDER" desc="" columns="menuName:&quot;메뉴명(ex: 아메리카노)&quot;:::;cost:&quot;옵션값이 포함된 가격(ex: 2100)&quot;:::;count:&quot;메뉴갯수(ex: 4)&quot;:::;total_cost:&quot;옵션값*메뉴갯수(cost*count)&quot;:::;url:&quot;이미지 경로&quot;:::;Tem:&quot;(Boolean) 차갑게/뜨겁게(false/true)&quot;:::;Size:&quot;(Number) 작은컵/중간컵/큰컵(0/1/2)&quot;:::;TemSize:&quot;ex: 차갑게/중간컵&quot;:::;menuNameTemSize:&quot;메뉴명(차갑게/중간컵)&quot;:::"/>
		<panel control_id="0" semantic_tag="0" x="0" y="0" right="0" bottom="0" width="900" height="1250" border="0" vertscrollbar_style="0" horzscrollbar_style="0" title_font="맑은 고딕,9,0,0,0,0">
			<tab_order order_option="0" order_info="196,197,187,182,188,183,189,184,190,185,81,191"/>
			<checkbox control_id="190" name="ck_5" x="118" y="821" right="118" bottom="309" width="664" height="120" font="Noto Sans CJK KR,39,1,0,0,0" transparent="1" border_radius="15" image_check="/BIZ/101/01/POP/pop_select_gu_bt_o_1.png" image_uncheck="/BIZ/101/01/POP/pop_select_gu_bt_1.png" horz_align="1" text="휠체어" on_click="eventfunc:onCheckboxClick(clickedCheckbox)"/>
			<checkbox control_id="189" name="ck_4" x="118" y="681" right="118" bottom="449" width="664" height="120" font="Noto Sans CJK KR,39,1,0,0,0" transparent="1" border_radius="15" image_check="/BIZ/101/01/POP/pop_select_gu_bt_o_1.png" image_uncheck="/BIZ/101/01/POP/pop_select_gu_bt_1.png" horz_align="1" text="음성 안내" on_click="eventfunc:onCheckboxClick(clickedCheckbox)"/>
			<checkbox control_id="188" name="ck_3" x="118" y="542" right="118" bottom="588" width="664" height="120" font="Noto Sans CJK KR,39,1,0,0,0" transparent="1" border_radius="15" image_check="/BIZ/101/01/POP/pop_select_gu_bt_o_1.png" image_uncheck="/BIZ/101/01/POP/pop_select_gu_bt_1.png" horz_align="1" text="수어 안내" on_click="eventfunc:onCheckboxClick(clickedCheckbox)"/>
			<checkbox control_id="187" name="ck_2" x="118" y="402" right="118" bottom="728" width="664" height="120" font="Noto Sans CJK KR,39,1,0,0,0" transparent="1" border_radius="15" image_check="/BIZ/101/01/POP/pop_select_gu_bt_o_1.png" image_uncheck="/BIZ/101/01/POP/pop_select_gu_bt_1.png" horz_align="1" text="색상 고대비" on_click="eventfunc:onCheckboxClick(clickedCheckbox)"/>
			<text control_id="177" autosize="0" x="0" y="66" right="0" bottom="1114" width="900" height="70" text="원하는 설정을 선택하시고" font="Noto Sans CJK KR,39,1,0,0,0" transparent="1" horz_align="1" version="1.1"/>
			<text control_id="178" autosize="0" x="0" y="132" right="0" bottom="1048" width="900" height="70" text="확인을 누르세요." font="Noto Sans CJK KR,39,1,0,0,0" transparent="1" horz_align="1" version="1.1"/>
			<panel control_id="182" semantic_tag="0" x="176" y="432" right="664" bottom="758" width="60" height="60" transparent="1" back_image="/BIZ/101/01/POP/contrast_ico.png" border="0" title_font="맑은 고딕,9,0,0,0,0"></panel>
			<panel control_id="183" semantic_tag="0" x="153" y="570" right="639" bottom="618" width="108" height="62" transparent="1" back_image="/BIZ/101/01/POP/hand_ico.png" border="0" title_font="맑은 고딕,9,0,0,0,0"></panel>
			<panel control_id="184" semantic_tag="0" x="175" y="711" right="663" bottom="479" width="62" height="60" transparent="1" back_image="/BIZ/101/01/POP/sound_ico.png" border="0" title_font="맑은 고딕,9,0,0,0,0"></panel>
			<panel control_id="185" semantic_tag="0" x="180" y="851" right="667" bottom="339" width="53" height="60" transparent="1" back_image="/BIZ/101/01/POP/low_screen.png" border="0" title_font="맑은 고딕,9,0,0,0,0"></panel>
			<pushbutton control_id="81" x="126" y="1044" right="454" bottom="86" width="320" height="120" style_class="0" custom_class="PB_101_click" text="취소" font="Noto Sans KR Medium,33.8,500,0,0,0" fore_color="00F8F8F8" transparent="1" border="4" border_color="00FFFFFF" image_normal="/BIZ/101/01/PUB/bin_bt_G_320x120.png" image_down="/BIZ/101/01/PUB/bin_bt_G_320x120.png" box_shadow_effect="0" line_height="66" hover_font="Noto Sans CJK KR,34,500,0,0,0" down_color_use="4" down_forecolor="00F8F8F8" down_backcolor="00F1F1F1" down_bordercolor="00FFFFFF" disable_backcolor="00F1F1F1" version="1.1" on_mouseup="eventfunc:btn_clo_on_mouseup(objInst)"/>
			<pushbutton control_id="191" x="471" y="1044" right="109" bottom="86" width="320" height="120" style_class="0" custom_class="PB_106_click" text="확인" font="Noto Sans KR Medium,33.8,500,0,0,0" fore_color="00F8F8F8" transparent="1" border="4" border_color="00FFFFFF" image_normal="/BIZ/103/06/PUB/bin_bt_B_320x120.png" image_down="/BIZ/103/06/PUB/bin_bt_B_320x120_o.png" box_shadow_effect="0" line_height="66" hover_font="Noto Sans CJK KR,34,500,0,0,0" down_color_use="4" down_forecolor="00F8F8F8" down_backcolor="00F1F1F1" down_bordercolor="00FFFFFF" disable_backcolor="00F1F1F1" version="1.1" on_mouseup="eventfunc:btn_ok_on_mouseup(objInst)"/>
			<checkbox control_id="196" name="ck_1" x="118" y="264" right="118" bottom="866" width="664" height="120" font="Noto Sans CJK KR,39,1,0,0,0" transparent="1" border_radius="15" image_check="/BIZ/101/01/POP/pop_select_gu_bt_o_1.png" image_uncheck="/BIZ/101/01/POP/pop_select_gu_bt_1.png" horz_align="1" text="기본 화면" on_click="eventfunc:onCheckboxClick(clickedCheckbox)"/>
			<panel control_id="197" semantic_tag="0" x="168" y="297" right="679" bottom="898" width="53" height="55" transparent="1" back_image="/BIZ/101/01/POP/general_ico.png" border="0" title_font="맑은 고딕,9,0,0,0,0"></panel>
		</panel>
	</map>
</map_list>
