﻿<?xml version="1.0" encoding="UTF-8"?>
<map_list>
	<map>
		<screen version="2.0" scriptcode="java" title="버튼" directory="/BIZ/101/01/PUB/" screenid="10101" last_update_date="2024-10-16 11:07:19" width="3547" width_type="0" height="1920" height_type="0" canvas_width="3747" canvas_height="2120" back_color="00F6F6F6" funclist=""/>
		<tab_order order_option="0" order_info="19,20,0,1,2,3,28,4,5,6,7,29,21,22,30,9,10,31,23,32,24,11,12,33,14,13,25,34,15,16,35,26,27,17,18"/>
		<pushbutton control_id="0" x="227" y="95" right="3120" bottom="1755" width="200" height="70" style_class="0" text="" font="맑은 고딕,9,0,0,0,0" back_color="00F6F6F6" transparent="1" border="4" image_normal="/BIZ/101/01/PUB/home_bt_G.png" hover_font="맑은 고딕,9,0,0,0,0" version="1.1"/>
		<pushbutton control_id="1" x="457" y="95" right="2890" bottom="1755" width="200" height="70" style_class="0" text="" font="맑은 고딕,9,0,0,0,0" back_color="00F6F6F6" transparent="1" border="4" image_normal="/BIZ/101/02/PUB/call_bt_R.png" hover_font="맑은 고딕,9,0,0,0,0" version="1.1"/>
		<pushbutton control_id="2" x="686" y="95" right="2661" bottom="1745" width="200" height="80" style_class="0" text="" font="맑은 고딕,9,0,0,0,0" back_color="00F6F6F6" transparent="1" border="4" image_normal="/BIZ/101/01/PUB/lowsc_bt.png" hover_font="맑은 고딕,9,0,0,0,0" version="1.1"/>
		<pushbutton control_id="3" x="917" y="95" right="2430" bottom="1745" width="200" height="80" style_class="0" text="" font="맑은 고딕,9,0,0,0,0" back_color="00F6F6F6" transparent="1" border="4" image_normal="/BIZ/101/01/PUB/back_bt.png" hover_font="맑은 고딕,9,0,0,0,0" version="1.1"/>
		<pushbutton control_id="4" x="227" y="202" right="3120" bottom="1648" width="200" height="70" style_class="0" text="" font="맑은 고딕,9,0,0,0,0" back_color="00F6F6F6" transparent="1" border="4" image_normal="/BIZ/101/01/PUB/home_bt_G_o.png" hover_font="맑은 고딕,9,0,0,0,0" version="1.1"/>
		<pushbutton control_id="5" x="457" y="202" right="2890" bottom="1648" width="200" height="70" style_class="0" text="" font="맑은 고딕,9,0,0,0,0" back_color="00F6F6F6" transparent="1" border="4" image_normal="/BIZ/101/01/PUB/call_bt_R_o.png" hover_font="맑은 고딕,9,0,0,0,0" version="1.1"/>
		<pushbutton control_id="6" x="686" y="202" right="2661" bottom="1638" width="200" height="80" style_class="0" text="" font="맑은 고딕,9,0,0,0,0" back_color="00F6F6F6" transparent="1" border="4" image_normal="/BIZ/101/01/PUB/lowsc_bt_o.png" hover_font="맑은 고딕,9,0,0,0,0" version="1.1"/>
		<pushbutton control_id="7" x="917" y="202" right="2430" bottom="1638" width="200" height="80" style_class="0" text="" font="맑은 고딕,9,0,0,0,0" back_color="00F6F6F6" transparent="1" border="4" image_normal="/BIZ/101/01/PUB/back_bt_o.png" hover_font="맑은 고딕,9,0,0,0,0" version="1.1"/>
		<pushbutton control_id="9" x="227" y="342" right="2880" bottom="1298" width="440" height="280" style_class="0" text="" font="맑은 고딕,9,0,0,0,0" transparent="1" border="4" image_normal="/BIZ/101/01/PUB/membership_card_bt.png" hover_font="맑은 고딕,9,0,0,0,0" version="1.1"/>
		<pushbutton control_id="10" x="688" y="342" right="2419" bottom="1298" width="440" height="280" style_class="0" text="" font="맑은 고딕,9,0,0,0,0" transparent="1" border="4" image_normal="/BIZ/101/01/PUB/pay_card_bt.png" hover_font="맑은 고딕,9,0,0,0,0" version="1.1"/>
		<pushbutton control_id="11" x="227" y="644" right="2880" bottom="996" width="440" height="280" style_class="0" text="" font="맑은 고딕,9,0,0,0,0" transparent="1" border="4" image_normal="/BIZ/101/01/PUB/membership_card_bt-1.png" hover_font="맑은 고딕,9,0,0,0,0" version="1.1"/>
		<pushbutton control_id="12" x="688" y="644" right="2419" bottom="996" width="440" height="280" style_class="0" text="" font="맑은 고딕,9,0,0,0,0" transparent="1" border="4" image_normal="/BIZ/101/01/PUB/pay_card_bt-1.png" hover_font="맑은 고딕,9,0,0,0,0" version="1.1"/>
		<pushbutton control_id="13" x="213" y="1000" right="2974" bottom="690" width="360" height="230" style_class="0" text="" font="맑은 고딕,9,0,0,0,0" transparent="1" border="4" image_normal="/BIZ/101/01/PUB/point_no_bt_360x230.png" hover_font="맑은 고딕,9,0,0,0,0" version="1.1"/>
		<pushbutton control_id="14" x="585" y="999" right="2602" bottom="691" width="360" height="230" style_class="0" text="" font="맑은 고딕,9,0,0,0,0" transparent="1" border="4" image_normal="/BIZ/101/01/PUB/point_yes_bt_360x230.png" hover_font="맑은 고딕,9,0,0,0,0" version="1.1"/>
		<pushbutton control_id="15" x="213" y="1264" right="2974" bottom="426" width="360" height="230" style_class="0" text="" font="맑은 고딕,9,0,0,0,0" transparent="1" border="4" image_normal="/BIZ/101/01/PUB/point_no_bt_360x230_o.png" hover_font="맑은 고딕,9,0,0,0,0" version="1.1"/>
		<pushbutton control_id="16" x="585" y="1264" right="2602" bottom="426" width="360" height="230" style_class="0" text="" font="맑은 고딕,9,0,0,0,0" transparent="1" border="4" image_normal="/BIZ/101/01/PUB/point_yes_bt_360x230_o.png" hover_font="맑은 고딕,9,0,0,0,0" version="1.1"/>
		<pushbutton control_id="17" x="219" y="1554" right="2728" bottom="241" width="600" height="125" style_class="0" text="" font="맑은 고딕,9,0,0,0,0" transparent="1" border="4" image_normal="/BIZ/101/01/PUB/bin_bt_B_600x125.png" hover_font="맑은 고딕,9,0,0,0,0" version="1.1"/>
		<pushbutton control_id="18" x="219" y="1708" right="2728" bottom="87" width="600" height="125" style_class="0" text="" font="맑은 고딕,9,0,0,0,0" transparent="1" border="4" image_normal="/BIZ/101/01/PUB/bin_bt_B_600x125_o.png" hover_font="맑은 고딕,9,0,0,0,0" version="1.1"/>
		<pushbutton control_id="19" x="1670" y="60" right="1687" bottom="1730" width="190" height="130" style_class="0" text="" font="맑은 고딕,9,0,0,0,0" transparent="1" border="4" image_normal="/BIZ/101/01/PUB/num_bt_W_190x130.png" hover_font="맑은 고딕,9,0,0,0,0" version="1.1"/>
		<pushbutton control_id="20" x="1890" y="60" right="1467" bottom="1730" width="190" height="130" style_class="0" text="" font="맑은 고딕,9,0,0,0,0" transparent="1" border="4" image_normal="/BIZ/101/01/PUB/num_del_bt_W_190x130.png" hover_font="맑은 고딕,9,0,0,0,0" version="1.1"/>
		<pushbutton control_id="21" x="1670" y="229" right="1687" bottom="1561" width="190" height="130" style_class="0" text="" font="맑은 고딕,9,0,0,0,0" transparent="1" border="4" image_normal="/BIZ/101/01/PUB/num_bt_W_190x130_o.png" hover_font="맑은 고딕,9,0,0,0,0" version="1.1"/>
		<pushbutton control_id="22" x="1890" y="229" right="1467" bottom="1561" width="190" height="130" style_class="0" text="" font="맑은 고딕,9,0,0,0,0" transparent="1" border="4" image_normal="/BIZ/101/01/PUB/num_del_bt_W_190x130_o.png" hover_font="맑은 고딕,9,0,0,0,0" version="1.1"/>
		<pushbutton control_id="23" x="1665" y="413" right="1562" bottom="1387" width="320" height="120" style_class="0" text="" font="맑은 고딕,9,0,0,0,0" transparent="1" border="4" border_radius="15" image_normal="/BIZ/101/01/PUB/bin_bt_DG_320x120.png" hover_font="맑은 고딕,9,0,0,0,0" version="1.1"/>
		<pushbutton control_id="24" x="1665" y="572" right="1562" bottom="1228" width="320" height="120" style_class="0" text="" font="맑은 고딕,9,0,0,0,0" transparent="1" border="4" border_radius="15" image_normal="/BIZ/101/01/PUB/bin_bt_B_320x120.png" hover_font="맑은 고딕,9,0,0,0,0" version="1.1"/>
		<pushbutton control_id="25" x="1450" y="1013" right="1707" bottom="574" width="390" height="333" style_class="0" text="" font="맑은 고딕,9,0,0,0,0" back_color="00F6F6F6" transparent="1" border="4" image_normal="/BIZ/101/01/PUB/receipt_ico.png" hover_font="맑은 고딕,9,0,0,0,0" version="1.1"/>
		<pushbutton control_id="26" x="1538" y="1460" right="1796" bottom="421" width="213" height="39" style_class="0" text="" font="맑은 고딕,9,0,0,0,0" back_color="00F6F6F6" transparent="1" border="4" image_normal="/BIZ/101/01/PUB/logo_electcar_charge.png" hover_font="맑은 고딕,9,0,0,0,0" version="1.1"/>
		<pushbutton control_id="27" x="1381" y="1512" right="1446" bottom="158" width="720" height="250" style_class="0" text="" font="맑은 고딕,9,0,0,0,0" back_color="00F6F6F6" transparent="1" border="4" image_normal="/BIZ/101/01/PUB/logo_mart_grey.png" hover_font="맑은 고딕,9,0,0,0,0" version="1.1"/>
		<pushbutton control_id="28" x="2464" y="121" right="155" bottom="1725" width="928" height="74" style_class="0" text="" font="맑은 고딕,9,0,0,0,0" back_color="00F6F6F6" transparent="1" border="4" image_normal="/BIZ/101/01/PUB/comn_5step_B_bar_1.png" hover_font="맑은 고딕,9,0,0,0,0" version="1.1"/>
		<pushbutton control_id="29" x="2464" y="216" right="155" bottom="1630" width="928" height="74" style_class="0" text="" font="맑은 고딕,9,0,0,0,0" back_color="00F6F6F6" transparent="1" border="4" image_normal="/BIZ/101/01/PUB/comn_5step_B_bar_2.png" hover_font="맑은 고딕,9,0,0,0,0" version="1.1"/>
		<pushbutton control_id="30" x="2464" y="312" right="155" bottom="1534" width="928" height="74" style_class="0" text="" font="맑은 고딕,9,0,0,0,0" back_color="00F6F6F6" transparent="1" border="4" image_normal="/BIZ/101/01/PUB/comn_5step_B_bar_3.png" hover_font="맑은 고딕,9,0,0,0,0" version="1.1"/>
		<pushbutton control_id="31" x="2464" y="407" right="155" bottom="1439" width="928" height="74" style_class="0" text="" font="맑은 고딕,9,0,0,0,0" back_color="00F6F6F6" transparent="1" border="4" image_normal="/BIZ/101/01/PUB/comn_5step_B_bar_4.png" hover_font="맑은 고딕,9,0,0,0,0" version="1.1"/>
		<pushbutton control_id="32" x="2464" y="510" right="155" bottom="1336" width="928" height="74" style_class="0" text="" font="맑은 고딕,9,0,0,0,0" back_color="00F6F6F6" transparent="1" border="4" image_normal="/BIZ/101/01/PUB/comn_5step_B_bar_5.png" hover_font="맑은 고딕,9,0,0,0,0" version="1.1"/>
		<pushbutton control_id="33" x="2466" y="794" right="321" bottom="921" width="760" height="205" style_class="0" text="" font="맑은 고딕,9,0,0,0,0" transparent="1" border="4" image_normal="/BIZ/101/01/PUB/table_B_760x205_1.png" hover_font="맑은 고딕,9,0,0,0,0" version="1.1"/>
		<pushbutton control_id="34" x="2466" y="1026" right="321" bottom="641" width="760" height="253" style_class="0" text="" font="맑은 고딕,9,0,0,0,0" transparent="1" border="4" image_normal="/BIZ/101/01/PUB/table_G_760x253.png" hover_font="맑은 고딕,9,0,0,0,0" version="1.1"/>
		<pushbutton control_id="35" x="2466" y="1308" right="321" bottom="277" width="760" height="335" style_class="0" text="" font="맑은 고딕,9,0,0,0,0" transparent="1" border="4" image_normal="/BIZ/101/01/PUB/table_G_760x335.png" hover_font="맑은 고딕,9,0,0,0,0" version="1.1"/>
	</map>
</map_list>
