﻿<?xml version="1.0" encoding="UTF-8"?>
<map_list>
	<map>
		<screen version="2.0" scriptcode="java" title="카드리더기 접촉" directory="/BIZ/101/01/PUB/" screenid="10101002" last_update_date="2024-10-11 17:06:19" width="1080" width_type="0" height="1920" height_type="0" canvas_width="3200" canvas_height="3000" funclist=""/>
		<panel control_id="4" semantic_tag="0" x="0" y="0" right="0" bottom="0" width="1080" height="1920" back_color="00F6F6F6" border="0" title_font="맑은 고딕,9,0,0,0,0">
			<tab_order order_option="0" order_info="6,233,7"/>
			<text control_id="215" autosize="0" x="241" y="324" right="241" bottom="1507" width="598" height="89" text="&lt;font color=&quot;#1674D2&quot;&gt;회원카드&lt;/font&gt;를 우측 하단의" font="Noto Sans KR,45,1,0,0,0" fore_color="000A0A0A" back_color="00F6F6F6" transparent="1" horz_align="1" line_height="90" letter_spacing="-3px" version="1.1"/>
			<text control_id="234" autosize="0" x="241" y="412" right="241" bottom="1418" width="598" height="90" text="&lt;font color=&quot;#1674D2&quot;&gt;카드 리더기&lt;/font&gt;에 접촉하세요" font="Noto Sans KR,45,1,0,0,0" fore_color="000A0A0A" back_color="00F6F6F6" transparent="1" horz_align="1" line_height="90" letter_spacing="-3px" version="1.1"/>
			<imagebox control_id="235" x="81" y="740" right="85" bottom="449" width="914" height="731" transparent="1" border="0" padding="0,0,0,0" image="/BIZ/101/01/PUB/pay_kiosk_img.png" image_width="914" image_height="731"/>
			<text control_id="236" autosize="0" x="367" y="988" right="268" bottom="814" width="445" height="118" text="추후 교체 예정" font="Noto Sans KR,46.5,1,0,0,0" fore_color="00FFFFFF" back_color="001515CF" back_color_opacity="7" horz_align="1" letter_spacing="-3.1px" version="1.1"/>
			<panel control_id="233" semantic_tag="0" x="0" y="80" right="0" bottom="1690" width="1080" height="150" back_color="00B4B4B4" back_image="/BIZ/101/01/PUB/box_1080x150.png" back_imagesize="1" border="0" title_font="맑은 고딕,9,0,0,0,0">
				<imagebox control_id="237" x="76" y="7" right="76" bottom="69" width="928" height="74" transparent="1" border="0" padding="0,0,0,0" image="/BIZ/101/01/PUB/comn_5_step_bar_1.png" image_width="928" image_height="74"/>
				<text control_id="217" autosize="0" x="7" y="78" right="857" bottom="10" width="216" height="62" text="결제방법 선택" font="Noto Sans KR Regular,31.5,0,0,0,0" fore_color="000A0A0A" back_color="00DFDDDC" transparent="1" horz_align="1" line_height="40" letter_spacing="-4.2px" version="1.1"/>
				<text control_id="218" autosize="0" x="234" y="78" right="654" bottom="10" width="192" height="62" text="충전량 선택" font="Noto Sans KR Regular,31.5,0,0,0,0" fore_color="006C5E5A" back_color="00DFDDDC" transparent="1" horz_align="1" line_height="40" letter_spacing="-2.1px" version="1.1"/>
				<text control_id="219" autosize="0" x="469" y="78" right="469" bottom="10" width="142" height="62" text="결제하기" font="Noto Sans KR Regular,31.5,0,0,0,0" fore_color="006C5E5A" back_color="00DFDDDC" transparent="1" horz_align="1" line_height="40" letter_spacing="-4.2px" version="1.1"/>
				<text control_id="222" autosize="0" x="685" y="78" right="247" bottom="10" width="148" height="62" text="충전하기" font="Noto Sans KR Regular,31.5,0,0,0,0" fore_color="006C5E5A" back_color="00DFDDDC" transparent="1" horz_align="1" line_height="40" letter_spacing="-2.1px" version="1.1"/>
				<text control_id="223" autosize="0" x="940" y="78" right="64" bottom="10" width="76" height="62" text="완료" font="Noto Sans KR Regular,31.5,0,0,0,0" fore_color="006C5E5A" back_color="00DFDDDC" transparent="1" horz_align="1" line_height="40" letter_spacing="-2.1px" version="1.1"/>
			</panel>
			<panel control_id="6" semantic_tag="0" x="0" y="0" right="0" bottom="1840" width="1080" height="80" border="0" vertscrollbar_style="0" horzscrollbar_style="0" title_font="맑은 고딕,9,0,0,0,0">
				<tab_order order_option="0" order_info="192,214,193"/>
				<pushbutton control_id="192" name="btn_Home" x="14" y="5" right="866" bottom="5" width="200" height="70" style_class="0" text="처음으로" font="Noto Sans KR Medium,31.5,500,0,0,0" fore_color="000A0A0A" back_color="00FBFBFB" border="4" border_color="007A665E" border_radius="35,35,35,35" image_normal="/BIZ/101/01/PUB/home_bt_G.png" image_focus="/BIZ/101/01/PUB/home_bt_G_foc.png" image_disable="/BIZ/101/03/PUB/comn_home_bt_dim.png" image_down="/BIZ/101/03/PUB/comn_home_bt_o.png" image_vert_align="1" box_shadow_effect="0" horz_align="0" line_height="62" text_margin="40,0,0,0" hover_font="맑은 고딕,9,0,0,0,0" down_color_use="3" down_backcolor="006D574E" letter_spacing="-2.1px" version="1.1"/>
				<imagebox control_id="3" x="395" y="21" right="472" bottom="22" width="213" height="37" transparent="1" border="0" padding="0,0,0,0" image="/BIZ/101/01/PUB/logo_electcar_charge.png" imagesize="1" image_width="213" image_height="40"/>
				<pushbutton control_id="193" name="btn_Call" x="866" y="5" right="14" bottom="5" width="200" height="70" style_class="0" text="직원호출" font="Noto Sans KR Medium,31.5,500,0,0,0" fore_color="00FFFFFF" back_color="00FBFBFB" border="4" border_color="000000D1" border_radius="35" image_normal="/BIZ/101/01/PUB/call_bt_R.png" image_focus="/BIZ/101/01/PUB/call_bt_R_foc.png" image_disable="/BIZ/101/01/PUB/call_bt_R_dim.png" image_down="/BIZ/101/01/PUB/call_bt_R_o.png" image_vert_align="1" box_shadow_effect="0" horz_align="0" line_height="62" text_margin="39,0,0,0" hover_font="맑은 고딕,9,0,0,0,0" down_color_use="3" down_backcolor="0011119C" letter_spacing="-2.1px" version="1.1"/>
				<pushbutton control_id="214" name="btn_Flag" x="758" y="5" right="252" bottom="5" width="70" height="70" style_class="0" text="" font="Noto Sans CJK KR,32,0,0,0,0" fore_color="000A0A0A" transparent="1" border="4" border_color="00E2E2E2" border_radius="44" image_normal="/BIZ/101/01/PUB/language_KOR_70x70-1.png" image_focus="/BIZ/101/01/PUB/language_KOR_70x70_dim.png" image_down="/BIZ/101/01/PUB/language_KOR_70x70_o.png" box_shadow_effect="0" horz_align="2" line_height="62" text_margin="" text_wordellipsis="0" hover_font="맑은 고딕,9,0,0,0,0" down_color_use="2" down_forecolor="00F8F8F8" version="1.1"/>
			</panel>
			<panel control_id="7" semantic_tag="0" x="0" y="1805" right="0" bottom="0" width="1080" height="115" border="0" title_font="맑은 고딕,9,0,0,0,0">
				<tab_order order_option="0" order_info="48,230"/>
				<pushbutton control_id="230" name="btn_Acc" x="867" y="18" right="13" bottom="17" width="200" height="80" style_class="0" text="접근성" font="Noto Sans KR,31.5,1,0,0,0" fore_color="00FFFFFF" transparent="1" border="4" border_color="00E2E2E2" border_radius="44" image_normal="/BIZ/101/01/PUB/lowsc_bt.png" image_disable="/BIZ/101/01/PUB/lowsc_bt_dim.png" image_down="/BIZ/101/01/PUB/lowsc_bt_o.png" box_shadow_effect="0" horz_align="0" line_height="62" text_margin="63,0,0,0" text_wordellipsis="0" hover_font="맑은 고딕,9,0,0,0,0" down_color_use="2" down_forecolor="00F8F8F8" letter_spacing="-2.1px" version="1.1"/>
				<pushbutton control_id="48" name="btn_Prev" x="14" y="18" right="851" bottom="17" width="215" height="80" style_class="0" text="이전" font="Noto Sans KR,31.5,1,0,0,0" fore_color="000A0A0A" back_color="00F0FFFF" transparent="1" border="4" border_color="0024C5FF" border_radius="45" image_normal="/BIZ/101/01/PUB/back_bt.png" image_focus="/BIZ/101/01/PUB/back_bt_foc.png" image_disable="/BIZ/101/01/PUB/back_bt_dim.png" image_down="/BIZ/101/01/PUB/back_bt_o.png" image_vert_align="1" box_shadow_effect="0" line_height="62" hover_font="맑은 고딕,9,0,0,0,0" down_color_use="3" down_backcolor="0019AADE" letter_spacing="-2.1px" version="1.1"/>
			</panel>
		</panel>
	</map>
</map_list>
