﻿<?xml version="1.0" encoding="UTF-8"?>
<map_list>
	<map>
		<screen version="2.0" scriptcode="java" title="무인카페_메뉴선택(2)" directory="/BIZ/102/04/" screenid="10204003" last_update_date="2025-01-20 17:18:30" width="1080" width_type="0" height="1920" height_type="0" canvas_height="2120" on_popupdestroy="eventfunc:screen_on_popupdestroy(popup_screen, popup_name, result)" funclist="btn_Call_on_mouseup,btn_Home_on_mouseup,btn_Cha_on_mouseup,btn_Prev_on_mouseup,btn_Clo_on_mouseup,btn_Next_on_mouseup,btn_pre_on_mouseup,btn_up_on_mouseup,btn_down_on_mouseup,btn_ord_on_mouseup,btn_X_on_mouseup,fn_trancomplete,btn_Menu_on_mouseup,screen_on_popupdestroy,btn_minus_on_mouseup,btn_plus_on_mouseup,fn_setTotalText,fn_setPanelHeight,btn_Acc_on_mouseup"/>
		<xlinkdataset id="DS_MENU" desc="" columns="menuName:::&quot;아메리카노&#x0A;카페라떼&#x0A;카페모카&#x0A;바닐라라떼&#x0A;딸기라떼&#x0A;콜드브루&#x0A;초코라떼&#x0A;콜드브루라떼&#x0A;흑당라떼&#x0A;&quot;:;cost:::&quot;1500&#x0A;1500&#x0A;2500&#x0A;3000&#x0A;3000&#x0A;2500&#x0A;2500&#x0A;3500&#x0A;3500&#x0A;&quot;:;url:::&quot;/BIZ/102/04/drink_1.png&#x0A;/BIZ/102/04/drink_2.png&#x0A;/BIZ/102/04/drink_3.png&#x0A;/BIZ/102/04/drink_4.png&#x0A;/BIZ/102/04/drink_5.png&#x0A;/BIZ/102/04/drink_6.png&#x0A;/BIZ/102/04/drink_7.png&#x0A;/BIZ/102/04/drink_8.png&#x0A;/BIZ/102/04/drink_9.png&#x0A;&quot;:"/>
		<xlinkdataset id="DS_ORDER" desc="" columns="menuName:&quot;메뉴명(ex: 아메리카노)&quot;:::;cost:&quot;옵션값이 포함된 가격(ex: 2100)&quot;:::;count:&quot;메뉴갯수(ex: 4)&quot;:::;total_cost:&quot;옵션값*메뉴갯수(cost*count)&quot;:::;url:&quot;이미지 경로&quot;:::;Tem:&quot;(Boolean) 차갑게/뜨겁게(false/true)&quot;:::;Size:&quot;(Number) 작은컵/중간컵/큰컵(0/1/2)&quot;:::;TemSize:&quot;ex: 차갑게/중간컵&quot;:::;menuNameTemSize:&quot;메뉴명(차갑게/중간컵)&quot;:::"/>
		<panel control_id="0" semantic_tag="0" x="0" y="0" right="0" bottom="0" width="1080" height="1920" custom_class="PN_101_back" back_color="00F8F8F8" border="0" title_font="맑은 고딕,9,0,0,0,0">
			<tab_order order_option="0" order_info="6,233,954,950,951,952,994,953,7"/>
			<panel control_id="233" semantic_tag="0" x="0" y="80" right="0" bottom="1690" width="1080" height="150" custom_class="PN_101_bgG" back_color="00B4B4B4" back_image="/BIZ/101/01/PUB/bg_G_1080x150.png" back_imagesize="1" border="0" title_font="맑은 고딕,9,0,0,0,0">
				<tab_order order_option="0" order_info="886"/>
				<text control_id="217" autosize="0" x="37" y="78" right="901" bottom="10" width="142" height="62" custom_class="TX_101_stepDone" text="메뉴선택" font="Noto Sans KR Regular,31.5,0,0,0,0" fore_color="000A0A0A" back_color="00DFDDDC" transparent="1" horz_align="1" line_height="40" letter_spacing="-4.2px" version="1.1"/>
				<text control_id="218" autosize="0" x="250" y="78" right="682" bottom="10" width="148" height="62" custom_class="TX_101_step" text="내역확인" font="Noto Sans KR Regular,31.5,0,0,0,0" fore_color="006C5E5A" back_color="00DFDDDC" transparent="1" horz_align="1" line_height="40" letter_spacing="-2.1px" version="1.1"/>
				<text control_id="219" autosize="0" x="449" y="78" right="449" bottom="10" width="182" height="62" custom_class="TX_101_step" text="결제하기" font="Noto Sans KR Regular,31.5,0,0,0,0" fore_color="006C5E5A" back_color="00DFDDDC" transparent="1" horz_align="1" line_height="40" letter_spacing="-4.2px" version="1.1"/>
				<text control_id="222" autosize="0" x="685" y="78" right="247" bottom="10" width="148" height="62" custom_class="TX_101_step" text="음료제조" font="Noto Sans KR Regular,31.5,0,0,0,0" fore_color="006C5E5A" back_color="00DFDDDC" transparent="1" horz_align="1" line_height="40" letter_spacing="-2.1px" version="1.1"/>
				<text control_id="223" autosize="0" x="940" y="78" right="64" bottom="10" width="76" height="62" custom_class="TX_101_step" text="완료" font="Noto Sans KR Regular,31.5,0,0,0,0" fore_color="006C5E5A" back_color="00DFDDDC" transparent="1" horz_align="1" line_height="40" letter_spacing="-2.1px" version="1.1"/>
				<panel control_id="886" semantic_tag="0" x="76" y="7" right="76" bottom="69" width="928" height="74" custom_class="PN_104_stepBar_1" back_color="00E1E1E1" transparent="1" back_image="/BIZ/102/04/comn_5step_BR_bar_1.png" border="0" title_font="맑은 고딕,9,0,0,0,0"></panel>
			</panel>
			<panel control_id="6" semantic_tag="0" x="0" y="0" right="0" bottom="1840" width="1080" height="80" custom_class="PN_101_back" border="0" vertscrollbar_style="0" horzscrollbar_style="0" boxshadow_type="1" title_font="맑은 고딕,9,0,0,0,0">
				<tab_order order_option="0" order_info="192,214,193,888"/>
				<pushbutton control_id="192" name="btn_Home" x="14" y="5" right="866" bottom="5" width="200" height="70" style_class="0" custom_class="PB_101_home" text="처음으로" font="Noto Sans KR Medium,31.5,500,0,0,0" fore_color="000A0A0A" back_color="00FBFBFB" border="4" border_color="007A665E" border_radius="35,35,35,35" image_normal="/BIZ/101/01/PUB/home_bt_G.png" image_down="/BIZ/101/01/PUB/home_bt_G_o.png" image_vert_align="1" box_shadow_effect="0" horz_align="0" line_height="62" text_margin="40,0,0,0" hover_font="맑은 고딕,9,0,0,0,0" down_color_use="3" down_backcolor="006D574E" letter_spacing="-2.1px" version="1.1" on_mouseup="eventfunc:btn_Home_on_mouseup(objInst)"/>
				<pushbutton control_id="193" name="btn_Call" x="866" y="5" right="14" bottom="5" width="200" height="70" style_class="0" custom_class="PB_101_call" text="직원호출" font="Noto Sans KR Medium,31.5,500,0,0,0" fore_color="00FFFFFF" back_color="00FBFBFB" border="4" border_color="000000D1" border_radius="35" image_normal="/BIZ/101/01/PUB/call_bt_R.png" image_down="/BIZ/101/01/PUB/call_bt_R_o.png" image_vert_align="1" box_shadow_effect="0" horz_align="0" line_height="62" text_margin="39,0,0,0" hover_font="맑은 고딕,9,0,0,0,0" down_color_use="3" down_backcolor="0011119C" letter_spacing="-2.1px" version="1.1" on_mouseup="eventfunc:btn_Call_on_mouseup(objInst)"/>
				<pushbutton control_id="214" name="btn_Flag" x="758" y="5" right="252" bottom="5" width="70" height="70" style_class="0" custom_class="PB_101_selLanguage" text="" font="Noto Sans CJK KR,32,0,0,0,0" fore_color="000A0A0A" transparent="1" border="4" border_color="00E2E2E2" border_radius="44" image_normal="/BIZ/101/01/PUB/language_lound_bt.png" image_down="/BIZ/101/01/PUB/language_lound_kr_bt_o.png" box_shadow_effect="0" horz_align="2" line_height="62" text_margin="" text_wordellipsis="0" hover_font="맑은 고딕,9,0,0,0,0" down_color_use="2" down_forecolor="00F8F8F8" version="1.1"/>
				<pushbutton control_id="888" x="416" y="25" right="416" bottom="23" width="248" height="32" style_class="0" text="" font="맑은 고딕,9,0,0,0,0" transparent="1" border="4" image_normal="/BIZ/102/04/logo_cafe.png" imagesize="1" box_shadow_effect="0" hover_font="맑은 고딕,9,0,0,0,0" version="1.1"/>
			</panel>
			<panel control_id="950" semantic_tag="0" x="0" y="1360" right="0" bottom="470" width="1080" height="90" back_color="00243347" border="0" title_font="맑은 고딕,9,0,0,0,0">
				<tab_order order_option="0" order_info="970"/>
				<text control_id="962" autosize="0" x="159" y="12" right="809" bottom="16" width="112" height="62" text="총수량" font="Noto Sans CJK KR Medium,31.5,500,0,0,0" fore_color="00FFFFFF" back_color="00243347" transparent="1" horz_align="1" version="1.1"/>
				<text control_id="963" name="fld_Qua" autosize="0" x="300" y="4" right="708" bottom="4" width="72" height="82" text="0" font="Noto Sans CJK KR Medium,41.3,500,0,0,0" fore_color="00FFFFFF" back_color="00243347" transparent="1" horz_align="2" version="1.1"/>
				<text control_id="964" autosize="0" x="378" y="12" right="661" bottom="12" width="41" height="66" text="개" font="Noto Sans CJK KR Medium,31.5,500,0,0,0" fore_color="00FFFFFF" back_color="00243347" transparent="1" horz_align="1" version="1.1"/>
				<line control_id="965" x1="300" y1="24" x2="300" y2="64" right="780" bottom="26" line_color="00787878"/>
				<text control_id="966" autosize="0" x="505" y="12" right="463" bottom="16" width="112" height="62" text="총금액" font="Noto Sans CJK KR Medium,31.5,500,0,0,0" fore_color="00FFFFFF" back_color="00243347" transparent="1" horz_align="1" version="1.1"/>
				<line control_id="967" x1="642" y1="24" x2="642" y2="64" right="438" bottom="26" line_color="00787878"/>
				<text control_id="968" autosize="0" x="863" y="10" right="176" bottom="14" width="41" height="66" text="원" font="Noto Sans CJK KR Medium,31.5,500,0,0,0" fore_color="00FFFFFF" back_color="00243347" transparent="1" horz_align="1" version="1.1"/>
				<numericex_field control_id="970" name="fld_Mon" autosize="0" x="666" y="3" right="233" bottom="5" width="181" height="82" font="Noto Sans CJK KR Medium,41.3,500,0,0,0" fore_color="00FFFFFF" back_color="00243347" transparent="1" border="0" box_shadow_effect="0" horz_align="1" default_value="0" max_length="9" pattern="ZZZ,ZZZ,ZZ9"/>
			</panel>
			<panel control_id="951" semantic_tag="0" x="700" y="1458" right="290" bottom="122" width="90" height="340" custom_class="PN_104_listScroll" back_color="00F8F8F8" transparent="1" back_image="/BIZ/102/04/list_num_box_bg.png" border="0" title_font="맑은 고딕,9,0,0,0,0">
				<tab_order order_option="0" order_info="982,983"/>
				<text control_id="981" name="txt_down" autosize="0" x="36" y="174" right="30" bottom="104" width="24" height="62" custom_class="TX_101_contents" text="1" font="Noto Sans CJK KR Medium,31.5,500,0,0,0" fore_color="000A0A0A" transparent="1" horz_align="1" version="1.1"/>
				<pushbutton control_id="982" x="8" y="6" right="7" bottom="234" width="75" height="100" style_class="0" custom_class="PB_104_listUp" text="" font="맑은 고딕,9,0,0,0,0" transparent="1" border="4" image_normal="/BIZ/102/04/cafe_list_up.png" image_down="/BIZ/102/04/close_bt_G_71x80.png" box_shadow_effect="0" hover_font="맑은 고딕,9,0,0,0,0" version="1.1" on_mouseup="eventfunc:btn_up_on_mouseup(objInst)"/>
				<pushbutton control_id="983" x="8" y="234" right="7" bottom="6" width="75" height="100" style_class="0" custom_class="PB_104_listDown" text="" font="맑은 고딕,9,0,0,0,0" transparent="1" border="4" image_normal="/BIZ/102/04/cafe_list_down.png" image_down="/BIZ/102/04/close_bt_G_71x80.png" box_shadow_effect="0" hover_font="맑은 고딕,9,0,0,0,0" version="1.1" on_mouseup="eventfunc:btn_down_on_mouseup(objInst)"/>
				<text control_id="980" name="txt_up" autosize="0" x="24" y="108" right="42" bottom="170" width="24" height="62" custom_class="TX_104_Yellow" text="1" font="Noto Sans CJK KR Medium,31.5,500,0,0,0" fore_color="0000569D" transparent="1" horz_align="1" version="1.1"/>
			</panel>
			<pushbutton control_id="952" name="btn_Clo" x="810" y="1459" right="20" bottom="356" width="250" height="105" style_class="0" custom_class="PB_104_205105" text="전체삭제" font="Noto Sans CJK KR Medium,35.3,500,0,0,0" fore_color="00FFFFFF" back_color="00F8F8F8" transparent="1" border="4" image_normal="/BIZ/102/04/bin_bt_G_250x105.png" box_shadow_effect="0" hover_font="맑은 고딕,9,0,0,0,0" version="1.1" on_mouseup="eventfunc:btn_Clo_on_mouseup(objInst)"/>
			<pushbutton control_id="953" name="btn_ord" x="810" y="1572" right="20" bottom="132" width="250" height="216" style_class="0" custom_class="PB_104_250216" text="주문하기" font="Noto Sans CJK KR Medium,35.3,500,0,0,0" fore_color="00FFFFFF" back_color="00F8F8F8" transparent="1" border="4" image_normal="/BIZ/102/04/bin_bt_BR_250x216.png" box_shadow_effect="0" hover_font="맑은 고딕,9,0,0,0,0" version="1.1" on_mouseup="eventfunc:btn_ord_on_mouseup(objInst)"/>
			<tab control_id="954" x="0" y="234" right="0" bottom="564" width="1080" height="1122" custom_class="TP_104_tabBack" fore_color="00F8F8F8" back_color="00BDBDBD" back_image="/BIZ/102/04/tap_bt_DBR.png" border="0" border_color="00F8F8F8" tabitemarea_rightmargin="10" tab_color="00FFFFFF" tabitem_height="100" tabitem_width="207" tabitem_gap="10" tabitem_radius="10" tabitem_font="Noto Sans CJK KR Medium,31,500,0,0,0" tabitem_selfont="Noto Sans CJK KR Medium,31,500,0,0,0" tabitem_color="00727374" tabitem_selcolor="00FFFFFF" tabitem_forecolor="00F8F8F8" tabitem_backcolor="00727374" tabitem_selbackcolor="00FFFFFF" tabitem_image="/BIZ/102/04/tap_bt_DBR.png" tabitem_selimage="/BIZ/102/04/tap_bt(chk)_W.png" titlebar_font="Noto Sans CJK KR Medium,31,1,0,0,0">
				<tab_item title="전체" width="207" height="100" panel_color="00F8F8F8">
					<tab_order order_option="0" order_info="955,917,921,956,919,923,925,927,928,940,938,939,926,929,930,941,942,943,985,986"/>
					<pushbutton control_id="917" name="btn_Menu_2" x="414" y="24" right="414" bottom="727" width="252" height="270" style_class="0" custom_class="PB_104_menuBack" text="카페라떼" font="Noto Sans CJK KR Medium,31.5,500,0,0,0" back_color="00F8F8F8" transparent="1" border="4" image_normal="/BIZ/102/04/list_252-270.png" image_down="/BIZ/102/04/list_252-270_o_1.png" box_shadow_effect="0" text_margin="0,0,40,0" hover_font="맑은 고딕,9,0,0,0,0" version="1.1" on_mouseup="eventfunc:btn_Menu_on_mouseup(objInst)"/>
					<numericex_field control_id="919" name="fld_Amount_2" in_index="1" autosize="0" x="468" y="216" right="468" bottom="743" width="144" height="62" custom_class="TX_104_White" font="Noto Sans CJK KR Medium,31.5,500,0,0,0" transparent="1" border="0" box_shadow_effect="0" horz_align="2" default_value="1500" pattern="ZZZ,ZZZ,ZZZ,ZZZ,ZZ9" pattern_rear_symbol="원"/>
					<image control_id="920" name="img_2" autosize="0" x="515" y="30" right="515" bottom="898" width="50" height="93" transparent="1" border="0" back_image="/BIZ/102/04/drink_2.png" padding="0,0,0,0"/>
					<pushbutton control_id="921" name="btn_Menu_3" x="686" y="24" right="142" bottom="727" width="252" height="270" style_class="0" custom_class="PB_104_menuBack" text="카페모카" font="Noto Sans CJK KR Medium,31.5,500,0,0,0" back_color="00F8F8F8" transparent="1" border="4" image_normal="/BIZ/102/04/list_252-270.png" image_down="/BIZ/102/04/list_252-270_o_1.png" box_shadow_effect="0" text_margin="0,0,40,0" hover_font="맑은 고딕,9,0,0,0,0" version="1.1" on_mouseup="eventfunc:btn_Menu_on_mouseup(objInst)"/>
					<image control_id="922" name="img_3" autosize="0" x="788" y="36" right="243" bottom="892" width="49" height="93" transparent="1" border="0" back_image="/BIZ/102/04/drink_3.png" padding="0,0,0,0"/>
					<numericex_field control_id="923" name="fld_Amount_3" autosize="0" x="740" y="216" right="196" bottom="743" width="144" height="62" custom_class="TX_104_White" font="Noto Sans CJK KR Medium,31.5,500,0,0,0" transparent="1" border="0" box_shadow_effect="0" horz_align="2" default_value="2500" pattern="ZZZ,ZZZ,ZZZ,ZZZ,ZZ9" pattern_rear_symbol="원"/>
					<pushbutton control_id="925" name="btn_Menu_4" x="142" y="314" right="686" bottom="437" width="252" height="270" style_class="0" custom_class="PB_104_menuBack" text="바닐라라떼" font="Noto Sans CJK KR Medium,31.5,500,0,0,0" back_color="00F8F8F8" transparent="1" border="4" image_normal="/BIZ/102/04/list_252-270.png" image_down="/BIZ/102/04/list_252-270_o_1.png" box_shadow_effect="0" text_margin="0,0,40,0" hover_font="맑은 고딕,9,0,0,0,0" version="1.1" on_mouseup="eventfunc:btn_Menu_on_mouseup(objInst)"/>
					<pushbutton control_id="926" name="btn_Menu_7" x="142" y="604" right="686" bottom="147" width="252" height="270" style_class="0" custom_class="PB_104_menuBack" text="초코라떼" font="Noto Sans CJK KR Medium,31.5,500,0,0,0" back_color="00F8F8F8" transparent="1" border="4" image_normal="/BIZ/102/04/list_252-270.png" image_down="/BIZ/102/04/list_252-270_o_1.png" box_shadow_effect="0" text_margin="0,0,40,0" hover_font="맑은 고딕,9,0,0,0,0" version="1.1" on_mouseup="eventfunc:btn_Menu_on_mouseup(objInst)"/>
					<pushbutton control_id="927" name="btn_Menu_5" x="414" y="314" right="414" bottom="437" width="252" height="270" style_class="0" custom_class="PB_104_menuBack" text="딸기라떼" font="Noto Sans CJK KR Medium,31.5,500,0,0,0" back_color="00F8F8F8" transparent="1" border="4" image_normal="/BIZ/102/04/list_252-270.png" image_down="/BIZ/102/04/list_252-270_o_1.png" box_shadow_effect="0" text_margin="0,0,40,0" hover_font="맑은 고딕,9,0,0,0,0" version="1.1" on_mouseup="eventfunc:btn_Menu_on_mouseup(objInst)"/>
					<pushbutton control_id="928" name="btn_Menu_6" x="686" y="314" right="142" bottom="437" width="252" height="270" style_class="0" custom_class="PB_104_menuBack" text="콜드브루" font="Noto Sans CJK KR Medium,31.5,500,0,0,0" back_color="00F8F8F8" transparent="1" border="4" image_normal="/BIZ/102/04/list_252-270.png" image_down="/BIZ/102/04/list_252-270_o_1.png" box_shadow_effect="0" text_margin="0,0,40,0" hover_font="맑은 고딕,9,0,0,0,0" version="1.1" on_mouseup="eventfunc:btn_Menu_on_mouseup(objInst)"/>
					<pushbutton control_id="929" name="btn_Menu_8" x="414" y="604" right="414" bottom="147" width="252" height="270" style_class="0" custom_class="PB_104_menuBack" text="콜드브루라떼" font="Noto Sans CJK KR Medium,31.5,500,0,0,0" back_color="00F8F8F8" transparent="1" border="4" image_normal="/BIZ/102/04/list_252-270.png" image_down="/BIZ/102/04/list_252-270_o_1.png" box_shadow_effect="0" text_margin="0,0,40,0" hover_font="맑은 고딕,9,0,0,0,0" version="1.1" on_mouseup="eventfunc:btn_Menu_on_mouseup(objInst)"/>
					<pushbutton control_id="930" name="btn_Menu_9" x="686" y="604" right="142" bottom="147" width="252" height="270" style_class="0" custom_class="PB_104_menuBack" text="흑당라떼" font="Noto Sans CJK KR Medium,31.5,500,0,0,0" back_color="00F8F8F8" transparent="1" border="4" image_normal="/BIZ/102/04/list_252-270.png" image_down="/BIZ/102/04/list_252-270_o_1.png" box_shadow_effect="0" text_margin="0,0,40,0" hover_font="맑은 고딕,9,0,0,0,0" version="1.1" on_mouseup="eventfunc:btn_Menu_on_mouseup(objInst)"/>
					<image control_id="932" name="img_4" autosize="0" x="242" y="323" right="786" bottom="605" width="52" height="93" transparent="1" border="0" back_image="/BIZ/102/04/drink_4.png" padding="0,0,0,0"/>
					<image control_id="933" name="img_5" autosize="0" x="513" y="318" right="512" bottom="601" width="55" height="102" transparent="1" border="0" back_image="/BIZ/102/04/drink_5.png" padding="0,0,0,0"/>
					<image control_id="934" name="img_6" autosize="0" x="788" y="324" right="243" bottom="602" width="49" height="95" transparent="1" border="0" back_image="/BIZ/102/04/drink_6.png" padding="0,0,0,0"/>
					<image control_id="935" name="img_7" autosize="0" x="242" y="606" right="786" bottom="322" width="52" height="93" transparent="1" border="0" back_image="/BIZ/102/04/drink_7.png" padding="0,0,0,0"/>
					<image control_id="936" name="img_8" autosize="0" x="518" y="613" right="517" bottom="311" width="45" height="97" transparent="1" border="0" back_image="/BIZ/102/04/drink_8.png" padding="0,0,0,0"/>
					<image control_id="937" name="img_9" autosize="0" x="788" y="612" right="243" bottom="314" width="49" height="95" transparent="1" border="0" back_image="/BIZ/102/04/drink_9.png" padding="0,0,0,0"/>
					<numericex_field control_id="938" name="fld_Amount_5" autosize="0" x="468" y="510" right="468" bottom="449" width="144" height="62" custom_class="TX_104_White" font="Noto Sans CJK KR Medium,31.5,500,0,0,0" transparent="1" border="0" box_shadow_effect="0" horz_align="2" default_value="3000" pattern="ZZZ,ZZZ,ZZZ,ZZZ,ZZ9" pattern_rear_symbol="원"/>
					<numericex_field control_id="939" name="fld_Amount_6" autosize="0" x="740" y="510" right="196" bottom="449" width="144" height="62" custom_class="TX_104_White" font="Noto Sans CJK KR Medium,31.5,500,0,0,0" transparent="1" border="0" box_shadow_effect="0" horz_align="2" default_value="2500" pattern="ZZZ,ZZZ,ZZZ,ZZZ,ZZ9" pattern_rear_symbol="원"/>
					<numericex_field control_id="940" name="fld_Amount_4" autosize="0" x="196" y="510" right="740" bottom="449" width="144" height="62" custom_class="TX_104_White" font="Noto Sans CJK KR Medium,31.5,500,0,0,0" transparent="1" border="0" box_shadow_effect="0" horz_align="2" default_value="3000" pattern="ZZZ,ZZZ,ZZZ,ZZZ,ZZ9" pattern_rear_symbol="원"/>
					<numericex_field control_id="941" name="fld_Amount_7" autosize="0" x="196" y="798" right="740" bottom="161" width="144" height="62" custom_class="TX_104_White" font="Noto Sans CJK KR Medium,31.5,500,0,0,0" transparent="1" border="0" box_shadow_effect="0" horz_align="2" default_value="2500" pattern="ZZZ,ZZZ,ZZZ,ZZZ,ZZ9" pattern_rear_symbol="원"/>
					<numericex_field control_id="942" name="fld_Amount_8" autosize="0" x="468" y="798" right="468" bottom="161" width="144" height="62" custom_class="TX_104_White" font="Noto Sans CJK KR Medium,31.5,500,0,0,0" transparent="1" border="0" box_shadow_effect="0" horz_align="2" default_value="3500" pattern="ZZZ,ZZZ,ZZZ,ZZZ,ZZ9" pattern_rear_symbol="원"/>
					<numericex_field control_id="943" name="fld_Amount_9" autosize="0" x="740" y="798" right="196" bottom="161" width="144" height="62" custom_class="TX_104_White" font="Noto Sans CJK KR Medium,31.5,500,0,0,0" transparent="1" border="0" box_shadow_effect="0" horz_align="2" default_value="3500" pattern="ZZZ,ZZZ,ZZZ,ZZZ,ZZ9" pattern_rear_symbol="원"/>
					<pushbutton control_id="955" name="btn_Menu_1" x="142" y="24" right="686" bottom="727" width="252" height="270" style_class="0" custom_class="PB_104_menuBack" text="아메리카노" font="Noto Sans CJK KR Medium,31.5,500,0,0,0" back_color="00F8F8F8" transparent="1" border="4" image_normal="/BIZ/102/04/list_252-270.png" image_down="/BIZ/102/04/list_252-270_o_1.png" box_shadow_effect="0" text_margin="0,0,40,0" hover_font="맑은 고딕,9,0,0,0,0" version="1.1" on_mouseup="eventfunc:btn_Menu_on_mouseup(objInst)"/>
					<numericex_field control_id="956" name="fld_Amount_1" in_index="0" autosize="0" x="196" y="216" right="740" bottom="743" width="144" height="62" custom_class="TX_104_White" font="Noto Sans CJK KR Medium,31.5,500,0,0,0" transparent="1" border="0" box_shadow_effect="0" horz_align="2" default_value="1500" pattern="ZZZ,ZZZ,ZZZ,ZZZ,ZZ9" pattern_rear_symbol="원"/>
					<image control_id="957" name="img_1" autosize="0" x="246" y="30" right="788" bottom="898" width="46" height="93" transparent="1" border="0" back_image="/BIZ/102/04/drink_1.png" padding="0,0,0,0"/>
					<text control_id="960" autosize="0" x="522" y="930" right="534" bottom="29" width="24" height="62" custom_class="TX_101_contents" text="/" font="Noto Sans CJK KR Medium,31.5,500,0,0,0" fore_color="000A0A0A" back_color="00F8F8F8" transparent="1" horz_align="1" version="1.1"/>
					<text control_id="961" autosize="0" x="546" y="930" right="510" bottom="29" width="24" height="62" custom_class="TX_101_contents" text="3" font="Noto Sans CJK KR Medium,31.5,500,0,0,0" fore_color="000A0A0A" back_color="00F8F8F8" transparent="1" horz_align="1" version="1.1"/>
					<pushbutton control_id="985" name="btn_pre" x="180" y="915" right="625" bottom="26" width="275" height="80" style_class="0" custom_class="PB_104_prev" text="이전페이지" font="Noto Sans CJK KR Medium,31.5,500,0,0,0" fore_color="00878787" back_color="00F8F8F8" transparent="1" border="4" image_normal="/BIZ/102/04/pre_bt_W_275x80.png" box_shadow_effect="0" horz_align="2" text_margin="0,20,0,0" hover_font="맑은 고딕,9,0,0,0,0" version="1.1" on_mouseup="eventfunc:btn_pre_on_mouseup(objInst)"/>
					<pushbutton control_id="986" name="btn_Next" x="608" y="915" right="197" bottom="26" width="275" height="80" style_class="0" custom_class="PB_104_next" text="다음페이지" font="Noto Sans CJK KR Medium,31.5,500,0,0,0" back_color="00F8F8F8" transparent="1" border="4" image_normal="/BIZ/102/04/next_bt_G__275x80.png" image_down="/BIZ/102/04/next_bt_G__275x80_o.png" box_shadow_effect="0" horz_align="0" text_margin="20,0,0,0" hover_font="맑은 고딕,9,0,0,0,0" version="1.1" on_mouseup="eventfunc:btn_Next_on_mouseup(objInst)"/>
					<text control_id="958" name="txt_num" autosize="0" x="498" y="929" right="558" bottom="30" width="24" height="62" custom_class="TX_104_Yellow" text="1" font="Noto Sans CJK KR Medium,31.5,500,0,0,0" fore_color="0000569D" back_color="00F8F8F8" transparent="1" horz_align="1" version="1.1"/>
				</tab_item>
				<tab_item title="커피" width="207" height="100" panel_color="00F8F8F8">
				</tab_item>
				<tab_item title="아이스크림" width="207" height="100" panel_color="00F8F8F8">
				</tab_item>
				<tab_item title="디저트" width="207" height="100" panel_color="00F8F8F8">
				</tab_item>
			</tab>
			<panel control_id="7" semantic_tag="0" x="0" y="1805" right="0" bottom="0" width="1080" height="115" custom_class="PN_101_back" border="0" boxshadow_type="1" title_font="맑은 고딕,9,0,0,0,0">
				<tab_order order_option="0" order_info="48,230"/>
				<pushbutton control_id="230" name="btn_Acc" arrayindex="0" x="866" y="18" right="14" bottom="17" width="200" height="80" style_class="0" custom_class="PB_101_access" text="접근성" font="Noto Sans KR,31.5,1,0,0,0" fore_color="00FFFFFF" transparent="1" border="4" border_color="00E2E2E2" border_radius="44" image_normal="/BIZ/101/01/PUB/lowsc_bt.png" image_down="/BIZ/101/01/PUB/lowsc_bt_o.png" box_shadow_effect="0" horz_align="0" line_height="62" text_margin="63,0,0,0" text_wordellipsis="0" hover_font="맑은 고딕,9,0,0,0,0" down_color_use="2" down_forecolor="00F8F8F8" letter_spacing="-2.1px" version="1.1" on_mouseup="eventfunc:btn_Acc_on_mouseup(objInst, index)"/>
				<pushbutton control_id="48" name="btn_Prev" x="14" y="18" right="851" bottom="17" width="215" height="80" style_class="0" custom_class="PB_101_Previous" text="이전" font="Noto Sans KR,31.5,1,0,0,0" fore_color="000A0A0A" transparent="1" border="4" border_color="00F6F6F6" border_radius="45" image_normal="/BIZ/101/01/PUB/back_bt.png" image_down="/BIZ/101/01/PUB/back_bt_o.png" image_vert_align="1" box_shadow_effect="0" line_height="62" hover_font="맑은 고딕,9,0,0,0,0" down_color_use="3" down_backcolor="0019AADE" letter_spacing="-2.1px" version="1.1" on_mouseup="eventfunc:btn_Prev_on_mouseup(objInst)"/>
			</panel>
			<panel control_id="994" name="pnl_Menu" semantic_tag="0" x="12" y="1463" right="384" bottom="127" width="684" height="330" custom_class="PN_101_back" border="0" vertscrollbar_style="0" horzscrollbar_style="0" title_font="맑은 고딕,9,0,0,0,0">
				<listview control_id="971" name="list_Menu" x="0" y="0" right="0" bottom="0" width="684" height="330" custom_class="LV_104_listBack" custom_item_class="LV_104_listBack" back_color="00F6F6F6" transparent="0" border="0" column_count="0" item_height="110" item_samplerows="1" item_backcolor="00F6F6F6" item_bordercolor="00B4B4B4" item_dividerowcount="1" item_dividecolor="00F6F6F6" item_selbackcolor="00EBEBEB" item_hoverbackcolor="00EBEBEB" link_data="DS_ORDER" on_itemchange="eventfunc:list_Menu_on_itemchange(objInst, nPrevIndex, nCurrIndex)">
					<image control_id="972" autosize="0" x="10" y="10" right="98" bottom="10" width="576" height="90" custom_class="IM_104_listImg" custom_image_class="IM_104_listImg" transparent="1" border="0" back_image="/BIZ/102/04/list_bar_57690.png" padding="0,0,0,0"/>
					<text control_id="974" name="txt_MN" autosize="0" x="100" y="15" right="332" bottom="17" width="252" height="78" custom_class="TX_101_contents" text="아메리카노" font="Noto Sans CJK KR Medium,31.5,500,0,0,0" back_color="00E1E1E1" transparent="1" link_data="DS_ORDER:menuName" version="1.1"/>
					<pushbutton control_id="978" name="btn_X" arrayindex="0" x="605" y="17" right="8" bottom="13" width="71" height="80" style_class="0" custom_class="PB_104_X" text="" font="맑은 고딕,9,0,0,0,0" transparent="1" border="4" image_normal="/BIZ/102/04/close_bt_G_71x80.png" image_down="/BIZ/102/04/close_bt_G_71x80_o.png" box_shadow_effect="0" hover_font="맑은 고딕,9,0,0,0,0" version="1.1" on_mouseup="eventfunc:btn_X_on_mouseup(objInst, index)"/>
					<pushbutton control_id="979" name="btn_Cha" arrayindex="0" x="496" y="18" right="105" bottom="12" width="83" height="80" style_class="0" custom_class="PB_104_cha" text="변경" font="Noto Sans CJK KR Medium,31.5,500,0,0,0" fore_color="00FFFFFF" transparent="1" border="4" image_normal="/BIZ/102/04/bin_bt_DG_85x80.png" image_down="/BIZ/102/04/bin_bt_DG_85x80_o.png" imagesize="1" box_shadow_effect="0" hover_font="맑은 고딕,9,0,0,0,0" version="1.1" on_mouseup="eventfunc:btn_Cha_on_mouseup(objInst, index)"/>
					<text control_id="991" name="txt_N" autosize="0" x="370" y="17" right="200" bottom="13" width="114" height="80" custom_class="TX_104_YellowNum TX_104_back" text="1" font="Noto Sans CJK KR Bold,28.5,1,0,0,0" border_radius="10" horz_align="1" text_margin="1,1,1,1" link_data="DS_ORDER:count" version="1.1"/>
					<pushbutton control_id="975" name="btn_minus" arrayindex="0" x="364" y="17" right="278" bottom="13" width="42" height="80" style_class="0" custom_class="PB_104_minus" text="" font="맑은 고딕,9,0,0,0,0" transparent="1" border="4" image_normal="/BIZ/102/04/minus_bt_DG_42x80.png" image_down="/BIZ/102/04/minus_bt_DG_42x80_o.png" box_shadow_effect="0" hover_font="맑은 고딕,9,0,0,0,0" version="1.1" on_mouseup="eventfunc:btn_minus_on_mouseup(objInst, index)"/>
					<pushbutton control_id="976" name="btn_plus" arrayindex="0" x="448" y="17" right="194" bottom="13" width="42" height="80" style_class="0" custom_class="PB_104_plus" text="" font="맑은 고딕,9,0,0,0,0" transparent="1" border="4" image_normal="/BIZ/102/04/plus_bt_DG_42x80.png" image_down="/BIZ/102/04/plus_bt_DG_42x80_o.png" box_shadow_effect="0" hover_font="맑은 고딕,9,0,0,0,0" version="1.1" on_mouseup="eventfunc:btn_plus_on_mouseup(objInst, index)"/>
					<numericex_field control_id="993" name="fld_Cir" arrayindex="0" autosize="0" x="477" y="72" right="87" bottom="8" width="120" height="30" font="Noto Sans CJK KR Medium,22.5,500,0,0,0" back_color="000000C4" border="0" box_shadow_effect="0" horz_align="1" hidden="1" default_value="0" max_length="9" pattern="ZZZ,ZZZ,ZZ9"/>
					<text control_id="995" autosize="0" x="24" y="23" right="595" bottom="22" width="65" height="65" text="" font="맑은 고딕,9,0,0,0,0" border_radius="10" version="1.1"/>
					<image control_id="984" autosize="0" x="46" y="32" right="616" bottom="29" width="22" height="49" transparent="0" border="0" border_radius="14" back_imagesize="1" back_imagehorzalign="1" back_imagevertalign="1" horz_align="1" vert_align="1" padding="0,0,0,0" link_data="DS_ORDER:url" imagesize="1"/>
				</listview>
			</panel>
		</panel>
	</map>
</map_list>
