﻿<?xml version="1.0" encoding="UTF-8"?>
<map_list>
	<map>
		<screen version="2.0" scriptcode="java" title="무인카페_음료제조(사용X)" directory="/BIZ/102/04/" screenid="10204009" last_update_date="2025-01-10 16:58:30" width="1080" width_type="0" height="1920" height_type="0" canvas_height="2120" funclist="btn_Next_on_mouseup,btn_Pre_on_mouseup,btn_Home_on_mouseup,btn_Call_on_mouseup,btn_Acc_on_mouseup,time_on_time"/>
		<xlinkdataset id="DS_MENU" desc="" columns="menuName:::&quot;아메리카노&#x0A;카페라떼&#x0A;카페모카&#x0A;바닐라라떼&#x0A;딸기라떼&#x0A;콜드브루&#x0A;초코라떼&#x0A;콜드브루라떼&#x0A;흑당라떼&#x0A;&quot;:;cost:::&quot;1500&#x0A;1500&#x0A;2500&#x0A;3000&#x0A;3000&#x0A;2500&#x0A;2500&#x0A;3500&#x0A;3500&#x0A;&quot;:;url:::&quot;/BIZ/102/04/drink_1.png&#x0A;/BIZ/102/04/drink_2.png&#x0A;/BIZ/102/04/drink_3.png&#x0A;/BIZ/102/04/drink_4.png&#x0A;/BIZ/102/04/drink_5.png&#x0A;/BIZ/102/04/drink_6.png&#x0A;/BIZ/102/04/drink_7.png&#x0A;/BIZ/102/04/drink_8.png&#x0A;/BIZ/102/04/drink_9.png&#x0A;&quot;:"/>
		<xlinkdataset id="DS_ORDER" desc="" columns="menuName:&quot;메뉴명(ex: 아메리카노)&quot;:::;cost:&quot;옵션값이 포함된 가격(ex: 2100)&quot;:::;count:&quot;메뉴갯수(ex: 4)&quot;:::;total_cost:&quot;옵션값*메뉴갯수(cost*count)&quot;:::;url:&quot;이미지 경로&quot;:::;Tem:&quot;(Boolean) 차갑게/뜨겁게(false/true)&quot;:::;Size:&quot;(Number) 작은컵/중간컵/큰컵(0/1/2)&quot;:::;TemSize:&quot;ex: 차갑게/중간컵&quot;:::"/>
		<panel control_id="0" semantic_tag="0" x="0" y="0" right="0" bottom="0" width="1080" height="1920" custom_class="PN_101_back" back_color="00F8F8F8" border="0" title_font="맑은 고딕,9,0,0,0,0">
			<tab_order order_option="0" order_info="6,233,1211,7"/>
			<panel control_id="233" semantic_tag="0" x="0" y="80" right="0" bottom="1690" width="1080" height="150" custom_class="PN_101_bgG" back_color="00B4B4B4" back_image="/BIZ/101/01/PUB/bg_G_1080x150.png" back_imagesize="1" border="0" title_font="맑은 고딕,9,0,0,0,0">
				<tab_order order_option="0" order_info="886"/>
				<text control_id="217" autosize="0" x="37" y="78" right="901" bottom="10" width="142" height="62" custom_class="TX_101_stepDone" text="메뉴선택" font="Noto Sans KR Regular,31.5,0,0,0,0" fore_color="000A0A0A" back_color="00DFDDDC" transparent="1" horz_align="1" line_height="40" letter_spacing="-4.2px" version="1.1"/>
				<text control_id="218" autosize="0" x="250" y="78" right="682" bottom="10" width="148" height="62" custom_class="TX_101_stepDone" text="내역확인" font="Noto Sans KR Regular,31.5,0,0,0,0" back_color="00DFDDDC" transparent="1" horz_align="1" line_height="40" letter_spacing="-2.1px" version="1.1"/>
				<text control_id="219" autosize="0" x="449" y="78" right="449" bottom="10" width="182" height="62" custom_class="TX_101_stepDone" text="결제하기" font="Noto Sans KR Regular,31.5,0,0,0,0" back_color="00DFDDDC" transparent="1" horz_align="1" line_height="40" letter_spacing="-4.2px" version="1.1"/>
				<text control_id="222" autosize="0" x="685" y="78" right="247" bottom="10" width="148" height="62" custom_class="TX_101_stepDone" text="음료제조" font="Noto Sans KR Regular,31.5,0,0,0,0" back_color="00DFDDDC" transparent="1" horz_align="1" line_height="40" letter_spacing="-2.1px" version="1.1"/>
				<text control_id="223" autosize="0" x="940" y="78" right="64" bottom="10" width="76" height="62" custom_class="TX_101_step" text="완료" font="Noto Sans KR Regular,31.5,0,0,0,0" fore_color="006C5E5A" back_color="00DFDDDC" transparent="1" horz_align="1" line_height="40" letter_spacing="-2.1px" version="1.1"/>
				<panel control_id="886" semantic_tag="0" x="76" y="7" right="76" bottom="69" width="928" height="74" custom_class="PN_104_stepBar_4" transparent="1" back_image="/BIZ/102/04/comn_5step_BR_bar_4.png" border="0" title_font="맑은 고딕,9,0,0,0,0"></panel>
			</panel>
			<panel control_id="7" semantic_tag="0" x="0" y="1805" right="0" bottom="0" width="1080" height="115" custom_class="PN_101_back" border="0" boxshadow_type="1" title_font="맑은 고딕,9,0,0,0,0">
				<pushbutton control_id="230" name="btn_Acc" x="866" y="18" right="14" bottom="17" width="200" height="80" style_class="0" custom_class="PB_101_access" text="접근성" font="Noto Sans KR,31.5,1,0,0,0" fore_color="00FFFFFF" transparent="1" border="4" border_color="00E2E2E2" border_radius="44" image_normal="/BIZ/101/01/PUB/lowsc_bt.png" image_down="/BIZ/101/01/PUB/lowsc_bt_o.png" box_shadow_effect="0" horz_align="0" line_height="62" text_margin="63,0,0,0" text_wordellipsis="0" hover_font="맑은 고딕,9,0,0,0,0" down_color_use="2" down_forecolor="00F8F8F8" letter_spacing="-2.1px" version="1.1" on_mouseup="eventfunc:btn_Acc_on_mouseup(objInst)"/>
			</panel>
			<panel control_id="6" semantic_tag="0" x="0" y="0" right="0" bottom="1840" width="1080" height="80" custom_class="PN_101_back" border="0" vertscrollbar_style="0" horzscrollbar_style="0" boxshadow_type="1" title_font="맑은 고딕,9,0,0,0,0">
				<tab_order order_option="0" order_info="192,214,193,888"/>
				<pushbutton control_id="192" name="btn_Home" x="14" y="5" right="866" bottom="5" width="200" height="70" style_class="0" custom_class="PB_101_home" text="처음으로" font="Noto Sans KR Medium,31.5,500,0,0,0" fore_color="000A0A0A" back_color="00FBFBFB" border="4" border_color="007A665E" border_radius="35,35,35,35" image_normal="/BIZ/101/01/PUB/home_bt_G.png" image_down="/BIZ/101/01/PUB/home_bt_G_o.png" image_vert_align="1" box_shadow_effect="0" horz_align="0" line_height="62" text_margin="40,0,0,0" hover_font="맑은 고딕,9,0,0,0,0" down_color_use="3" down_backcolor="006D574E" letter_spacing="-2.1px" version="1.1" on_mouseup="eventfunc:btn_Home_on_mouseup(objInst)"/>
				<pushbutton control_id="193" name="btn_Call" x="866" y="5" right="14" bottom="5" width="200" height="70" style_class="0" custom_class="PB_101_call" text="직원호출" font="Noto Sans KR Medium,31.5,500,0,0,0" fore_color="00FFFFFF" back_color="00FBFBFB" border="4" border_color="000000D1" border_radius="35" image_normal="/BIZ/101/01/PUB/call_bt_R.png" image_down="/BIZ/101/01/PUB/call_bt_R_o.png" image_vert_align="1" box_shadow_effect="0" horz_align="0" line_height="62" text_margin="39,0,0,0" hover_font="맑은 고딕,9,0,0,0,0" down_color_use="3" down_backcolor="0011119C" letter_spacing="-2.1px" version="1.1" on_mouseup="eventfunc:btn_Call_on_mouseup(objInst)"/>
				<pushbutton control_id="214" name="btn_Flag" x="758" y="5" right="252" bottom="5" width="70" height="70" style_class="0" custom_class="PB_101_selLanguage" text="" font="Noto Sans CJK KR,32,0,0,0,0" fore_color="000A0A0A" transparent="1" border="4" border_color="00E2E2E2" border_radius="44" image_normal="/BIZ/101/01/PUB/language_lound_bt.png" image_down="/BIZ/101/01/PUB/language_lound_kr_bt_o.png" box_shadow_effect="0" horz_align="2" line_height="62" text_margin="" text_wordellipsis="0" hover_font="맑은 고딕,9,0,0,0,0" down_color_use="2" down_forecolor="00F8F8F8" version="1.1"/>
				<pushbutton control_id="888" x="416" y="25" right="416" bottom="23" width="248" height="32" style_class="0" text="" font="맑은 고딕,9,0,0,0,0" transparent="1" border="4" image_normal="/BIZ/102/04/logo_cafe.png" imagesize="1" box_shadow_effect="0" hover_font="맑은 고딕,9,0,0,0,0" version="1.1"/>
			</panel>
			<text control_id="985" autosize="0" x="0" y="388" right="0" bottom="1443" width="1080" height="89" custom_class="TX_104_Yellow" text="음료 제조 중" font="Noto Sans CJK KR Bold,45,1,0,0,0" fore_color="0000579E" transparent="1" back_imagehorzalign="1" horz_align="1" version="1.1"/>
			<text control_id="1204" autosize="0" x="0" y="468" right="0" bottom="1363" width="1080" height="89" custom_class="TX_104_WhiteTxt" text="잠시만 기다려 주세요" font="Noto Sans CJK KR Bold,45,1,0,0,0" transparent="1" back_imagehorzalign="1" horz_align="1" version="1.1"/>
			<text control_id="1209" autosize="0" x="0" y="927" right="0" bottom="904" width="1080" height="89" custom_class="TX_104_WhiteTxt" text="아메리카노(차갑게/중간컵)" font="Noto Sans CJK KR Medium,41.3,500,0,0,0" transparent="1" back_imagehorzalign="1" horz_align="1" version="1.1"/>
			<text control_id="1210" name="time_txt" autosize="0" x="0" y="1002" right="0" bottom="829" width="1080" height="89" custom_class="TX_104_Yellow" text="30초 남음" font="Noto Sans CJK KR Medium,41.3,500,0,0,0" fore_color="0000579E" transparent="1" back_imagehorzalign="1" horz_align="1" version="1.1"/>
			<panel control_id="1211" semantic_tag="0" x="0" y="1135" right="0" bottom="117" width="1080" height="668" back_color="00233347" border="0" title_font="맑은 고딕,9,0,0,0,0">
				<tab_order order_option="0" order_info="1228,1230,1223,984,1212"/>
				<pushbutton control_id="984" x="187" y="509" right="618" bottom="79" width="275" height="80" style_class="0" custom_class="PB_104_prev" text="이전페이지" font="Noto Sans CJK KR Medium,31.5,500,0,0,0" fore_color="00233347" transparent="1" border="4" image_normal="/BIZ/102/04/pre_bt_W_275x80.png" box_shadow_effect="0" horz_align="2" text_margin="0,20,0,0" hover_font="맑은 고딕,9,0,0,0,0" version="1.1" on_mouseup="eventfunc:btn_Pre_on_mouseup(objInst)"/>
				<text control_id="958" autosize="0" x="504" y="524" right="552" bottom="82" width="24" height="62" custom_class="TX_104_Yellow" text="1" font="Noto Sans CJK KR Medium,31.5,500,0,0,0" fore_color="0000569D" transparent="1" horz_align="1" version="1.1"/>
				<text control_id="960" autosize="0" x="528" y="524" right="528" bottom="82" width="24" height="62" custom_class="TX_104_WhiteTxt" text="/" font="Noto Sans CJK KR Medium,31.5,500,0,0,0" fore_color="000A0A0A" transparent="1" horz_align="1" version="1.1"/>
				<text control_id="961" autosize="0" x="552" y="524" right="504" bottom="82" width="24" height="62" custom_class="TX_104_WhiteTxt" text="1" font="Noto Sans CJK KR Medium,31.5,500,0,0,0" fore_color="000A0A0A" transparent="1" horz_align="1" version="1.1"/>
				<pushbutton control_id="1212" x="618" y="509" right="187" bottom="79" width="275" height="80" style_class="0" custom_class="PB_104_next" text="다음페이지" font="Noto Sans CJK KR Medium,31.5,500,0,0,0" transparent="1" border="4" image_normal="/BIZ/102/04/next_bt_G__275x80.png" image_down="/BIZ/102/04/next_bt_G__275x80_o.png" box_shadow_effect="0" horz_align="0" text_margin="20,0,0,0" hover_font="맑은 고딕,9,0,0,0,0" version="1.1" on_mouseup="eventfunc:btn_Next_on_mouseup(objInst)"/>
				<panel control_id="1223" semantic_tag="0" x="127" y="184" right="701" bottom="214" width="252" height="270" custom_class="PB_104_menuBackp" back_image="/BIZ/102/04/list_252-270_line_o.png" border="0" border_radius="15" vertscrollbar_style="0" horzscrollbar_style="0" title_font="Noto Sans CJK KR Medium,31.5,500,0,0,0">
					<text control_id="1224" autosize="0" x="6" y="114" right="6" bottom="102" width="240" height="54" custom_class="TX_104_WhiteTxt" text="카페라떼" font="Noto Sans CJK KR Medium,31.5,500,0,0,0" transparent="1" horz_align="1" link_data="DS_ORDER:menuName" version="1.1"/>
					<text control_id="1225" autosize="0" x="6" y="162" right="6" bottom="54" width="240" height="54" custom_class="TX_104_WhiteTxt" text="뜨겁게/중간컵" font="Noto Sans CJK KR Medium,31.5,500,0,0,0" transparent="1" horz_align="1" letter_spacing="-2px" link_data="DS_ORDER:TemSize" version="1.1"/>
					<text control_id="1226" autosize="0" x="6" y="210" right="6" bottom="6" width="240" height="54" custom_class="TX_104_Yellow" text="1개" font="Noto Sans CJK KR Medium,31.5,500,0,0,0" fore_color="0000569D" transparent="1" horz_align="1" link_data="DS_ORDER:count" version="1.1"/>
					<image control_id="1227" autosize="0" x="84" y="6" right="78" bottom="168" width="90" height="96" transparent="1" border="0" back_image="/BIZ/102/04/drink_2_b.png" back_imagesize="5" back_imagehorzalign="1" padding="0,0,0,0"/>
					<line control_id="1007" x1="10" y1="108" x2="240" y2="108" right="12" bottom="162" line_width="1" line_color="00D2D2D2"/>
				</panel>
				<panel control_id="1228" semantic_tag="0" x="239" y="141" right="826" bottom="514" width="15" height="13" back_color="00233347" transparent="1" back_image="/BIZ/102/04/arrow_ico.png" border="0" title_font="맑은 고딕,9,0,0,0,0"></panel>
				<panel control_id="1230" semantic_tag="0" x="256" y="141" right="809" bottom="514" width="15" height="13" back_color="00233347" transparent="1" back_image="/BIZ/102/04/arrow_ico.png" border="0" title_font="맑은 고딕,9,0,0,0,0"></panel>
				<text control_id="1231" autosize="0" x="194" y="63" right="760" bottom="543" width="126" height="62" text="진행 중" font="Noto Sans CJK KR Medium,31.5,500,0,0,0" fore_color="00FFFFFF" back_color="0000107B" transparent="1" version="1.1"/>
			</panel>
			<image control_id="1232" autosize="0" x="366" y="617" right="348" bottom="1022" width="366" height="281" transparent="1" border="0" back_image="/BIZ/102/04/drink_2_b.png" back_imagesize="5" padding="0,0,0,0"/>
			<line control_id="1001" x1="0" y1="1134" x2="1080" y2="1134" right="0" bottom="786"/>
			<timer control_id="1233" name="time" x="372" y="1038" width="28" height="28" enable="0" on_time="eventfunc:time_on_time(objInst)"/>
		</panel>
	</map>
</map_list>
