﻿<?xml version="1.0" encoding="UTF-8"?>
<map_list>
	<map>
		<screen version="2.0" scriptcode="java" title="무인카페_내역확인" directory="/BIZ/102/04/" screenid="10204004" last_update_date="2025-01-20 17:33:59" width="1080" width_type="0" height="1920" height_type="0" canvas_height="2120" funclist="btn_Home_on_mouseup,btn_Acc_on_mouseup,btn_Call_on_mouseup,btn_Prev_on_mouseup,btn_Pre_on_mouseup,btn_Next_on_mouseup,btn_Clo_on_mouseup,btn_minus_on_mouseup,btn_plus_on_mouseup,fn_setTotalText,fn_setPanelHeight,btn_X_on_mouseup,btn_ord_on_mouseup,fn_trancomplete,fld_Mon_1_on_change"/>
		<xlinkdataset id="DS_MENU" desc="" columns="menuId:::&quot;AM&#x0A;CL&#x0A;CM&#x0A;BL&#x0A;SL&#x0A;CB&#x0A;CL&#x0A;CBL&#x0A;HL&#x0A;&quot;:;menuName:::&quot;아메리카노&#x0A;카페라떼&#x0A;카페모카&#x0A;바닐라라떼&#x0A;딸기라떼&#x0A;콜드브루&#x0A;초코라떼&#x0A;콜드브루라떼&#x0A;흑당라떼&#x0A;&quot;:;cost:::&quot;1500&#x0A;1500&#x0A;2500&#x0A;3000&#x0A;3000&#x0A;2500&#x0A;2500&#x0A;3500&#x0A;3500&#x0A;&quot;:;url:::&quot;/BIZ/102/04/drink_1.png&#x0A;/BIZ/102/04/drink_2.png&#x0A;/BIZ/102/04/drink_3.png&#x0A;/BIZ/102/04/drink_4.png&#x0A;/BIZ/102/04/drink_5.png&#x0A;/BIZ/102/04/drink_6.png&#x0A;/BIZ/102/04/drink_7.png&#x0A;/BIZ/102/04/drink_8.png&#x0A;/BIZ/102/04/drink_9.png&#x0A;&quot;:"/>
		<xlinkdataset id="DS_ORDER" desc="" columns="menuName:&quot;메뉴명(ex: 아메리카노)&quot;:::;cost:&quot;옵션값이 포함된 가격(ex: 2100)&quot;:::;count:&quot;메뉴갯수(ex: 4)&quot;:::;total_cost:&quot;옵션값*메뉴갯수(cost*count)&quot;:::;url:&quot;이미지 경로&quot;:::;Tem:&quot;(Boolean) 차갑게/뜨겁게(false/true)&quot;:::;Size:&quot;(Number) 작은컵/중간컵/큰컵(0/1/2)&quot;:::;TemSize:&quot;ex: 차갑게/중간컵&quot;:::;menuNameTemSize:&quot;메뉴명(차갑게/중간컵)&quot;:::"/>
		<panel control_id="0" semantic_tag="0" x="0" y="0" right="0" bottom="0" width="1080" height="1920" custom_class="PN_101_back" back_color="00F6F6F6" border="0" title_font="맑은 고딕,9,0,0,0,0">
			<tab_order order_option="0" order_info="6,233,986,994,1022,1023,952,1014,1015,953,1016,1019,7"/>
			<panel control_id="233" semantic_tag="0" x="0" y="80" right="0" bottom="1690" width="1080" height="150" custom_class="PN_101_bgG" back_color="00B4B4B4" back_image="/BIZ/101/01/PUB/bg_G_1080x150.png" back_imagesize="1" border="0" title_font="맑은 고딕,9,0,0,0,0">
				<tab_order order_option="0" order_info="886"/>
				<text control_id="217" autosize="0" x="37" y="78" right="901" bottom="10" width="142" height="62" custom_class="TX_101_stepDone" text="메뉴선택" font="Noto Sans KR Regular,31.5,0,0,0,0" fore_color="000A0A0A" back_color="00DFDDDC" transparent="1" horz_align="1" line_height="40" letter_spacing="-4.2px" version="1.1"/>
				<text control_id="218" autosize="0" x="250" y="78" right="682" bottom="10" width="148" height="62" custom_class="TX_101_stepDone" text="내역확인" font="Noto Sans KR Regular,31.5,0,0,0,0" back_color="00DFDDDC" transparent="1" horz_align="1" line_height="40" letter_spacing="-2.1px" version="1.1"/>
				<text control_id="219" autosize="0" x="449" y="78" right="449" bottom="10" width="182" height="62" custom_class="TX_101_step" text="결제하기" font="Noto Sans KR Regular,31.5,0,0,0,0" fore_color="006C5E5A" back_color="00DFDDDC" transparent="1" horz_align="1" line_height="40" letter_spacing="-4.2px" version="1.1"/>
				<text control_id="222" autosize="0" x="685" y="78" right="247" bottom="10" width="148" height="62" custom_class="TX_101_step" text="음료제조" font="Noto Sans KR Regular,31.5,0,0,0,0" fore_color="006C5E5A" back_color="00DFDDDC" transparent="1" horz_align="1" line_height="40" letter_spacing="-2.1px" version="1.1"/>
				<text control_id="223" autosize="0" x="940" y="78" right="64" bottom="10" width="76" height="62" custom_class="TX_101_step" text="완료" font="Noto Sans KR Regular,31.5,0,0,0,0" fore_color="006C5E5A" back_color="00DFDDDC" transparent="1" horz_align="1" line_height="40" letter_spacing="-2.1px" version="1.1"/>
				<panel control_id="886" semantic_tag="0" x="76" y="7" right="76" bottom="69" width="928" height="74" custom_class="PN_104_stepBar_2" back_color="00E1E1E1" transparent="1" back_image="/BIZ/102/04/comn_5step_BR_bar_2.png" border="0" title_font="맑은 고딕,9,0,0,0,0"></panel>
			</panel>
			<panel control_id="7" semantic_tag="0" x="0" y="1805" right="0" bottom="0" width="1080" height="115" custom_class="PN_101_back" border="0" boxshadow_type="1" title_font="맑은 고딕,9,0,0,0,0">
				<tab_order order_option="0" order_info="48,230"/>
				<pushbutton control_id="230" name="btn_Acc" x="866" y="18" right="14" bottom="17" width="200" height="80" style_class="0" custom_class="PB_101_access" text="접근성" font="Noto Sans KR,31.5,1,0,0,0" fore_color="00FFFFFF" transparent="1" border="4" border_color="00E2E2E2" border_radius="44" image_normal="/BIZ/101/01/PUB/lowsc_bt.png" image_down="/BIZ/101/01/PUB/lowsc_bt_o.png" box_shadow_effect="0" horz_align="0" line_height="62" text_margin="63,0,0,0" text_wordellipsis="0" hover_font="맑은 고딕,9,0,0,0,0" down_color_use="2" down_forecolor="00F8F8F8" letter_spacing="-2.1px" version="1.1" on_mouseup="eventfunc:btn_Acc_on_mouseup(objInst)"/>
				<pushbutton control_id="48" name="btn_Prev" x="14" y="18" right="851" bottom="17" width="215" height="80" style_class="0" custom_class="PB_101_Previous" text="이전" font="Noto Sans KR,31.5,1,0,0,0" fore_color="000A0A0A" transparent="1" border="4" border_color="00F6F6F6" border_radius="45" image_normal="/BIZ/101/01/PUB/back_bt.png" image_down="/BIZ/101/01/PUB/back_bt_o.png" image_vert_align="1" box_shadow_effect="0" line_height="62" hover_font="맑은 고딕,9,0,0,0,0" down_color_use="3" down_backcolor="0019AADE" letter_spacing="-2.1px" version="1.1" on_mouseup="eventfunc:btn_Prev_on_mouseup(objInst)"/>
			</panel>
			<panel control_id="6" semantic_tag="0" x="0" y="0" right="0" bottom="1840" width="1080" height="80" custom_class="PN_101_back" border="0" vertscrollbar_style="0" horzscrollbar_style="0" boxshadow_type="1" title_font="맑은 고딕,9,0,0,0,0">
				<tab_order order_option="0" order_info="192,214,193,888"/>
				<pushbutton control_id="192" name="btn_Home" x="14" y="5" right="866" bottom="5" width="200" height="70" style_class="0" custom_class="PB_101_home" text="처음으로" font="Noto Sans KR Medium,31.5,500,0,0,0" fore_color="000A0A0A" back_color="00FBFBFB" border="4" border_color="007A665E" border_radius="35,35,35,35" image_normal="/BIZ/101/01/PUB/home_bt_G.png" image_down="/BIZ/101/01/PUB/home_bt_G_o.png" image_vert_align="1" box_shadow_effect="0" horz_align="0" line_height="62" text_margin="40,0,0,0" hover_font="맑은 고딕,9,0,0,0,0" down_color_use="3" down_backcolor="006D574E" letter_spacing="-2.1px" version="1.1" on_mouseup="eventfunc:btn_Home_on_mouseup(objInst)"/>
				<pushbutton control_id="193" name="btn_Call" x="866" y="5" right="14" bottom="5" width="200" height="70" style_class="0" custom_class="PB_101_call" text="직원호출" font="Noto Sans KR Medium,31.5,500,0,0,0" fore_color="00FFFFFF" back_color="00FBFBFB" border="4" border_color="000000D1" border_radius="35" image_normal="/BIZ/101/01/PUB/call_bt_R.png" image_down="/BIZ/101/01/PUB/call_bt_R_o.png" image_vert_align="1" box_shadow_effect="0" horz_align="0" line_height="62" text_margin="39,0,0,0" hover_font="맑은 고딕,9,0,0,0,0" down_color_use="3" down_backcolor="0011119C" letter_spacing="-2.1px" version="1.1" on_mouseup="eventfunc:btn_Call_on_mouseup(objInst)"/>
				<pushbutton control_id="214" name="btn_Flag" x="758" y="5" right="252" bottom="5" width="70" height="70" style_class="0" custom_class="PB_101_selLanguage" text="" font="Noto Sans CJK KR,32,0,0,0,0" fore_color="000A0A0A" transparent="1" border="4" border_color="00E2E2E2" border_radius="44" image_normal="/BIZ/101/01/PUB/language_lound_bt.png" image_down="/BIZ/101/01/PUB/language_lound_kr_bt_o.png" box_shadow_effect="0" horz_align="2" line_height="62" text_margin="" text_wordellipsis="0" hover_font="맑은 고딕,9,0,0,0,0" down_color_use="2" down_forecolor="00F8F8F8" version="1.1"/>
				<pushbutton control_id="888" x="416" y="25" right="416" bottom="23" width="248" height="32" style_class="0" text="" font="맑은 고딕,9,0,0,0,0" transparent="1" border="4" image_normal="/BIZ/102/04/logo_cafe.png" imagesize="1" box_shadow_effect="0" hover_font="맑은 고딕,9,0,0,0,0" version="1.1"/>
			</panel>
			<text control_id="958" name="txt_num" autosize="0" x="498" y="1200" right="558" bottom="658" width="24" height="62" custom_class="TX_104_Yellow" text="1" font="Noto Sans CJK KR Medium,31.5,500,0,0,0" fore_color="0000569D" back_color="00F6F6F6" transparent="1" horz_align="1" version="1.1"/>
			<text control_id="960" autosize="0" x="522" y="1200" right="534" bottom="658" width="24" height="62" custom_class="TX_104_WhiteTxt" text="/" font="Noto Sans CJK KR Medium,31.5,500,0,0,0" fore_color="000A0A0A" back_color="00F6F6F6" transparent="1" horz_align="1" version="1.1"/>
			<text control_id="961" name="txt_down" autosize="0" x="546" y="1200" right="510" bottom="658" width="24" height="62" custom_class="TX_104_WhiteTxt" text="3" font="Noto Sans CJK KR Medium,31.5,500,0,0,0" fore_color="000A0A0A" back_color="00F6F6F6" transparent="1" horz_align="1" version="1.1"/>
			<text control_id="985" autosize="0" x="0" y="261" right="0" bottom="1570" width="1080" height="89" custom_class="TX_104_WhiteTxt" text="&lt;font class=&quot;TX_104_Yellow&quot; color = &quot;#8A4813&quot;&gt; 내역을 확인&lt;/font&gt;하시고 &lt;font class=&quot;TX_104_Yellow&quot; color = &quot;#8A4813&quot;&gt;결제&lt;/font&gt;하세요" font="Noto Sans CJK KR Bold,45,1,0,0,0" back_color="00F8F8F8" transparent="1" back_imagehorzalign="1" horz_align="1" version="1.1"/>
			<panel control_id="986" semantic_tag="0" x="0" y="389" right="0" bottom="1441" width="1080" height="90" back_color="00243347" border="0" title_font="맑은 고딕,9,0,0,0,0">
				<text control_id="987" autosize="0" x="75" y="14" right="927" bottom="14" width="78" height="62" text="상품" font="Noto Sans CJK KR Bold,31.5,1,0,0,0" fore_color="00FFFFFF" back_color="00243347" transparent="1" version="1.1"/>
				<text control_id="988" autosize="0" x="521" y="14" right="481" bottom="14" width="78" height="62" text="수량" font="Noto Sans CJK KR Bold,31.5,1,0,0,0" fore_color="00FFFFFF" back_color="00243347" transparent="1" version="1.1"/>
				<text control_id="989" autosize="0" x="777" y="14" right="225" bottom="14" width="78" height="62" text="가격" font="Noto Sans CJK KR Bold,31.5,1,0,0,0" fore_color="00FFFFFF" back_color="00243347" transparent="1" version="1.1"/>
			</panel>
			<line control_id="1001" x1="0" y1="1326" x2="1080" y2="1326" right="0" bottom="594"/>
			<text control_id="1002" autosize="0" x="93" y="1395" right="835" bottom="477" width="152" height="48" custom_class="TX_104_WhiteTxt" text="총 수량" font="Noto Sans CJK KR Medium,32.3,500,0,0,0" back_color="00F8F8F8" transparent="1" version="1.1"/>
			<text control_id="1003" autosize="0" x="93" y="1473" right="835" bottom="399" width="152" height="48" custom_class="TX_104_WhiteTxt" text="구매금액" font="Noto Sans CJK KR Medium,32.3,500,0,0,0" back_color="00F8F8F8" transparent="1" version="1.1"/>
			<text control_id="1004" autosize="0" x="93" y="1555" right="835" bottom="317" width="152" height="48" custom_class="TX_104_WhiteTxt" text="할인금액" font="Noto Sans CJK KR Medium,32.3,500,0,0,0" back_color="00F8F8F8" transparent="1" version="1.1"/>
			<line control_id="965" x1="294" y1="1403" x2="294" y2="1443" right="786" bottom="477" line_color="005A5A5A"/>
			<line control_id="1005" x1="294" y1="1482" x2="294" y2="1522" right="786" bottom="398" line_color="005A5A5A"/>
			<line control_id="1006" x1="294" y1="1566" x2="294" y2="1606" right="786" bottom="314" line_color="005A5A5A"/>
			<line control_id="1007" x1="93" y1="1662" x2="700" y2="1662" right="380" bottom="258"/>
			<pushbutton control_id="952" name="btn_Clo" x="779" y="1383" right="51" bottom="432" width="250" height="105" style_class="0" custom_class="PB_104_205105" text="취소" font="Noto Sans CJK KR Medium,35.3,500,0,0,0" fore_color="00FFFFFF" back_color="00F6F6F6" transparent="1" border="4" image_normal="/BIZ/102/04/bin_bt_G_250x105.png" box_shadow_effect="0" hover_font="맑은 고딕,9,0,0,0,0" version="1.1" on_mouseup="eventfunc:btn_Clo_on_mouseup(objInst)"/>
			<pushbutton control_id="953" name="btn_ord" x="779" y="1507" right="51" bottom="153" width="250" height="260" style_class="0" custom_class="PB_104_250216" text="결제하기" font="Noto Sans CJK KR Medium,35.3,500,0,0,0" fore_color="00FFFFFF" back_color="00F6F6F6" transparent="1" border="4" image_normal="/BIZ/102/04/bin_bt_BR_250x216.png" imagesize="1" box_shadow_effect="0" hover_font="맑은 고딕,9,0,0,0,0" version="1.1" on_mouseup="eventfunc:btn_ord_on_mouseup(objInst)"/>
			<text control_id="1010" autosize="0" x="655" y="1396" right="386" bottom="462" width="39" height="62" custom_class="TX_104_WhiteTxt" text="개" font="Noto Sans CJK KR Medium,31.5,500,0,0,0" back_color="00F8F8F8" transparent="1" version="1.1"/>
			<text control_id="1011" autosize="0" x="655" y="1474" right="386" bottom="384" width="39" height="62" custom_class="TX_104_WhiteTxt" text="원" font="Noto Sans CJK KR Medium,31.5,500,0,0,0" back_color="00F8F8F8" transparent="1" version="1.1"/>
			<text control_id="1012" autosize="0" x="655" y="1554" right="386" bottom="304" width="39" height="62" custom_class="TX_104_WhiteTxt" text="원" font="Noto Sans CJK KR Medium,31.5,500,0,0,0" back_color="00F8F8F8" transparent="1" version="1.1"/>
			<numericex_field control_id="1014" name="fld_Qua_1" autosize="0" x="384" y="1386" right="441" bottom="460" width="255" height="74" custom_class="TX_104_White" font="Noto Sans CJK KR Bold,31.5,1,0,0,0" back_color="00F8F8F8" transparent="1" border="0" box_shadow_effect="0" horz_align="1" input_type="2" default_value="1" max_length="2"/>
			<numericex_field control_id="1015" name="fld_Mon_1" autosize="0" x="384" y="1465" right="441" bottom="381" width="255" height="74" custom_class="TX_104_White" font="Noto Sans CJK KR Bold,31.5,1,0,0,0" back_color="00F8F8F8" transparent="1" border="0" box_shadow_effect="0" horz_align="1" input_type="2" default_value="2000" max_length="7" pattern="Z,ZZZ,ZZ9" on_change="eventfunc:fld_Mon_1_on_change(objInst, event_type)"/>
			<numericex_field control_id="1016" name="fld_dis_1" autosize="0" x="384" y="1545" right="441" bottom="301" width="255" height="74" custom_class="TX_104_White" font="Noto Sans CJK KR Bold,31.5,1,0,0,0" back_color="00F8F8F8" transparent="1" border="0" box_shadow_effect="0" horz_align="1" input_type="2" default_value="500" max_length="7" pattern="Z,ZZZ,ZZ9" pattern_front_symbol="-"/>
			<text control_id="1017" autosize="0" x="92" y="1680" right="776" bottom="151" width="212" height="89" custom_class="TX_104_Yellow" text="결제금액" font="Noto Sans CJK KR Bold,45,1,0,0,0" fore_color="0013488A" back_color="00F8F8F8" transparent="1" version="1.1"/>
			<numericex_field control_id="1019" name="fld_Pay_1" autosize="0" x="384" y="1686" right="441" bottom="160" width="255" height="74" custom_class="TX_104_YellowNum" font="Noto Sans CJK KR Bold,52.5,1,0,0,0" fore_color="0013488A" back_color="00F8F8F8" transparent="1" border="0" box_shadow_effect="0" horz_align="1" input_type="2" default_value="1500" max_length="7" pattern="Z,ZZZ,ZZ9"/>
			<text control_id="1020" autosize="0" x="655" y="1704" right="386" bottom="154" width="39" height="62" custom_class="TX_104_Yellow" text="원" font="Noto Sans CJK KR Medium,31.5,500,0,0,0" fore_color="0000569D" back_color="00F8F8F8" transparent="1" version="1.1"/>
			<pushbutton control_id="1022" name="btn_Pre" x="194" y="1185" right="611" bottom="635" width="275" height="100" style_class="0" custom_class="PB_104_upPrev" text="이전페이지" font="Noto Sans CJK KR Medium,31.5,500,0,0,0" back_color="00F6F6F6" transparent="1" border="4" image_normal="/BIZ/102/04/pre_bt_G_270x100.png" image_down="/BIZ/102/04/pre_bt_G_270x100_o.png" image_horz_align="1" box_shadow_effect="0" horz_align="2" text_margin="0,20,0,0" hover_font="맑은 고딕,9,0,0,0,0" version="1.1" on_mouseup="eventfunc:btn_Pre_on_mouseup(objInst)"/>
			<pushbutton control_id="1023" name="btn_Next" x="600" y="1185" right="205" bottom="635" width="275" height="100" style_class="0" custom_class="PB_104_downNext" text="다음페이지" font="Noto Sans CJK KR Medium,31.5,500,0,0,0" back_color="00F6F6F6" transparent="1" border="4" image_normal="/BIZ/102/04/next_bt_G_270x100.png" image_down="/BIZ/102/04/next_bt_G_270x100_o.png" image_horz_align="1" box_shadow_effect="0" horz_align="0" text_margin="20,0,0,0" hover_font="맑은 고딕,9,0,0,0,0" version="1.1" on_mouseup="eventfunc:btn_Next_on_mouseup(objInst)"/>
			<panel control_id="994" name="pnl_Menu" semantic_tag="0" x="0" y="480" right="0" bottom="786" width="1080" height="654" border="0" horzscrollbar_style="0" title_font="맑은 고딕,9,0,0,0,0">
				<listview control_id="990" name="list_Menu" x="0" y="0" right="0" bottom="0" width="1080" height="654" custom_class="LV_104_listBack" custom_item_class="LV_104_listBack" back_color="00F6F6F6" transparent="0" border="0" column_count="0" item_height="163" item_samplerows="1" item_backcolor="00F6F6F6" item_bordercolor="00B4B4B4" item_dividerowcount="1" item_dividecolor="00F6F6F6" item_selbackcolor="00EBEBEB" item_hoverbackcolor="00EBEBEB" link_data="DS_ORDER">
					<image control_id="991" autosize="0" x="51" y="22" right="909" bottom="21" width="120" height="120" transparent="0" border="0" border_radius="10" back_imagesize="5" back_imagehorzalign="1" back_imagevertalign="1" back_imagefillstyle="1" horz_align="1" vert_align="1" padding="0,0,0,0" link_data="DS_ORDER:url"/>
					<text control_id="992" autosize="0" x="180" y="30" right="642" bottom="85" width="258" height="48" custom_class="TX_101_contents" text="아메리카노" font="Noto Sans CJK KR Medium,31.5,500,0,0,0" back_color="00F8F8F8" transparent="1" letter_spacing="-2.1px" link_data="DS_ORDER:menuName" version="1.1"/>
					<text control_id="993" autosize="0" x="180" y="88" right="639" bottom="27" width="261" height="48" custom_class="TX_101_contents" text="(차갑게/중간컵)" font="Noto Sans CJK KR Medium,31.5,500,0,0,0" back_color="00F8F8F8" transparent="1" letter_spacing="-2.1px" link_data="DS_ORDER:TemSize" version="1.1"/>
					<numericex_field control_id="1024" name="txt_N" arrayindex="0" autosize="0" x="445" y="17" right="405" bottom="16" width="230" height="130" custom_input_class="TX_104_back" font="Noto Sans CJK KR Bold,31.5,1,0,0,0" border_color="00C2C2C2" border_radius="14" border_ex="0,1,00C2C2C2,,0,0-0-0-0,0,0,1,0,00FFFFFF,00E1E1E1^0,0,00B4B4B4,1^0,0,00B4B4B4,1^0,0,00B4B4B4,1^0,0,00B4B4B4,1" box_shadow_effect="0" horz_align="2" link_data="DS_ORDER:count" input_type="2" default_value="1" max_length="2"/>
					<pushbutton control_id="995" name="btn_minus" arrayindex="0" x="450" y="24" right="565" bottom="24" width="65" height="115" style_class="0" custom_class="PB_104_minus" text="" font="맑은 고딕,9,0,0,0,0" transparent="1" border="4" image_normal="/BIZ/102/04/minus_bt_DG_65x115.png" image_down="/BIZ/102/04/minus_bt_DG_65x115_o.png" imagesize="1" box_shadow_effect="0" hover_font="맑은 고딕,9,0,0,0,0" version="1.1" on_mouseup="eventfunc:btn_minus_on_mouseup(objInst, index)"/>
					<pushbutton control_id="996" name="btn_plus" arrayindex="0" x="606" y="24" right="409" bottom="24" width="65" height="115" style_class="0" custom_class="PB_104_plus" text="" font="맑은 고딕,9,0,0,0,0" transparent="1" border="4" image_normal="/BIZ/102/04/plus_bt_DG_65x115.png" image_down="/BIZ/102/04/plus_bt_DG_65x115_o.png" imagesize="1" box_shadow_effect="0" hover_font="맑은 고딕,9,0,0,0,0" version="1.1" on_mouseup="eventfunc:btn_plus_on_mouseup(objInst, index)"/>
					<text control_id="998" autosize="0" x="859" y="50" right="182" bottom="51" width="39" height="62" custom_class="TX_101_contents" text="원" font="Noto Sans CJK KR Bold,36,1,0,0,0" back_color="00F8F8F8" transparent="1" version="1.1"/>
					<pushbutton control_id="999" name="btn_X" arrayindex="0" x="930" y="33" right="50" bottom="30" width="100" height="100" style_class="0" custom_class="PB_104_X" text="" font="맑은 고딕,9,0,0,0,0" transparent="1" border="4" image_normal="/BIZ/102/04/close_bt_G_100x100.png" image_down="/BIZ/102/04/close_bt_G_100x100_o.png" imagesize="1" box_shadow_effect="0" hover_font="맑은 고딕,9,0,0,0,0" version="1.1" on_mouseup="eventfunc:btn_X_on_mouseup(objInst, index)"/>
					<line control_id="1000" x1="48" y1="156" x2="1030" y2="156" right="50" bottom="7"/>
					<numericex_field control_id="997" name="fld_Cir_1" arrayindex="0" autosize="0" x="678" y="46" right="228" bottom="46" width="174" height="71" custom_input_class="TX_101_contents" font="Noto Sans CJK KR Bold,36,1,0,0,0" back_color="00F8F8F8" transparent="1" border="0" box_shadow_effect="0" horz_align="1" link_data="DS_ORDER:total_cost" input_type="2" default_value="99000" max_length="6" pattern="ZZZ,ZZ9"/>
				</listview>
			</panel>
		</panel>
	</map>
</map_list>
