﻿<?xml version="1.0" encoding="UTF-8"?>
<map_list>
	<map>
		<screen version="2.0" scriptcode="java" title="무인카페_결제방법선택" directory="/BIZ/102/04/" screenid="10204005" last_update_date="2025-01-20 17:34:12" width="1080" width_type="0" height="1920" height_type="0" canvas_height="2120" funclist="btn_pay_on_mouseup,btn_Prev_on_mouseup,btn_Home_on_mouseup,btn_Call_on_mouseup,btn_Acc_on_mouseup"/>
		<xlinkdataset id="DS_MENU" desc="" columns="menuName:::&quot;아메리카노&#x0A;카페라떼&#x0A;카페모카&#x0A;바닐라라떼&#x0A;딸기라떼&#x0A;콜드브루&#x0A;초코라떼&#x0A;콜드브루라떼&#x0A;흑당라떼&#x0A;&quot;:;cost:::&quot;1500&#x0A;1500&#x0A;2500&#x0A;3000&#x0A;3000&#x0A;2500&#x0A;2500&#x0A;3500&#x0A;3500&#x0A;&quot;:;url:::&quot;/BIZ/102/04/drink_1.png&#x0A;/BIZ/102/04/drink_2.png&#x0A;/BIZ/102/04/drink_3.png&#x0A;/BIZ/102/04/drink_4.png&#x0A;/BIZ/102/04/drink_5.png&#x0A;/BIZ/102/04/drink_6.png&#x0A;/BIZ/102/04/drink_7.png&#x0A;/BIZ/102/04/drink_8.png&#x0A;/BIZ/102/04/drink_9.png&#x0A;&quot;:"/>
		<xlinkdataset id="DS_ORDER" desc="" columns="menuName:&quot;메뉴명(ex: 아메리카노)&quot;:::;cost:&quot;옵션값이 포함된 가격(ex: 2100)&quot;:::;count:&quot;메뉴갯수(ex: 4)&quot;:::;total_cost:&quot;옵션값*메뉴갯수(cost*count)&quot;:::;url:&quot;이미지 경로&quot;:::;Tem:&quot;(Boolean) 차갑게/뜨겁게(false/true)&quot;:::;Size:&quot;(Number) 작은컵/중간컵/큰컵(0/1/2)&quot;:::;TemSize:&quot;ex: 차갑게/중간컵&quot;:::;menuNameTemSize:&quot;메뉴명(차갑게/중간컵)&quot;:::"/>
		<panel control_id="0" semantic_tag="0" x="0" y="0" right="0" bottom="0" width="1080" height="1920" custom_class="PN_101_back" back_color="00F8F8F8" border="0" title_font="맑은 고딕,9,0,0,0,0">
			<tab_order order_option="0" order_info="6,233,1024,1190,1191,1192,1194,1193,1195,1196,7"/>
			<panel control_id="233" semantic_tag="0" x="0" y="80" right="0" bottom="1690" width="1080" height="150" custom_class="PN_101_bgG" back_color="00B4B4B4" back_image="/BIZ/101/01/PUB/bg_G_1080x150.png" back_imagesize="1" border="0" title_font="맑은 고딕,9,0,0,0,0">
				<tab_order order_option="0" order_info="886"/>
				<text control_id="217" autosize="0" x="37" y="78" right="901" bottom="10" width="142" height="62" custom_class="TX_101_stepDone" text="메뉴선택" font="Noto Sans KR Regular,31.5,0,0,0,0" fore_color="000A0A0A" back_color="00DFDDDC" transparent="1" horz_align="1" line_height="40" letter_spacing="-4.2px" version="1.1"/>
				<text control_id="218" autosize="0" x="250" y="78" right="682" bottom="10" width="148" height="62" custom_class="TX_101_stepDone" text="내역확인" font="Noto Sans KR Regular,31.5,0,0,0,0" back_color="00DFDDDC" transparent="1" horz_align="1" line_height="40" letter_spacing="-2.1px" version="1.1"/>
				<text control_id="219" autosize="0" x="449" y="78" right="449" bottom="10" width="182" height="62" custom_class="TX_101_stepDone" text="결제하기" font="Noto Sans KR Regular,31.5,0,0,0,0" back_color="00DFDDDC" transparent="1" horz_align="1" line_height="40" letter_spacing="-4.2px" version="1.1"/>
				<text control_id="222" autosize="0" x="685" y="78" right="247" bottom="10" width="148" height="62" custom_class="TX_101_step" text="음료제조" font="Noto Sans KR Regular,31.5,0,0,0,0" fore_color="006C5E5A" back_color="00DFDDDC" transparent="1" horz_align="1" line_height="40" letter_spacing="-2.1px" version="1.1"/>
				<text control_id="223" autosize="0" x="940" y="78" right="64" bottom="10" width="76" height="62" custom_class="TX_101_step" text="완료" font="Noto Sans KR Regular,31.5,0,0,0,0" fore_color="006C5E5A" back_color="00DFDDDC" transparent="1" horz_align="1" line_height="40" letter_spacing="-2.1px" version="1.1"/>
				<panel control_id="886" semantic_tag="0" x="76" y="7" right="76" bottom="69" width="928" height="74" custom_class="PN_104_stepBar_3" back_color="00E1E1E1" transparent="1" back_image="/BIZ/102/04/comn_5step_BR_bar_3.png" border="0" title_font="맑은 고딕,9,0,0,0,0"></panel>
			</panel>
			<panel control_id="7" semantic_tag="0" x="0" y="1805" right="0" bottom="0" width="1080" height="115" custom_class="PN_101_back" border="0" boxshadow_type="1" title_font="맑은 고딕,9,0,0,0,0">
				<tab_order order_option="0" order_info="48,230"/>
				<pushbutton control_id="230" name="btn_Acc" x="866" y="18" right="14" bottom="17" width="200" height="80" style_class="0" custom_class="PB_101_access" text="접근성" font="Noto Sans KR,31.5,1,0,0,0" fore_color="00FFFFFF" transparent="1" border="4" border_color="00E2E2E2" border_radius="44" image_normal="/BIZ/101/01/PUB/lowsc_bt.png" image_down="/BIZ/101/01/PUB/lowsc_bt_o.png" box_shadow_effect="0" horz_align="0" line_height="62" text_margin="63,0,0,0" text_wordellipsis="0" hover_font="맑은 고딕,9,0,0,0,0" down_color_use="2" down_forecolor="00F8F8F8" letter_spacing="-2.1px" version="1.1" on_mouseup="eventfunc:btn_Acc_on_mouseup(objInst)"/>
				<pushbutton control_id="48" name="btn_Prev" x="14" y="18" right="851" bottom="17" width="215" height="80" style_class="0" custom_class="PB_101_Previous" text="이전" font="Noto Sans KR,31.5,1,0,0,0" fore_color="000A0A0A" transparent="1" border="4" border_color="00F6F6F6" border_radius="45" image_normal="/BIZ/101/01/PUB/back_bt.png" image_down="/BIZ/101/01/PUB/back_bt_o.png" image_vert_align="1" box_shadow_effect="0" line_height="62" hover_font="맑은 고딕,9,0,0,0,0" down_color_use="3" down_backcolor="0019AADE" letter_spacing="-2.1px" version="1.1" on_mouseup="eventfunc:btn_Prev_on_mouseup(objInst)"/>
			</panel>
			<panel control_id="6" semantic_tag="0" x="0" y="0" right="0" bottom="1840" width="1080" height="80" custom_class="PN_101_back" border="0" vertscrollbar_style="0" horzscrollbar_style="0" boxshadow_type="1" title_font="맑은 고딕,9,0,0,0,0">
				<tab_order order_option="0" order_info="192,214,193,888"/>
				<pushbutton control_id="192" name="btn_Home" x="14" y="5" right="866" bottom="5" width="200" height="70" style_class="0" custom_class="PB_101_home" text="처음으로" font="Noto Sans KR Medium,31.5,500,0,0,0" fore_color="000A0A0A" back_color="00FBFBFB" border="4" border_color="007A665E" border_radius="35,35,35,35" image_normal="/BIZ/101/01/PUB/home_bt_G.png" image_down="/BIZ/101/01/PUB/home_bt_G_o.png" image_vert_align="1" box_shadow_effect="0" horz_align="0" line_height="62" text_margin="40,0,0,0" hover_font="맑은 고딕,9,0,0,0,0" down_color_use="3" down_backcolor="006D574E" letter_spacing="-2.1px" version="1.1" on_mouseup="eventfunc:btn_Home_on_mouseup(objInst)"/>
				<pushbutton control_id="193" name="btn_Call" x="866" y="5" right="14" bottom="5" width="200" height="70" style_class="0" custom_class="PB_101_call" text="직원호출" font="Noto Sans KR Medium,31.5,500,0,0,0" fore_color="00FFFFFF" back_color="00FBFBFB" border="4" border_color="000000D1" border_radius="35" image_normal="/BIZ/101/01/PUB/call_bt_R.png" image_down="/BIZ/101/01/PUB/call_bt_R_o.png" image_vert_align="1" box_shadow_effect="0" horz_align="0" line_height="62" text_margin="39,0,0,0" hover_font="맑은 고딕,9,0,0,0,0" down_color_use="3" down_backcolor="0011119C" letter_spacing="-2.1px" version="1.1" on_mouseup="eventfunc:btn_Call_on_mouseup(objInst)"/>
				<pushbutton control_id="214" name="btn_Flag" x="758" y="5" right="252" bottom="5" width="70" height="70" style_class="0" custom_class="PB_101_selLanguage" text="" font="Noto Sans CJK KR,32,0,0,0,0" fore_color="000A0A0A" transparent="1" border="4" border_color="00E2E2E2" border_radius="44" image_normal="/BIZ/101/01/PUB/language_lound_bt.png" image_down="/BIZ/101/01/PUB/language_lound_kr_bt_o.png" box_shadow_effect="0" horz_align="2" line_height="62" text_margin="" text_wordellipsis="0" hover_font="맑은 고딕,9,0,0,0,0" down_color_use="2" down_forecolor="00F8F8F8" version="1.1"/>
				<pushbutton control_id="888" x="416" y="25" right="416" bottom="23" width="248" height="32" style_class="0" text="" font="맑은 고딕,9,0,0,0,0" transparent="1" border="4" image_normal="/BIZ/102/04/logo_cafe.png" imagesize="1" box_shadow_effect="0" hover_font="맑은 고딕,9,0,0,0,0" version="1.1"/>
			</panel>
			<text control_id="985" autosize="0" x="0" y="388" right="0" bottom="1443" width="1080" height="89" custom_class="TX_104_WhiteTxt" text="&lt;font class = &quot;TX_104_Yellow&quot;color = &quot;#8A4813&quot;&gt; 결제 방법&lt;/font&gt;을 선택하세요" font="Noto Sans CJK KR Bold,45,1,0,0,0" back_color="00F8F8F8" transparent="1" back_imagehorzalign="1" horz_align="1" version="1.1"/>
			<panel control_id="1024" semantic_tag="0" x="0" y="636" right="0" bottom="1084" width="1080" height="200" back_color="00243347" border="0" title_font="맑은 고딕,9,0,0,0,0">
				<tab_order order_option="0" order_info="1202"/>
				<text control_id="1200" autosize="0" x="114" y="56" right="691" bottom="55" width="275" height="89" text="총 결제금액" font="Noto Sans CJK KR Medium,45,500,0,0,0" fore_color="00FFFFFF" back_color="00243347" transparent="1" horz_align="1" version="1.1"/>
				<line control_id="965" x1="438" y1="80" x2="438" y2="125" right="642" bottom="75" line_color="0050719D"/>
				<numericex_field control_id="1202" name="fld_Pay_2" autosize="0" x="498" y="34" right="252" bottom="33" width="330" height="133" custom_class="TX_104_YellowNum" font="Noto Sans CJK KR Medium,67.5,500,0,0,0" fore_color="00FFFFFF" back_color="00243347" transparent="1" border="0" box_shadow_effect="0" horz_align="1" default_value="24000" pattern="ZZZ,ZZZ,ZZZ,ZZZ,ZZ9"/>
				<text control_id="1203" autosize="0" x="841" y="56" right="184" bottom="55" width="55" height="89" custom_class="TX_104_Yellow" text="원" font="Noto Sans CJK KR Medium,45,500,0,0,0" fore_color="00FFFFFF" back_color="00243347" transparent="1" horz_align="1" version="1.1"/>
			</panel>
			<pushbutton control_id="1190" name="btn_pay" x="101" y="948" right="694" bottom="692" width="285" height="280" style_class="0" custom_class="PB_104_card" text="신용카드" font="Noto Sans KR Bold,33.8,1,0,0,0" back_color="00F8F8F8" border="4" border_radius="15" image_normal="/BIZ/102/04/pay_card_bt_285x280.png" image_down="/BIZ/102/04/pay_card_bt_285x280_o.png" image_vert_align="1" box_shadow_effect="0" vert_align="2" line_height="55" text_margin="0,0,0,34" hover_font="맑은 고딕,9,0,0,0,0" letter_spacing="-2.25px" version="1.1" on_mouseup="eventfunc:btn_pay_on_mouseup(objInst)"/>
			<pushbutton control_id="1191" x="398" y="948" right="397" bottom="692" width="285" height="280" style_class="0" custom_class="PB_104_niaPay" text="NIA페이" font="Noto Sans KR Bold,33.8,1,0,0,0" back_color="00F8F8F8" border="4" border_radius="15" image_normal="/BIZ/102/04/pay_Pay_bt_285x280.png" image_down="/BIZ/102/04/pay_Pay_bt_285x280_o.png" image_vert_align="1" box_shadow_effect="0" vert_align="2" line_height="55" text_margin="0,0,0,34" hover_font="맑은 고딕,9,0,0,0,0" letter_spacing="-2.25px" version="1.1"/>
			<pushbutton control_id="1192" x="695" y="948" right="100" bottom="692" width="285" height="280" style_class="0" custom_class="PB_104_mCoupon" text="모바일쿠폰" font="Noto Sans KR Bold,33.8,1,0,0,0" back_color="00F8F8F8" border="4" border_radius="15" image_normal="/BIZ/102/04/pay_m_coupon_bt_285x280.png" image_down="/BIZ/102/04/pay_m_coupon_bt_285x280_o.png" image_horz_align="1" image_vert_align="1" box_shadow_effect="0" vert_align="2" line_height="55" text_margin="0,0,0,34" hover_font="맑은 고딕,9,0,0,0,0" letter_spacing="-2.25px" version="1.1"/>
			<pushbutton control_id="1193" x="101" y="1243" right="694" bottom="397" width="285" height="280" style_class="0" custom_class="PB_104_cash" text="현금" font="Noto Sans KR Bold,33.8,1,0,0,0" back_color="00F8F8F8" border="4" border_radius="15" image_normal="/BIZ/102/04/pay_cash_bt_285x280.png" image_down="/BIZ/102/04/pay_cash_bt_285x280_o.png" image_vert_align="1" box_shadow_effect="0" vert_align="2" line_height="55" text_margin="0,0,0,34" hover_font="맑은 고딕,9,0,0,0,0" letter_spacing="-2.25px" version="1.1"/>
			<pushbutton control_id="1194" x="398" y="1242" right="397" bottom="398" width="285" height="280" style_class="0" custom_class="PB_104_barcode" text="바코드할인" font="Noto Sans KR Bold,33.8,1,0,0,0" back_color="00F8F8F8" border="4" border_radius="15" image_normal="/BIZ/102/04/pay_barcode_bt_285x280.png" image_down="/BIZ/102/04/pay_barcode_bt_285x280_o.png" image_vert_align="1" box_shadow_effect="0" vert_align="2" line_height="55" text_margin="0,0,0,34" hover_font="맑은 고딕,9,0,0,0,0" letter_spacing="-2.25px" version="1.1"/>
			<pushbutton control_id="1195" x="695" y="1243" right="100" bottom="397" width="285" height="280" style_class="0" custom_class="PB_104_giftcard" text="기프트카드" font="Noto Sans KR Bold,33.8,1,0,0,0" back_color="00F8F8F8" border="4" border_radius="15" image_normal="/BIZ/102/04/pay_giftcard_bt_285x280.png" image_down="/BIZ/102/04/pay_giftcard_bt_285x280_o.png" image_horz_align="1" image_vert_align="1" box_shadow_effect="0" vert_align="2" line_height="55" text_margin="0,0,0,34" hover_font="맑은 고딕,9,0,0,0,0" letter_spacing="-2.25px" version="1.1"/>
			<panel control_id="1196" semantic_tag="0" x="93" y="1614" right="65" bottom="174" width="922" height="132" back_color="00F6F6F6" transparent="1" border_ex="0,1,00B4B4B4,,0,0-0-0-0,0,0,1,0,00FFFFFF,00E1E1E1^0,1,00B4B4B4,1^1,0,00B4B4B4,1^1,0,00B4B4B4,1^1,0,00B4B4B4,1" vertscrollbar_style="0" horzscrollbar_style="0" title_font="맑은 고딕,9,0,0,0,0">
				<tab_order order_option="0" order_info="1197"/>
				<panel control_id="1197" semantic_tag="0" x="0" y="77" right="878" bottom="7" width="44" height="47" custom_class="PN_106_w" back_color="00F8F8F8" transparent="1" back_image="/BIZ/103/06/PUB/pay_giftcard_sub_ico.png" border="0" title_font="맑은 고딕,9,0,0,0,0"></panel>
				<text control_id="1198" autosize="0" x="52" y="69" right="664" bottom="0" width="206" height="62" custom_class="TX_101_contents" text="기프트 카드" font="Noto Sans CJK KR Medium,31.5,500,0,0,0" fore_color="00292929" back_color="00F8F8F8" transparent="1" letter_spacing="-2.1px" version="1.1"/>
				<text control_id="1199" autosize="0" x="259" y="69" right="190" bottom="0" width="473" height="62" custom_class="TX_101_contents" text=": 금액이 충전 된 실물 카드" font="Noto Sans CJK KR Light,31.5,300,0,0,0" fore_color="00292929" back_color="00F8F8F8" transparent="1" letter_spacing="-2.1px" version="1.1"/>
			</panel>
		</panel>
	</map>
</map_list>
