﻿<?xml version="1.0" encoding="UTF-8"?>
<map_list>
	<map>
		<screen version="2.0" scriptcode="java" title="[저]전기차충전기_결제하기" directory="/BIZ/101/01LP/" screenid="10101005" last_update_date="2024-11-27 13:16:56" width="1080" width_type="0" height="1920" height_type="0" canvas_height="2120" on_load="eventfunc:screen_on_load()" funclist="screen_on_load,TX_1_on_change,btn_next_on_mouseup,btn_Home_on_mouseup,btn_Prev_on_mouseup,btn_Call_on_mouseup,btn_Acc_on_mouseup"/>
		<panel control_id="0" semantic_tag="0" x="0" y="0" right="0" bottom="0" width="1080" height="1920" back_color="00807D79" border="0" vertscrollbar_style="0" horzscrollbar_style="0" title_font="맑은 고딕,9,0,0,0,0">
			<panel control_id="1" semantic_tag="0" x="0" y="710" right="0" bottom="0" width="1080" height="1210" custom_class="PN_101_back" back_color="00F6F6F6" border="0" vertscrollbar_style="0" horzscrollbar_style="0" panel_height="1299" title_font="맑은 고딕,9,0,0,0,0">
				<tab_order order_option="0" order_info="6,233,885,1179,1130,7"/>
				<text control_id="1134" autosize="0" x="317" y="244" right="317" bottom="916" width="446" height="139" custom_class="TX_101_contents" text="&lt;font class=&quot;TX_101_subContents&quot; color=&quot;#1674D2&quot;&gt;충전내역&lt;/font&gt;을 확인하시고&#x0D;&#x0A;&lt;font class=&quot;TX_101_subContents&quot; color=&quot;#1674D2&quot;&gt;결제하기&lt;/font&gt;를 누르세요" font="Noto Sans KR Bold,37.5,1,0,0,0" back_color="00F6F6F6" transparent="1" horz_align="1" line_height="65" letter_spacing="-2.5px" version="1.1"/>
				<panel control_id="885" semantic_tag="0" x="161" y="420" right="161" bottom="724" width="758" height="155" custom_class="PN_101_payMent" transparent="1" back_image="/BIZ/101/01/PUB/school_doc_name_box.png" back_imagesize="1" border="0" title_font="맑은 고딕,9,0,0,0,0">
					<text control_id="135" autosize="0" x="298" y="5" right="296" bottom="88" width="164" height="62" text="결제 금액" font="Noto Sans KR Medium,31.5,500,0,0,0" fore_color="00FFFFFF" back_color="00D27416" transparent="1" horz_align="1" version="1.1"/>
					<text control_id="1187" name="TX_1" autosize="0" x="277" y="70" right="311" bottom="11" width="170" height="74" custom_class="TX_101_subContents" text="15,000" font="Noto Sans KR Bold,37.5,1,0,0,0" fore_color="00D27416" transparent="1" horz_align="2" line_height="80" letter_spacing="-2.5px" version="1.1" on_change="eventfunc:TX_1_on_change(objInst, event_type)"/>
					<text control_id="1120" autosize="0" x="447" y="70" right="277" bottom="11" width="34" height="74" custom_class="TX_101_subContents" text="원" font="Noto Sans KR Bold,37.5,1,0,0,0" fore_color="00D27416" transparent="1" border_radius="0,0,0,0" horz_align="1" letter_spacing="-2.5px" version="1.1"/>
				</panel>
				<text control_id="1172" autosize="0" x="160" y="603" right="765" bottom="634" width="155" height="62" custom_class="TX_101_contents" text="충전내역" font="Noto Sans KR Regular,31.5,0,0,0,0" fore_color="000A0A0A" transparent="1" version="1.1"/>
				<panel control_id="1179" semantic_tag="0" x="160" y="677" right="160" bottom="369" width="760" height="253" custom_class="PN_101_charg_3" back_image="/BIZ/101/01/PUB/table_G_760x253.png" back_imagesize="1" border="0" title_font="맑은 고딕,9,0,0,0,0">
					<text control_id="1180" autosize="0" x="68" y="176" right="528" bottom="15" width="164" height="62" custom_class="TX_101_G" text="충전 단가" font="Noto Sans KR Regular,31.5,0,0,0,0" fore_color="000A0A0A" back_color="00D2D6D2" transparent="1" horz_align="1" version="1.1"/>
					<text control_id="1181" autosize="0" x="92" y="95" right="552" bottom="96" width="116" height="62" custom_class="TX_101_G" text="전력량" font="Noto Sans KR Regular,31.5,0,0,0,0" fore_color="000A0A0A" back_color="00D2D6D2" transparent="1" horz_align="1" version="1.1"/>
					<text control_id="1182" autosize="0" x="34" y="10" right="494" bottom="181" width="232" height="62" custom_class="TX_101_G" text="충전예상시간" font="Noto Sans KR Regular,31.5,0,0,0,0" fore_color="000A0A0A" back_color="00D2D6D2" transparent="1" horz_align="1" version="1.1"/>
					<text control_id="1183" name="TX_2" autosize="0" x="427" y="10" right="127" bottom="181" width="206" height="62" custom_class="TX_101_subContents" text="00 : 05 : 27" font="Noto Sans KR Medium,31.5,500,0,0,0" fore_color="000A0A0A" transparent="1" border_radius="0,0,0,0" horz_align="1" version="1.1"/>
					<text control_id="1184" name="TX_3" autosize="0" x="457" y="95" right="157" bottom="96" width="146" height="62" custom_class="TX_101_subContents" text="43 kWh" font="Noto Sans KR Medium,31.5,500,0,0,0" fore_color="000A0A0A" transparent="1" border_radius="0,0,0,0" horz_align="1" version="1.1"/>
					<text control_id="1185" name="TX_4" autosize="0" x="390" y="176" right="90" bottom="15" width="280" height="62" custom_class="TX_101_subContents" text="5,203 원 /kWh" font="Noto Sans KR Medium,31.5,500,0,0,0" fore_color="000A0A0A" transparent="1" border_radius="0,0,0,0" horz_align="1" version="1.1"/>
				</panel>
				<pushbutton control_id="1130" x="290" y="966" right="290" bottom="238" width="500" height="95" style_class="0" custom_class="PB_101_com" text="결제하기" font="Noto Sans KR Medium,33.8,500,0,0,0" fore_color="00F8F8F8" transparent="1" border="4" border_color="00FFFFFF" border_radius="15" image_normal="/BIZ/101/01/PUB/bin_bt_B_600x125.png" image_down="/BIZ/101/01/PUB/bin_bt_B_600x125_o.png" imagesize="1" box_shadow_effect="0" line_height="66" hover_font="Noto Sans CJK KR,34,1,0,0,0" down_color_use="4" down_forecolor="00F8F8F8" down_backcolor="00DAD6D2" down_bordercolor="00FFFFFF" disable_color_use="1" disable_forecolor="00EBEBEB" disable_backcolor="00DAD6D2" version="1.1" on_mouseup="eventfunc:btn_next_on_mouseup(objInst)"/>
				<panel control_id="6" semantic_tag="0" x="0" y="0" right="0" bottom="1239" width="1080" height="60" custom_class="PN_101_top" back_color="00C4C4C4" border="0" vertscrollbar_style="0" horzscrollbar_style="0" title_font="맑은 고딕,9,0,0,0,0">
					<pushbutton control_id="884" x="434" y="12" right="433" bottom="8" width="213" height="40" style_class="0" custom_class="IM_101_title" text="" font="맑은 고딕,9,0,0,0,0" back_color="00C4C4C4" transparent="1" border="4" image_normal="/BIZ/101/01/PUB/logo_electcar_charge.png" imagesize="2" box_shadow_effect="0" hover_font="맑은 고딕,9,0,0,0,0" version="1.1"/>
				</panel>
				<panel control_id="233" semantic_tag="0" x="0" y="60" right="0" bottom="1089" width="1080" height="150" custom_class="PN_101_bgG" back_color="00B4B4B4" back_image="/BIZ/101/01/PUB/bg_G_1080x150.png" back_imagesize="1" border="0" title_font="맑은 고딕,9,0,0,0,0">
					<tab_order order_option="0" order_info="886"/>
					<text control_id="217" autosize="0" x="7" y="78" right="857" bottom="10" width="216" height="62" custom_class="TX_101_stepDone" text="결제방법 선택" font="Noto Sans KR Regular,31.5,0,0,0,0" fore_color="000A0A0A" back_color="00DFDDDC" transparent="1" horz_align="1" line_height="40" letter_spacing="-4.2px" version="1.1"/>
					<text control_id="218" autosize="0" x="239" y="78" right="659" bottom="10" width="182" height="62" custom_class="TX_101_stepDone" text="충전량 선택" font="Noto Sans KR Regular,31.5,0,0,0,0" fore_color="000A0A0A" back_color="00DFDDDC" transparent="1" horz_align="1" line_height="40" letter_spacing="-2.1px" version="1.1"/>
					<text control_id="219" autosize="0" x="469" y="78" right="469" bottom="10" width="142" height="62" custom_class="TX_101_step" text="결제하기" font="Noto Sans KR Regular,31.5,0,0,0,0" fore_color="006C5E5A" back_color="00DFDDDC" transparent="1" horz_align="1" line_height="40" letter_spacing="-4.2px" version="1.1"/>
					<text control_id="222" autosize="0" x="685" y="78" right="247" bottom="10" width="148" height="62" custom_class="TX_101_step" text="충전하기" font="Noto Sans KR Regular,31.5,0,0,0,0" fore_color="006C5E5A" back_color="00DFDDDC" transparent="1" horz_align="1" line_height="40" letter_spacing="-2.1px" version="1.1"/>
					<text control_id="223" autosize="0" x="940" y="78" right="64" bottom="10" width="76" height="62" custom_class="TX_101_step" text="완료" font="Noto Sans KR Regular,31.5,0,0,0,0" fore_color="006C5E5A" back_color="00DFDDDC" transparent="1" horz_align="1" line_height="40" letter_spacing="-2.1px" version="1.1"/>
					<panel control_id="886" semantic_tag="0" x="76" y="7" right="78" bottom="69" width="926" height="74" custom_class="PN_101_stepBar_2" back_color="00DFDFDF" transparent="1" back_image="/BIZ/101/01/PUB/comn_5step_B_bar_2.png" border="0" title_font="맑은 고딕,9,0,0,0,0"></panel>
				</panel>
				<panel control_id="7" semantic_tag="0" x="0" y="1095" right="0" bottom="89" width="1080" height="115" custom_class="PN_101_back" border="0" title_font="맑은 고딕,9,0,0,0,0">
					<tab_order order_option="0" order_info="236,237,235,48,230"/>
					<pushbutton control_id="230" name="btn_Acc" x="658" y="18" right="222" bottom="17" width="200" height="80" style_class="0" custom_class="PB_101_access" text="접근성" font="Noto Sans KR Medium,31.5,500,0,0,0" fore_color="00FFFFFF" transparent="1" border="4" border_color="00E2E2E2" border_radius="44" image_normal="/BIZ/101/01/PUB/lowsc_bt.png" image_down="/BIZ/101/01/PUB/lowsc_bt_o.png" imagesize="1" box_shadow_effect="0" horz_align="0" line_height="62" text_margin="61,27,9,9" text_wordellipsis="0" hover_font="맑은 고딕,9,0,0,0,0" down_color_use="2" down_forecolor="00F8F8F8" letter_spacing="-2.1px" version="1.1" on_mouseup="eventfunc:btn_Acc_on_mouseup(objInst)"/>
					<pushbutton control_id="48" name="btn_Prev" x="226" y="18" right="654" bottom="17" width="200" height="80" style_class="0" custom_class="PB_101_Previous" text="이전" font="Noto Sans KR Medium,31.5,500,0,0,0" fore_color="000A0A0A" back_color="00F0FFFF" transparent="1" border="4" border_color="0024C5FF" border_radius="45" image_normal="/BIZ/101/01/PUB/back_bt.png" image_focus="/BIZ/101/01/PUB/back_bt_foc.png" image_down="/BIZ/101/01/PUB/back_bt_o.png" imagesize="1" image_vert_align="1" box_shadow_effect="0" line_height="62" text_margin="70,54,9,9" hover_font="맑은 고딕,9,0,0,0,0" down_color_use="3" down_backcolor="0019AADE" letter_spacing="-2.1px" version="1.1" on_mouseup="eventfunc:btn_Prev_on_mouseup(objInst)"/>
					<pushbutton control_id="235" name="btn_Home" x="15" y="18" right="865" bottom="17" width="200" height="80" style_class="0" custom_class="PB_101_home" text="처음으로" font="Noto Sans KR Medium,31.5,500,0,0,0" fore_color="000A0A0A" back_color="00FBFBFB" border="4" border_color="007A665E" border_radius="35,35,35,35" image_normal="/BIZ/101/01/PUB/home_bt_G_200x70.png" image_down="/BIZ/101/01/PUB/home_bt_G_o.png" imagesize="1" image_vert_align="1" box_shadow_effect="0" horz_align="0" line_height="62" text_margin="40,12,9,9" hover_font="맑은 고딕,9,0,0,0,0" down_color_use="3" down_backcolor="006D574E" letter_spacing="-2.1px" version="1.1" on_mouseup="eventfunc:btn_Home_on_mouseup(objInst)"/>
					<pushbutton control_id="236" name="btn_Flag" x="500" y="16" right="500" bottom="19" width="80" height="80" style_class="0" custom_class="PB_101_selLanguage" text="" font="Noto Sans CJK KR,32,0,0,0,0" fore_color="000A0A0A" transparent="1" border="4" border_color="00E2E2E2" border_radius="44" image_normal="/BIZ/101/01/PUB/language_lound_bt.png" image_down="/BIZ/101/01/PUB/language_lound_kr_bt_o.png" imagesize="1" box_shadow_effect="0" horz_align="2" line_height="62" text_margin="" text_wordellipsis="0" hover_font="맑은 고딕,9,0,0,0,0" down_color_use="2" down_forecolor="00F8F8F8" version="1.1"/>
					<pushbutton control_id="237" name="btn_Call" x="867" y="16" right="13" bottom="19" width="200" height="80" style_class="0" custom_class="PB_101_call" text="직원호출" font="Noto Sans KR Medium,31.5,500,0,0,0" fore_color="00FFFFFF" back_color="00FBFBFB" border="4" border_color="000000D1" border_radius="35" image_normal="/BIZ/101/01/PUB/call_bt_R_200x80.png" image_down="/BIZ/101/01/PUB/call_bt_R_200x80_o.png" imagesize="1" image_vert_align="1" box_shadow_effect="0" horz_align="0" line_height="62" text_margin="38,14,9,9" hover_font="맑은 고딕,9,0,0,0,0" down_color_use="3" down_backcolor="0011119C" letter_spacing="-2.1px" version="1.1" on_mouseup="eventfunc:btn_Call_on_mouseup(objInst)"/>
				</panel>
			</panel>
		</panel>
	</map>
</map_list>
