﻿<?xml version="1.0" encoding="UTF-8"?>
<map_list>
	<map>
		<screen version="2.0" scriptcode="java" title="[저]전기차충전기_카드투입구" directory="/BIZ/101/01LP/" screenid="10101006" devstudio_lock="1" last_update_date="2024-11-27 11:01:23" width="1080" width_type="0" height="1920" height_type="0" canvas_height="2120" on_load="eventfunc:screen_on_load()" funclist="screen_on_load,btn_prev_on_mouseup,btn_next_on_mouseup,btn_Call_on_mouseup,btn_Acc_on_mouseup"/>
		<panel control_id="0" semantic_tag="0" x="0" y="0" right="0" bottom="0" width="1080" height="1920" back_color="00807D79" border="0" vertscrollbar_style="0" horzscrollbar_style="0" title_font="맑은 고딕,9,0,0,0,0">
			<panel control_id="1" semantic_tag="0" x="0" y="710" right="0" bottom="0" width="1080" height="1210" custom_class="PN_101_back" back_color="00F6F6F6" border="0" vertscrollbar_style="0" horzscrollbar_style="0" panel_height="1299" title_font="맑은 고딕,9,0,0,0,0">
				<tab_order order_option="0" order_info="6,233,1173,1174,1130,7"/>
				<text control_id="1134" autosize="0" x="234" y="244" right="252" bottom="916" width="594" height="139" custom_class="TX_101_contents" text="신용카드를 &lt;font class=&quot;TX_101_subContents&quot; color=&quot;#1674D2&quot;&gt;우측 하단의&lt;/font&gt;&#x0D;&#x0A;&lt;font class=&quot;TX_101_subContents&quot; color=&quot;#1674D2&quot;&gt;카드 투입구&lt;/font&gt;에 끝까지 넣으세요" font="Noto Sans KR Bold,37.5,1,0,0,0" back_color="00F6F6F6" transparent="1" horz_align="1" line_height="65" letter_spacing="-2.5px" version="1.1"/>
				<pushbutton control_id="1130" x="290" y="966" right="290" bottom="238" width="500" height="95" style_class="0" custom_class="PB_101_com" text="취소" font="Noto Sans KR Medium,33.8,500,0,0,0" fore_color="00F8F8F8" transparent="1" border="4" border_color="00FFFFFF" border_radius="15" image_normal="/BIZ/101/01/PUB/bin_bt_B_600x125.png" image_down="/BIZ/101/01/PUB/bin_bt_B_600x125_o.png" imagesize="1" box_shadow_effect="0" line_height="66" hover_font="Noto Sans CJK KR,34,1,0,0,0" down_color_use="4" down_forecolor="00F8F8F8" down_backcolor="00DAD6D2" down_bordercolor="00FFFFFF" disable_color_use="1" disable_forecolor="00EBEBEB" disable_backcolor="00DAD6D2" version="1.1" on_mouseup="eventfunc:btn_prev_on_mouseup(objInst)"/>
				<panel control_id="1173" semantic_tag="0" x="243" y="434" right="243" bottom="388" width="594" height="477" transparent="1" back_image="/BIZ/101/01/PUB/pay_kiosk_img_1.png" back_imagesize="1" border="0" title_font="맑은 고딕,9,0,0,0,0"></panel>
				<pushbutton control_id="1174" x="150" y="959" right="816" bottom="232" width="114" height="108" text="다음" font="맑은 고딕,9,0,0,0,0" hover_font="맑은 고딕,9,0,0,0,0" version="1.1" on_mouseup="eventfunc:btn_next_on_mouseup(objInst)"/>
				<panel control_id="6" semantic_tag="0" x="0" y="0" right="0" bottom="1239" width="1080" height="60" custom_class="PN_101_top" back_color="00C4C4C4" border="0" vertscrollbar_style="0" horzscrollbar_style="0" title_font="맑은 고딕,9,0,0,0,0">
					<pushbutton control_id="884" x="434" y="12" right="433" bottom="8" width="213" height="40" style_class="0" custom_class="IM_101_title" text="" font="맑은 고딕,9,0,0,0,0" back_color="00C4C4C4" transparent="1" border="4" image_normal="/BIZ/101/01/PUB/logo_electcar_charge.png" imagesize="2" box_shadow_effect="0" hover_font="맑은 고딕,9,0,0,0,0" version="1.1"/>
				</panel>
				<panel control_id="7" semantic_tag="0" x="0" y="1095" right="0" bottom="89" width="1080" height="115" custom_class="PN_101_back" border="0" title_font="맑은 고딕,9,0,0,0,0">
					<tab_order order_option="0" order_info="236,237,230"/>
					<pushbutton control_id="230" name="btn_Acc" x="658" y="18" right="222" bottom="17" width="200" height="80" style_class="0" custom_class="PB_101_access" text="접근성" font="Noto Sans KR Medium,31.5,500,0,0,0" fore_color="00FFFFFF" transparent="1" border="4" border_color="00E2E2E2" border_radius="44" image_normal="/BIZ/101/01/PUB/lowsc_bt.png" image_down="/BIZ/101/01/PUB/lowsc_bt_o.png" imagesize="1" box_shadow_effect="0" horz_align="0" line_height="62" text_margin="61,27,9,9" text_wordellipsis="0" hover_font="맑은 고딕,9,0,0,0,0" down_color_use="2" down_forecolor="00F8F8F8" letter_spacing="-2.1px" version="1.1" on_mouseup="eventfunc:btn_Acc_on_mouseup(objInst)"/>
					<pushbutton control_id="236" name="btn_Flag" x="500" y="16" right="500" bottom="19" width="80" height="80" style_class="0" custom_class="PB_101_selLanguage" text="" font="Noto Sans CJK KR,32,0,0,0,0" fore_color="000A0A0A" transparent="1" border="4" border_color="00E2E2E2" border_radius="44" image_normal="/BIZ/101/01/PUB/language_lound_bt.png" image_down="/BIZ/101/01/PUB/language_lound_kr_bt_o.png" imagesize="1" box_shadow_effect="0" horz_align="2" line_height="62" text_margin="" text_wordellipsis="0" hover_font="맑은 고딕,9,0,0,0,0" down_color_use="2" down_forecolor="00F8F8F8" version="1.1"/>
					<pushbutton control_id="237" name="btn_Call" x="867" y="16" right="13" bottom="19" width="200" height="80" style_class="0" custom_class="PB_101_call" text="직원호출" font="Noto Sans KR Medium,31.5,500,0,0,0" fore_color="00FFFFFF" back_color="00FBFBFB" border="4" border_color="000000D1" border_radius="35" image_normal="/BIZ/101/01/PUB/call_bt_R_200x80.png" image_down="/BIZ/101/01/PUB/call_bt_R_200x80_o.png" imagesize="1" image_vert_align="1" box_shadow_effect="0" horz_align="0" line_height="62" text_margin="38,14,9,9" hover_font="맑은 고딕,9,0,0,0,0" down_color_use="3" down_backcolor="0011119C" letter_spacing="-2.1px" version="1.1" on_mouseup="eventfunc:btn_Call_on_mouseup(objInst)"/>
				</panel>
				<panel control_id="233" semantic_tag="0" x="0" y="60" right="0" bottom="1089" width="1080" height="150" custom_class="PN_101_bgG" back_color="00B4B4B4" back_image="/BIZ/101/01/PUB/bg_G_1080x150.png" back_imagesize="1" border="0" title_font="맑은 고딕,9,0,0,0,0">
					<tab_order order_option="0" order_info="886"/>
					<text control_id="217" autosize="0" x="7" y="78" right="857" bottom="10" width="216" height="62" custom_class="TX_101_stepDone" text="결제방법 선택" font="Noto Sans KR Regular,31.5,0,0,0,0" fore_color="000A0A0A" back_color="00DFDDDC" transparent="1" horz_align="1" line_height="40" letter_spacing="-4.2px" version="1.1"/>
					<text control_id="218" autosize="0" x="240" y="78" right="658" bottom="10" width="182" height="62" custom_class="TX_101_stepDone" text="충전량 선택" font="Noto Sans KR Regular,31.5,0,0,0,0" fore_color="000A0A0A" back_color="00DFDDDC" transparent="1" horz_align="1" line_height="40" letter_spacing="-2.1px" version="1.1"/>
					<text control_id="219" autosize="0" x="469" y="78" right="469" bottom="10" width="142" height="62" custom_class="TX_101_stepDone" text="결제하기" font="Noto Sans KR Regular,31.5,0,0,0,0" fore_color="000A0A0A" back_color="00DFDDDC" transparent="1" horz_align="1" line_height="40" letter_spacing="-4.2px" version="1.1"/>
					<text control_id="222" autosize="0" x="685" y="78" right="247" bottom="10" width="148" height="62" custom_class="TX_101_step" text="충전하기" font="Noto Sans KR Regular,31.5,0,0,0,0" fore_color="006C5E5A" back_color="00DFDDDC" transparent="1" horz_align="1" line_height="40" letter_spacing="-2.1px" version="1.1"/>
					<text control_id="223" autosize="0" x="940" y="78" right="64" bottom="10" width="76" height="62" custom_class="TX_101_step" text="완료" font="Noto Sans KR Regular,31.5,0,0,0,0" fore_color="006C5E5A" back_color="00DFDDDC" transparent="1" horz_align="1" line_height="40" letter_spacing="-2.1px" version="1.1"/>
					<panel control_id="886" semantic_tag="0" x="76" y="7" right="78" bottom="69" width="926" height="74" custom_class="PN_101_stepBar_3" back_color="00DFDFDF" transparent="1" back_image="/BIZ/101/01/PUB/comn_5step_B_bar_3.png" border="0" title_font="맑은 고딕,9,0,0,0,0"></panel>
				</panel>
			</panel>
		</panel>
	</map>
</map_list>
