﻿<?xml version="1.0" encoding="UTF-8"?>
<map_list>
	<map>
		<screen version="2.0" scriptcode="java" title="[저]전기차충전기_충전중" directory="/BIZ/101/01LP/" screenid="10101008" last_update_date="2024-11-27 12:58:37" width="1080" width_type="0" height="1920" height_type="0" canvas_height="2120" on_load="eventfunc:screen_on_load()" funclist="screen_on_load,timeLeft_8_on_time,btn_next_on_mouseup,TX_2_on_change,btn_Home_on_mouseup,btn_Call_on_mouseup,btn_Acc_on_mouseup"/>
		<panel control_id="0" semantic_tag="0" x="0" y="0" right="0" bottom="0" width="1080" height="1920" back_color="00807D79" border="0" vertscrollbar_style="0" horzscrollbar_style="0" title_font="맑은 고딕,9,0,0,0,0">
			<panel control_id="1" semantic_tag="0" x="0" y="710" right="0" bottom="0" width="1080" height="1210" custom_class="PN_101_back" back_color="00F6F6F6" border="0" vertscrollbar_style="0" horzscrollbar_style="0" panel_height="1299" title_font="맑은 고딕,9,0,0,0,0">
				<tab_order order_option="0" order_info="6,233,1181,1170,1184,7"/>
				<text control_id="1134" autosize="0" x="330" y="244" right="330" bottom="981" width="420" height="74" custom_class="TX_101_contents" text="차량이&lt;font class=&quot;TX_101_subContents&quot; color=&quot;#1674D2&quot;&gt; 충전 중&lt;/font&gt;입니다" font="Noto Sans KR Bold,37.5,1,0,0,0" back_color="00F6F6F6" transparent="1" horz_align="1" line_height="65" letter_spacing="-2.5px" version="1.1"/>
				<panel control_id="1181" semantic_tag="0" x="316" y="348" right="557" bottom="744" width="207" height="207" transparent="1" border="0" title_font="맑은 고딕,9,0,0,0,0">
					<text control_id="1182" autosize="0" x="2" y="79" right="4" bottom="76" width="201" height="52" text="추후교체예정" font="Noto Sans KR Bold,19.5,1,0,0,0" fore_color="00FFFFFF" back_color="001515CF" back_color_opacity="7" horz_align="1" line_height="40" letter_spacing="-1.3px" version="1.1"/>
				</panel>
				<text control_id="1165" name="txt_8" autosize="0" x="611" y="385" right="269" bottom="781" width="200" height="133" custom_class="TX_101_subContents" text="11 %" font="Noto Sans KR Bold,67.5,1,0,0,0" fore_color="00229300" transparent="1" horz_align="1" letter_spacing="-4.5px" version="1.1"/>
				<panel control_id="1170" semantic_tag="0" x="160" y="595" right="160" bottom="369" width="760" height="335" custom_class="PN_101_charg_4" back_image="/BIZ/101/01/PUB/table_G_760x335.png" back_imagesize="1" border="0" title_font="맑은 고딕,9,0,0,0,0">
					<text control_id="1171" autosize="0" x="34" y="9" right="494" bottom="264" width="232" height="62" custom_class="TX_101_G" text="충전예상시간" font="Noto Sans KR Regular,31.5,0,0,0,0" fore_color="000A0A0A" back_color="00D2D6D2" transparent="1" horz_align="1" version="1.1"/>
					<text control_id="1172" autosize="0" x="92" y="94" right="552" bottom="179" width="116" height="62" custom_class="TX_101_G" text="전력량" font="Noto Sans KR Regular,31.5,0,0,0,0" fore_color="000A0A0A" back_color="00D2D6D2" transparent="1" horz_align="1" version="1.1"/>
					<text control_id="1173" autosize="0" x="68" y="175" right="528" bottom="98" width="164" height="62" custom_class="TX_101_G" text="충전 단가" font="Noto Sans KR Regular,31.5,0,0,0,0" fore_color="000A0A0A" back_color="00D2D6D2" transparent="1" horz_align="1" version="1.1"/>
					<text control_id="1174" autosize="0" x="73" y="257" right="533" bottom="16" width="154" height="62" custom_class="TX_101_G" text="충전 속도" font="Noto Sans KR Regular,31.5,0,0,0,0" fore_color="000A0A0A" back_color="00D2D6D2" transparent="1" horz_align="1" version="1.1"/>
					<text control_id="1175" name="TX_2" autosize="0" x="427" y="9" right="127" bottom="264" width="206" height="62" custom_class="TX_101_subContents" text="00 : 05 : 27" font="Noto Sans KR Medium,31.5,500,0,0,0" fore_color="000A0A0A" transparent="1" border_radius="0,0,0,0" horz_align="1" version="1.1" on_change="eventfunc:TX_2_on_change(objInst, event_type)"/>
					<text control_id="1176" name="TX_3" autosize="0" x="457" y="94" right="157" bottom="179" width="146" height="62" custom_class="TX_101_subContents" text="43 kWh" font="Noto Sans KR Medium,31.5,500,0,0,0" fore_color="000A0A0A" transparent="1" border_radius="0,0,0,0" horz_align="1" version="1.1"/>
					<text control_id="1177" name="TX_4" autosize="0" x="390" y="175" right="90" bottom="98" width="280" height="62" custom_class="TX_101_subContents" text="5.203 원 /kWh" font="Noto Sans KR Medium,31.5,500,0,0,0" fore_color="000A0A0A" transparent="1" border_radius="0,0,0,0" horz_align="1" version="1.1"/>
					<text control_id="1178" name="TX_5" autosize="0" x="452" y="258" right="152" bottom="15" width="156" height="62" custom_class="TX_101_subContents" text="0.54kW" font="Noto Sans KR Medium,31.5,500,0,0,0" fore_color="000A0A0A" transparent="1" border_radius="0,0,0,0" horz_align="1" version="1.1"/>
				</panel>
				<timer control_id="1183" name="timeLeft_8" x="864" y="426" width="28" height="28" enable="0" interval="600" on_time="eventfunc:timeLeft_8_on_time(objInst)"/>
				<pushbutton control_id="1184" x="636" y="948" right="330" bottom="243" width="114" height="108" text="다음" font="맑은 고딕,9,0,0,0,0" hover_font="맑은 고딕,9,0,0,0,0" version="1.1" on_mouseup="eventfunc:btn_next_on_mouseup(objInst)"/>
				<panel control_id="6" semantic_tag="0" x="0" y="0" right="0" bottom="1239" width="1080" height="60" custom_class="PN_101_top" back_color="00C4C4C4" border="0" vertscrollbar_style="0" horzscrollbar_style="0" title_font="맑은 고딕,9,0,0,0,0">
					<pushbutton control_id="884" x="434" y="12" right="433" bottom="8" width="213" height="40" style_class="0" custom_class="IM_101_title" text="" font="맑은 고딕,9,0,0,0,0" back_color="00C4C4C4" transparent="1" border="4" image_normal="/BIZ/101/01/PUB/logo_electcar_charge.png" imagesize="2" box_shadow_effect="0" hover_font="맑은 고딕,9,0,0,0,0" version="1.1"/>
				</panel>
				<panel control_id="7" semantic_tag="0" x="0" y="1095" right="0" bottom="89" width="1080" height="115" custom_class="PN_101_back" border="0" title_font="맑은 고딕,9,0,0,0,0">
					<tab_order order_option="0" order_info="236,237,235,230"/>
					<pushbutton control_id="230" name="btn_Acc" x="658" y="18" right="222" bottom="17" width="200" height="80" style_class="0" custom_class="PB_101_access" text="접근성" font="Noto Sans KR Medium,31.5,500,0,0,0" fore_color="00FFFFFF" transparent="1" border="4" border_color="00E2E2E2" border_radius="44" image_normal="/BIZ/101/01/PUB/lowsc_bt.png" image_down="/BIZ/101/01/PUB/lowsc_bt_o.png" imagesize="1" box_shadow_effect="0" horz_align="0" line_height="62" text_margin="61,27,9,9" text_wordellipsis="0" hover_font="맑은 고딕,9,0,0,0,0" down_color_use="2" down_forecolor="00F8F8F8" letter_spacing="-2.1px" version="1.1" on_mouseup="eventfunc:btn_Acc_on_mouseup(objInst)"/>
					<pushbutton control_id="235" name="btn_Home" x="15" y="18" right="865" bottom="17" width="200" height="80" style_class="0" custom_class="PB_101_home" text="처음으로" font="Noto Sans KR Medium,31.5,500,0,0,0" fore_color="000A0A0A" back_color="00FBFBFB" border="4" border_color="007A665E" border_radius="35,35,35,35" image_normal="/BIZ/101/01/PUB/home_bt_G_200x70.png" image_down="/BIZ/101/01/PUB/home_bt_G_o.png" imagesize="1" image_vert_align="1" box_shadow_effect="0" horz_align="0" line_height="62" text_margin="40,12,9,9" hover_font="맑은 고딕,9,0,0,0,0" down_color_use="3" down_backcolor="006D574E" letter_spacing="-2.1px" version="1.1" on_mouseup="eventfunc:btn_Home_on_mouseup(objInst)"/>
					<pushbutton control_id="236" name="btn_Flag" x="500" y="16" right="500" bottom="19" width="80" height="80" style_class="0" custom_class="PB_101_selLanguage" text="" font="Noto Sans CJK KR,32,0,0,0,0" fore_color="000A0A0A" transparent="1" border="4" border_color="00E2E2E2" border_radius="44" image_normal="/BIZ/101/01/PUB/language_lound_bt.png" image_down="/BIZ/101/01/PUB/language_lound_kr_bt_o.png" imagesize="1" box_shadow_effect="0" horz_align="2" line_height="62" text_margin="" text_wordellipsis="0" hover_font="맑은 고딕,9,0,0,0,0" down_color_use="2" down_forecolor="00F8F8F8" version="1.1"/>
					<pushbutton control_id="237" name="btn_Call" x="867" y="16" right="13" bottom="19" width="200" height="80" style_class="0" custom_class="PB_101_call" text="직원호출" font="Noto Sans KR Medium,31.5,500,0,0,0" fore_color="00FFFFFF" back_color="00FBFBFB" border="4" border_color="000000D1" border_radius="35" image_normal="/BIZ/101/01/PUB/call_bt_R_200x80.png" image_down="/BIZ/101/01/PUB/call_bt_R_200x80_o.png" imagesize="1" image_vert_align="1" box_shadow_effect="0" horz_align="0" line_height="62" text_margin="38,14,9,9" hover_font="맑은 고딕,9,0,0,0,0" down_color_use="3" down_backcolor="0011119C" letter_spacing="-2.1px" version="1.1" on_mouseup="eventfunc:btn_Call_on_mouseup(objInst)"/>
				</panel>
				<panel control_id="233" semantic_tag="0" x="0" y="60" right="0" bottom="1089" width="1080" height="150" custom_class="PN_101_bgG" back_color="00B4B4B4" back_image="/BIZ/101/01/PUB/bg_G_1080x150.png" back_imagesize="1" border="0" title_font="맑은 고딕,9,0,0,0,0">
					<tab_order order_option="0" order_info="886"/>
					<text control_id="217" autosize="0" x="7" y="78" right="857" bottom="10" width="216" height="62" custom_class="TX_101_stepDone" text="결제방법 선택" font="Noto Sans KR Regular,31.5,0,0,0,0" fore_color="000A0A0A" back_color="00DFDDDC" transparent="1" horz_align="1" line_height="40" letter_spacing="-4.2px" version="1.1"/>
					<text control_id="218" autosize="0" x="240" y="78" right="658" bottom="10" width="182" height="62" custom_class="TX_101_stepDone" text="충전량 선택" font="Noto Sans KR Regular,31.5,0,0,0,0" fore_color="000A0A0A" back_color="00DFDDDC" transparent="1" horz_align="1" line_height="40" letter_spacing="-2.1px" version="1.1"/>
					<text control_id="219" autosize="0" x="469" y="78" right="469" bottom="10" width="142" height="62" custom_class="TX_101_stepDone" text="결제하기" font="Noto Sans KR Regular,31.5,0,0,0,0" fore_color="000A0A0A" back_color="00DFDDDC" transparent="1" horz_align="1" line_height="40" letter_spacing="-4.2px" version="1.1"/>
					<text control_id="222" autosize="0" x="685" y="78" right="247" bottom="10" width="148" height="62" custom_class="TX_101_stepDone" text="충전하기" font="Noto Sans KR Regular,31.5,0,0,0,0" fore_color="000A0A0A" back_color="00DFDDDC" transparent="1" horz_align="1" line_height="40" letter_spacing="-2.1px" version="1.1"/>
					<text control_id="223" autosize="0" x="940" y="78" right="64" bottom="10" width="76" height="62" custom_class="TX_101_step" text="완료" font="Noto Sans KR Regular,31.5,0,0,0,0" fore_color="006C5E5A" back_color="00DFDDDC" transparent="1" horz_align="1" line_height="40" letter_spacing="-2.1px" version="1.1"/>
					<panel control_id="886" semantic_tag="0" x="76" y="7" right="78" bottom="69" width="926" height="74" custom_class="PN_101_stepBar_4" back_color="00DFDFDF" transparent="1" back_image="/BIZ/101/01/PUB/comn_5step_B_bar_4.png" border="0" title_font="맑은 고딕,9,0,0,0,0"></panel>
				</panel>
			</panel>
		</panel>
	</map>
</map_list>
