﻿<?xml version="1.0" encoding="UTF-8"?>
<map_list>
	<map>
		<screen version="2.0" scriptcode="java" title="[저]전기차충전기_충전량" directory="/BIZ/101/01LP/" screenid="10101004" last_update_date="2024-11-27 11:19:02" width="1080" width_type="0" height="1920" height_type="0" canvas_height="2120" on_load="eventfunc:screen_on_load()" funclist="screen_on_load,btn_clo_on_mouseup,btn_fare_on_mouseup,timeFare,calculatePower,calculateUnitCost,btn_ok_on_mouseup,btn_Home_on_mouseup,btn_Prev_on_mouseup,btn_Call_on_mouseup,btn_Acc_on_mouseup"/>
		<panel control_id="0" semantic_tag="0" x="0" y="0" right="0" bottom="0" width="1080" height="1920" back_color="00807D79" border="0" vertscrollbar_style="0" horzscrollbar_style="0" title_font="맑은 고딕,9,0,0,0,0">
			<panel control_id="1" semantic_tag="0" x="0" y="710" right="0" bottom="0" width="1080" height="1210" custom_class="PN_101_back" back_color="00F6F6F6" border="0" vertscrollbar_style="0" horzscrollbar_style="0" panel_height="1299" title_font="맑은 고딕,9,0,0,0,0">
				<tab_order order_option="0" order_info="6,233,1133,7"/>
				<tab control_id="1133" x="0" y="234" right="0" bottom="202" width="1080" height="863" custom_class="TP_101_box TP_101_back" back_color="00F6F6F6" back_image="/BIZ/101/01/PUB/list_gu_bg.png" border="0" border_ex="0,5,000000C4,,0,0-0-0-0,0,0,1,0,00FFFFFF,00E1E1E1^1,5,00DFDFDF,1^1,0,00DFDFDF,1^1,0,00DFDFDF,1^1,0,00DFDFDF,1" line_height="45" tabitemarea_transparent="1" tabitemarea_leftmargin="153" tabitemarea_rightmargin="153" tabitem_height="100" tabitem_height_type="1" tabitem_width="250" tabitem_gap="12" tabitem_radius="15" tabitem_border="0" tabitem_font="Noto Sans KR Medium,33,500,0,0,0" tabitem_selfont="Noto Sans KR Medium,33,500,0,0,0" tabitem_wordellipse="0" tabitem_hoverbackcolor="00C7C2BE" tabitem_customclass="PN_101_back" tabitem_selcustomclass="PN_101_back" tabitem_scrollbtnboxwidth="0" tabitem_letterspacing="-2.2px" titlebar_font="Noto Sans KR,33,1,0,0,0">
					<tab_item title="시간" width="250" height="100" link_type="1" line_height="0" image="/BIZ/101/01/PUB/tap_bt_G_250x100.png" selimage="/BIZ/101/01/PUB/tap_bt_LG_250x100.png" panel_color="00DFDFDF">
						<tab_order order_option="0" order_info="1119,1122,1124,1125,1126,1127,1128,1129,1130"/>
						<numericex_field control_id="1119" name="fld_fare" autosize="0" x="66" y="24" right="441" bottom="637" width="573" height="133" custom_input_class="TX_101_subContents" font="Noto Sans KR Bold,67.5,1,0,0,0" fore_color="000A0A0A" back_color="00F6F6F6" transparent="1" border="0" horz_align="1" letter_spacing="-5px" enable="0" default_value="5000" pattern="ZZZ,ZZZ,ZZZ,ZZZ,ZZ9"/>
						<text control_id="1120" autosize="0" x="660" y="74" right="378" bottom="654" width="42" height="66" custom_class="TX_101_subContents" text="원" font="Noto Sans KR Bold,33.8,1,0,0,0" fore_color="000A0A0A" back_color="00F6F6F6" transparent="1" border_radius="0,0,0,0" horz_align="1" line_height="45" version="1.1"/>
						<text control_id="1121" autosize="0" x="125" y="182" right="843" bottom="550" width="112" height="62" custom_class="TX_101_G" text="전력량" font="Noto Sans KR Medium,31.5,500,0,0,0" fore_color="000A0A0A" back_color="00F6F6F6" transparent="1" letter_spacing="-2.1px" version="1.1"/>
						<pushbutton control_id="1122" x="762" y="48" right="108" bottom="646" width="210" height="100" style_class="0" custom_class="PB_101_init TX_101_contents" text="초기화" font="Noto Sans KR Medium,31.5,500,0,0,0" fore_color="000A0A0A" back_color="00F6F6F6" transparent="1" border="4" border_color="00F6F6F6" border_radius="15" image_normal="/BIZ/101/01/PUB/bin_bt_LB_210x100.png" imagesize="1" box_shadow_effect="0" line_height="45" hover_font="맑은 고딕,9,0,0,0,0" letter_spacing="-2.1px" version="1.1" on_mouseup="eventfunc:btn_clo_on_mouseup(objInst)"/>
						<text control_id="1123" autosize="0" x="497" y="182" right="361" bottom="550" width="222" height="62" custom_class="TX_101_G" text="충전예상시간" font="Noto Sans KR Medium,31.5,500,0,0,0" fore_color="000A0A0A" back_color="00F6F6F6" transparent="1" letter_spacing="-2.1px" version="1.1"/>
						<pushbutton control_id="1124" name="btn_fare" x="159" y="303" right="681" bottom="351" width="240" height="140" style_class="0" custom_class="PB_101_amount" text="500원" font="Noto Sans KR Medium,35.3,500,0,0,0" fore_color="000A0A0A" transparent="1" border="4" border_color="00F6F6F6" border_radius="15" image_normal="/BIZ/101/01/PUB/list_gu_big_bt.png" image_down="/BIZ/101/01/PUB/list_gu_big_bt_o.png" imagesize="1" image_vert_align="1" line_height="75" hover_font="맑은 고딕,9,0,0,0,0" letter_spacing="-2.75px" version="1.1" on_mouseup="eventfunc:btn_fare_on_mouseup(objInst)"/>
						<pushbutton control_id="1125" name="btn_fare_1" x="415" y="303" right="425" bottom="351" width="240" height="140" style_class="0" custom_class="PB_101_amount" text="1,000원" font="Noto Sans KR Medium,35.3,500,0,0,0" fore_color="000A0A0A" transparent="1" border="4" border_color="00F6F6F6" border_radius="15" image_normal="/BIZ/101/01/PUB/list_gu_big_bt.png" image_disable="/BIZ/101/01/PUB/list_gu_big_bt_o.png" imagesize="1" image_vert_align="1" line_height="75" hover_font="맑은 고딕,9,0,0,0,0" letter_spacing="-2.75px" version="1.1" on_mouseup="eventfunc:btn_fare_on_mouseup(objInst)"/>
						<pushbutton control_id="1126" name="btn_fare_2" x="671" y="303" right="169" bottom="351" width="240" height="140" style_class="0" custom_class="PB_101_amount" text="3,000원" font="Noto Sans KR Medium,35.3,500,0,0,0" fore_color="000A0A0A" transparent="1" border="4" border_color="00F6F6F6" border_radius="15" image_normal="/BIZ/101/01/PUB/list_gu_big_bt.png" image_down="/BIZ/101/01/PUB/list_gu_big_bt_o.png" imagesize="1" image_vert_align="1" line_height="75" hover_font="맑은 고딕,9,0,0,0,0" letter_spacing="-2.75px" version="1.1" on_mouseup="eventfunc:btn_fare_on_mouseup(objInst)"/>
						<pushbutton control_id="1127" name="btn_fare_3" x="159" y="460" right="681" bottom="194" width="240" height="140" style_class="0" custom_class="PB_101_amount" text="5,000원" font="Noto Sans KR Medium,35.3,500,0,0,0" fore_color="000A0A0A" transparent="1" border="4" border_color="00F6F6F6" border_radius="15" image_normal="/BIZ/101/01/PUB/list_gu_big_bt.png" image_down="/BIZ/101/01/PUB/list_gu_big_bt_o.png" imagesize="1" image_vert_align="1" line_height="75" hover_font="맑은 고딕,9,0,0,0,0" letter_spacing="-2.75px" version="1.1" on_mouseup="eventfunc:btn_fare_on_mouseup(objInst)"/>
						<pushbutton control_id="1128" name="btn_fare_4" x="415" y="460" right="425" bottom="194" width="240" height="140" style_class="0" custom_class="PB_101_amount" text="10,000원" font="Noto Sans KR Medium,35.3,500,0,0,0" fore_color="000A0A0A" transparent="1" border="4" border_color="00F6F6F6" border_radius="15" image_normal="/BIZ/101/01/PUB/list_gu_big_bt.png" image_down="/BIZ/101/01/PUB/list_gu_big_bt_o.png" imagesize="1" image_vert_align="1" line_height="75" hover_font="맑은 고딕,9,0,0,0,0" letter_spacing="-2.75px" version="1.1" on_mouseup="eventfunc:btn_fare_on_mouseup(objInst)"/>
						<pushbutton control_id="1129" name="btn_fare_5" x="671" y="460" right="169" bottom="194" width="240" height="140" style_class="0" custom_class="PB_101_amount" text="50,000원" font="Noto Sans KR Medium,35.3,500,0,0,0" fore_color="000A0A0A" transparent="1" border="4" border_color="00F6F6F6" border_radius="14" image_normal="/BIZ/101/01/PUB/list_gu_big_bt.png" image_down="/BIZ/101/01/PUB/list_gu_big_bt_o.png" imagesize="1" image_vert_align="1" line_height="75" hover_font="맑은 고딕,9,0,0,0,0" letter_spacing="-2.75px" version="1.1" on_mouseup="eventfunc:btn_fare_on_mouseup(objInst)"/>
						<pushbutton control_id="1130" x="290" y="634" right="290" bottom="65" width="500" height="95" style_class="0" custom_class="PB_101_com" text="설정완료" font="Noto Sans KR Medium,33.8,500,0,0,0" fore_color="00F8F8F8" transparent="1" border="4" border_color="00FFFFFF" border_radius="15" image_normal="/BIZ/101/01/PUB/bin_bt_B_600x125.png" image_down="/BIZ/101/01/PUB/bin_bt_B_600x125_o.png" imagesize="1" box_shadow_effect="0" line_height="66" hover_font="Noto Sans CJK KR,34,1,0,0,0" down_color_use="4" down_forecolor="00F8F8F8" down_backcolor="00DAD6D2" down_bordercolor="00FFFFFF" disable_color_use="1" disable_forecolor="00EBEBEB" disable_backcolor="00DAD6D2" version="1.1" on_mouseup="eventfunc:btn_ok_on_mouseup(objInst)"/>
						<text control_id="1131" name="TX_power" autosize="0" x="269" y="180" right="675" bottom="548" width="136" height="66" custom_class="TX_101_subContents" text="15kWh" font="Noto Sans KR Medium,33.8,1,0,0,0" fore_color="00D27416" back_color="00F6F6F6" transparent="1" version="1.1"/>
						<text control_id="1132" name="TX_Time" autosize="0" x="755" y="182" right="129" bottom="546" width="196" height="66" custom_class="TX_101_subContents" text="00:10:00" font="Noto Sans KR Medium,33.8,500,0,0,0" fore_color="00D27416" back_color="00F6F6F6" transparent="1" version="1.1"/>
					</tab_item>
					<tab_item title="전력량" width="250" height="100" link_type="1" line_height="0" image="/BIZ/101/01/PUB/tap_bt_G_250x100.png" selimage="/BIZ/101/01/PUB/tap_bt_LG_250x100.png" panel_color="00EBEBEB">
					</tab_item>
					<tab_item title="금액" width="250" height="100" link_type="1" line_height="0" image="/BIZ/101/01/PUB/tap_bt_G_250x100.png" selimage="/BIZ/101/01/PUB/tap_bt_LG_250x100.png" panel_color="00EBEBEB">
					</tab_item>
				</tab>
				<panel control_id="233" semantic_tag="0" x="0" y="60" right="0" bottom="1089" width="1080" height="150" custom_class="PN_101_bgG" back_color="00B4B4B4" back_image="/BIZ/101/01/PUB/bg_G_1080x150.png" back_imagesize="1" border="0" title_font="맑은 고딕,9,0,0,0,0">
					<tab_order order_option="0" order_info="886"/>
					<text control_id="217" autosize="0" x="7" y="78" right="857" bottom="10" width="216" height="62" custom_class="TX_101_stepDone" text="결제방법 선택" font="Noto Sans KR Regular,31.5,0,0,0,0" fore_color="000A0A0A" back_color="00DFDDDC" transparent="1" horz_align="1" line_height="40" letter_spacing="-4.2px" version="1.1"/>
					<text control_id="218" autosize="0" x="239" y="78" right="659" bottom="10" width="182" height="62" custom_class="TX_101_stepDone" text="충전량 선택" font="Noto Sans KR Regular,31.5,0,0,0,0" fore_color="000A0A0A" back_color="00DFDDDC" transparent="1" horz_align="1" line_height="40" letter_spacing="-2.1px" version="1.1"/>
					<text control_id="219" autosize="0" x="469" y="78" right="469" bottom="10" width="142" height="62" custom_class="TX_101_step" text="결제하기" font="Noto Sans KR Regular,31.5,0,0,0,0" fore_color="006C5E5A" back_color="00DFDDDC" transparent="1" horz_align="1" line_height="40" letter_spacing="-4.2px" version="1.1"/>
					<text control_id="222" autosize="0" x="685" y="78" right="247" bottom="10" width="148" height="62" custom_class="TX_101_step" text="충전하기" font="Noto Sans KR Regular,31.5,0,0,0,0" fore_color="006C5E5A" back_color="00DFDDDC" transparent="1" horz_align="1" line_height="40" letter_spacing="-2.1px" version="1.1"/>
					<text control_id="223" autosize="0" x="940" y="78" right="64" bottom="10" width="76" height="62" custom_class="TX_101_step" text="완료" font="Noto Sans KR Regular,31.5,0,0,0,0" fore_color="006C5E5A" back_color="00DFDDDC" transparent="1" horz_align="1" line_height="40" letter_spacing="-2.1px" version="1.1"/>
					<panel control_id="886" semantic_tag="0" x="76" y="7" right="78" bottom="69" width="926" height="74" custom_class="PN_101_stepBar_2" back_color="00DFDFDF" transparent="1" back_image="/BIZ/101/01/PUB/comn_5step_B_bar_2.png" border="0" title_font="맑은 고딕,9,0,0,0,0"></panel>
				</panel>
				<panel control_id="6" semantic_tag="0" x="0" y="0" right="0" bottom="1239" width="1080" height="60" custom_class="PN_101_top" back_color="00C4C4C4" border="0" vertscrollbar_style="0" horzscrollbar_style="0" title_font="맑은 고딕,9,0,0,0,0">
					<pushbutton control_id="884" x="434" y="12" right="433" bottom="8" width="213" height="40" style_class="0" custom_class="IM_101_title" text="" font="맑은 고딕,9,0,0,0,0" back_color="00C4C4C4" transparent="1" border="4" image_normal="/BIZ/101/01/PUB/logo_electcar_charge.png" imagesize="2" box_shadow_effect="0" hover_font="맑은 고딕,9,0,0,0,0" version="1.1"/>
				</panel>
				<panel control_id="7" semantic_tag="0" x="0" y="1095" right="0" bottom="89" width="1080" height="115" custom_class="PN_101_back" border="0" title_font="맑은 고딕,9,0,0,0,0">
					<tab_order order_option="0" order_info="236,237,235,48,230"/>
					<pushbutton control_id="230" name="btn_Acc" x="658" y="18" right="222" bottom="17" width="200" height="80" style_class="0" custom_class="PB_101_access" text="접근성" font="Noto Sans KR Medium,31.5,500,0,0,0" fore_color="00FFFFFF" transparent="1" border="4" border_color="00E2E2E2" border_radius="44" image_normal="/BIZ/101/01/PUB/lowsc_bt.png" image_down="/BIZ/101/01/PUB/lowsc_bt_o.png" imagesize="1" box_shadow_effect="0" horz_align="0" line_height="62" text_margin="61,27,9,9" text_wordellipsis="0" hover_font="맑은 고딕,9,0,0,0,0" down_color_use="2" down_forecolor="00F8F8F8" letter_spacing="-2.1px" version="1.1" on_mouseup="eventfunc:btn_Acc_on_mouseup(objInst)"/>
					<pushbutton control_id="48" name="btn_Prev" x="226" y="18" right="654" bottom="17" width="200" height="80" style_class="0" custom_class="PB_101_Previous" text="이전" font="Noto Sans KR Medium,31.5,500,0,0,0" fore_color="000A0A0A" back_color="00F0FFFF" transparent="1" border="4" border_color="0024C5FF" border_radius="45" image_normal="/BIZ/101/01/PUB/back_bt.png" image_focus="/BIZ/101/01/PUB/back_bt_foc.png" image_down="/BIZ/101/01/PUB/back_bt_o.png" imagesize="1" image_vert_align="1" box_shadow_effect="0" line_height="62" text_margin="70,54,9,9" hover_font="맑은 고딕,9,0,0,0,0" down_color_use="3" down_backcolor="0019AADE" letter_spacing="-2.1px" version="1.1" on_mouseup="eventfunc:btn_Prev_on_mouseup(objInst)"/>
					<pushbutton control_id="235" name="btn_Home" x="15" y="18" right="865" bottom="17" width="200" height="80" style_class="0" custom_class="PB_101_home" text="처음으로" font="Noto Sans KR Medium,31.5,500,0,0,0" fore_color="000A0A0A" back_color="00FBFBFB" border="4" border_color="007A665E" border_radius="35,35,35,35" image_normal="/BIZ/101/01/PUB/home_bt_G_200x70.png" image_down="/BIZ/101/01/PUB/home_bt_G_o.png" imagesize="1" image_vert_align="1" box_shadow_effect="0" horz_align="0" line_height="62" text_margin="40,12,9,9" hover_font="맑은 고딕,9,0,0,0,0" down_color_use="3" down_backcolor="006D574E" letter_spacing="-2.1px" version="1.1" on_mouseup="eventfunc:btn_Home_on_mouseup(objInst)"/>
					<pushbutton control_id="236" name="btn_Flag" x="500" y="16" right="500" bottom="19" width="80" height="80" style_class="0" custom_class="PB_101_selLanguage" text="" font="Noto Sans CJK KR,32,0,0,0,0" fore_color="000A0A0A" transparent="1" border="4" border_color="00E2E2E2" border_radius="44" image_normal="/BIZ/101/01/PUB/language_lound_bt.png" image_down="/BIZ/101/01/PUB/language_lound_kr_bt_o.png" imagesize="1" box_shadow_effect="0" horz_align="2" line_height="62" text_margin="" text_wordellipsis="0" hover_font="맑은 고딕,9,0,0,0,0" down_color_use="2" down_forecolor="00F8F8F8" version="1.1"/>
					<pushbutton control_id="237" name="btn_Call" x="867" y="16" right="13" bottom="19" width="200" height="80" style_class="0" custom_class="PB_101_call" text="직원호출" font="Noto Sans KR Medium,31.5,500,0,0,0" fore_color="00FFFFFF" back_color="00FBFBFB" border="4" border_color="000000D1" border_radius="35" image_normal="/BIZ/101/01/PUB/call_bt_R_200x80.png" image_down="/BIZ/101/01/PUB/call_bt_R_200x80_o.png" imagesize="1" image_vert_align="1" box_shadow_effect="0" horz_align="0" line_height="62" text_margin="38,14,9,9" hover_font="맑은 고딕,9,0,0,0,0" down_color_use="3" down_backcolor="0011119C" letter_spacing="-2.1px" version="1.1" on_mouseup="eventfunc:btn_Call_on_mouseup(objInst)"/>
				</panel>
			</panel>
		</panel>
	</map>
</map_list>
