﻿<?xml version="1.0" encoding="UTF-8"?>
<map_list>
	<map>
		<screen version="2.0" scriptcode="java" title="[저]무인발권기_호차" directory="/BIZ/103/06LP/POP/" screenid="103061" last_update_date="2024-11-05 10:21:51" width="1080" width_type="0" height="1920" height_type="0" canvas_width="1081" canvas_height="1921" on_load="eventfunc:screen_on_load()" funclist="screen_on_load,btn_clo_on_mouseup,btn_1_on_click"/>
		<panel control_id="881" semantic_tag="0" x="0" y="0" right="180" bottom="885" width="900" height="1035" custom_class="PN_101_startBack" back_color="00F2F2F2" border="0" border_radius="15" title_font="Noto Sans CJK KR Bold,33.8,1,0,0,0">
			<tab_order order_option="0" order_info="1012,1138,1136,1103,1106,1107,1108,1112,1113,1114,1118,1119,1120,1124,1125,1126,1130,1131,1132,81,190"/>
			<text control_id="897" autosize="0" x="271" y="25" right="270" bottom="936" width="359" height="74" custom_class="TX_101_contents" text="&lt;font class=&quot;TX_101_subContents&quot; color=&quot;#1674D2&quot;&gt;호차&lt;/font&gt;를 선택하세요" font="Noto Sans CJK KR Bold,37.5,1,0,0,0" back_color="00F6F6F6" transparent="1" letter_spacing="-2.5px" version="1.1"/>
			<panel control_id="1012" semantic_tag="0" x="110" y="114" right="110" bottom="917" width="680" height="4" border_color="00C2C2C2" border_ex="0,1,00C2C2C2,,0,0-0-0-0,0,0,1,0,00FFFFFF,00E1E1E1^1,1,00C2C2C2,1^1,0,00B4B4B4,1^1,0,00B4B4B4,1^1,0,00B4B4B4,1" title_font="맑은 고딕,9,0,0,0,0"></panel>
			<pushbutton control_id="1103" x="575" y="137" right="105" bottom="793" width="220" height="105" style_class="0" custom_class="PB_106_pop" text="3호차" font="Noto Sans KR Medium,31.5,500,0,0,0" fore_color="000A0A0A" transparent="1" border_radius="15" image_normal="/BIZ/103/06/PUB/bin_Wline_bt_200x125.png" image_down="/BIZ/103/06/PUB/bin_Wline_bt_200x125_o.png" imagesize="1" box_shadow_effect="0" vert_align="0" hover_font="맑은 고딕,9,0,0,0,0" letter_spacing="-2.1px" version="1.1"/>
			<text control_id="1105" autosize="0" x="604" y="179" right="134" bottom="794" width="162" height="62" custom_class="TX_101_subContents" text="잔여석 60" font="Noto Sans CJK KR Medium,31.5,500,0,0,0" fore_color="00D27416" transparent="1" letter_spacing="-2.1px" version="1.1"/>
			<pushbutton control_id="1106" x="105" y="261" right="575" bottom="669" width="220" height="105" style_class="0" custom_class="PB_106_pop" text="4호차" font="Noto Sans KR Medium,33.8,500,0,0,0" fore_color="000A0A0A" transparent="1" border_radius="15" image_normal="/BIZ/103/06/PUB/bin_Wline_bt_200x125.png" image_down="/BIZ/103/06/PUB/bin_Wline_bt_200x125_o.png" imagesize="1" box_shadow_effect="0" vert_align="0" text_margin="" hover_font="맑은 고딕,9,0,0,0,0" letter_spacing="-2.25px" version="1.1"/>
			<pushbutton control_id="1107" x="340" y="261" right="340" bottom="669" width="220" height="105" style_class="0" custom_class="PB_106_pop" text="5호차" font="Noto Sans KR Medium,31.5,500,0,0,0" fore_color="000A0A0A" transparent="1" border_radius="15" image_normal="/BIZ/103/06/PUB/bin_Wline_bt_200x125.png" image_down="/BIZ/103/06/PUB/bin_Wline_bt_200x125_o.png" imagesize="1" box_shadow_effect="0" vert_align="0" text_margin="" hover_font="맑은 고딕,9,0,0,0,0" letter_spacing="-2.1px" version="1.1"/>
			<pushbutton control_id="1108" x="575" y="261" right="105" bottom="669" width="220" height="105" style_class="0" custom_class="PB_106_pop" text="6호차" font="Noto Sans KR Medium,31.5,500,0,0,0" fore_color="000A0A0A" transparent="1" border_radius="15" image_normal="/BIZ/103/06/PUB/bin_Wline_bt_200x125.png" image_down="/BIZ/103/06/PUB/bin_Wline_bt_200x125_o.png" imagesize="1" box_shadow_effect="0" vert_align="0" text_margin="" hover_font="맑은 고딕,9,0,0,0,0" letter_spacing="-2.1px" version="1.1"/>
			<text control_id="1109" autosize="0" x="134" y="304" right="604" bottom="669" width="162" height="62" custom_class="TX_101_subContents" text="잔여석 60" font="Noto Sans CJK KR Medium,31.5,500,0,0,0" fore_color="00D27416" transparent="1" letter_spacing="-2.1px" version="1.1"/>
			<text control_id="1110" autosize="0" x="369" y="304" right="369" bottom="669" width="162" height="62" custom_class="TX_101_subContents" text="잔여석 60" font="Noto Sans CJK KR Medium,31.5,500,0,0,0" fore_color="00D27416" transparent="1" letter_spacing="-2.1px" version="1.1"/>
			<text control_id="1111" autosize="0" x="604" y="304" right="134" bottom="669" width="162" height="62" custom_class="TX_101_subContents" text="잔여석 60" font="Noto Sans CJK KR Medium,31.5,500,0,0,0" fore_color="00D27416" transparent="1" letter_spacing="-2.1px" version="1.1"/>
			<pushbutton control_id="1112" x="105" y="380" right="575" bottom="550" width="220" height="105" style_class="0" custom_class="PB_106_pop" text="7호차" font="Noto Sans KR Medium,33.8,500,0,0,0" fore_color="000A0A0A" transparent="1" border_radius="15" image_normal="/BIZ/103/06/PUB/bin_Wline_bt_200x125.png" image_down="/BIZ/103/06/PUB/bin_Wline_bt_200x125_o.png" imagesize="1" box_shadow_effect="0" vert_align="0" text_margin="" hover_font="맑은 고딕,9,0,0,0,0" letter_spacing="-2.25px" version="1.1"/>
			<pushbutton control_id="1113" x="340" y="380" right="340" bottom="550" width="220" height="105" style_class="0" custom_class="PB_106_pop" text="8호차" font="Noto Sans KR Medium,31.5,500,0,0,0" fore_color="000A0A0A" transparent="1" border_radius="15" image_normal="/BIZ/103/06/PUB/bin_Wline_bt_200x125.png" image_down="/BIZ/103/06/PUB/bin_Wline_bt_200x125_o.png" imagesize="1" box_shadow_effect="0" vert_align="0" text_margin="" hover_font="맑은 고딕,9,0,0,0,0" letter_spacing="-2.1px" version="1.1"/>
			<pushbutton control_id="1114" x="575" y="380" right="105" bottom="550" width="220" height="105" style_class="0" custom_class="PB_106_pop" text="9호차" font="Noto Sans KR Medium,31.5,500,0,0,0" fore_color="000A0A0A" transparent="1" border_radius="15" image_normal="/BIZ/103/06/PUB/bin_Wline_bt_200x125.png" image_down="/BIZ/103/06/PUB/bin_Wline_bt_200x125_o.png" imagesize="1" box_shadow_effect="0" vert_align="0" text_margin="" hover_font="맑은 고딕,9,0,0,0,0" letter_spacing="-2.1px" version="1.1"/>
			<text control_id="1115" autosize="0" x="134" y="423" right="604" bottom="550" width="162" height="62" custom_class="TX_101_subContents" text="잔여석 60" font="Noto Sans CJK KR Medium,31.5,500,0,0,0" fore_color="00D27416" transparent="1" letter_spacing="-2.1px" version="1.1"/>
			<text control_id="1116" autosize="0" x="369" y="423" right="369" bottom="550" width="162" height="62" custom_class="TX_101_subContents" text="잔여석 60" font="Noto Sans CJK KR Medium,31.5,500,0,0,0" fore_color="00D27416" transparent="1" letter_spacing="-2.1px" version="1.1"/>
			<text control_id="1117" autosize="0" x="604" y="423" right="134" bottom="550" width="162" height="62" custom_class="TX_101_subContents" text="잔여석 60" font="Noto Sans CJK KR Medium,31.5,500,0,0,0" fore_color="00D27416" transparent="1" letter_spacing="-2.1px" version="1.1"/>
			<pushbutton control_id="1118" x="105" y="500" right="575" bottom="430" width="220" height="105" style_class="0" custom_class="PB_106_pop" text="10호차" font="Noto Sans KR Medium,33.8,500,0,0,0" fore_color="000A0A0A" transparent="1" border_radius="15" image_normal="/BIZ/103/06/PUB/bin_Wline_bt_200x125.png" image_down="/BIZ/103/06/PUB/bin_Wline_bt_200x125_o.png" imagesize="1" box_shadow_effect="0" vert_align="0" text_margin="" hover_font="맑은 고딕,9,0,0,0,0" letter_spacing="-2.25px" version="1.1"/>
			<pushbutton control_id="1119" x="340" y="500" right="340" bottom="430" width="220" height="105" style_class="0" custom_class="PB_106_pop" text="11차" font="Noto Sans KR Medium,31.5,500,0,0,0" fore_color="000A0A0A" transparent="1" border_radius="15" image_normal="/BIZ/103/06/PUB/bin_Wline_bt_200x125.png" image_down="/BIZ/103/06/PUB/bin_Wline_bt_200x125_o.png" imagesize="1" box_shadow_effect="0" vert_align="0" text_margin="" hover_font="맑은 고딕,9,0,0,0,0" letter_spacing="-2.1px" version="1.1"/>
			<pushbutton control_id="1120" x="575" y="500" right="105" bottom="430" width="220" height="105" style_class="0" custom_class="PB_106_pop" text="12호차" font="Noto Sans KR Medium,31.5,500,0,0,0" fore_color="000A0A0A" transparent="1" border_radius="15" image_normal="/BIZ/103/06/PUB/bin_Wline_bt_200x125.png" image_down="/BIZ/103/06/PUB/bin_Wline_bt_200x125_o.png" imagesize="1" box_shadow_effect="0" vert_align="0" text_margin="" hover_font="맑은 고딕,9,0,0,0,0" letter_spacing="-2.1px" version="1.1"/>
			<text control_id="1121" autosize="0" x="134" y="543" right="604" bottom="430" width="162" height="62" custom_class="TX_101_subContents" text="잔여석 60" font="Noto Sans CJK KR Medium,31.5,500,0,0,0" fore_color="00D27416" transparent="1" letter_spacing="-2.1px" version="1.1"/>
			<text control_id="1122" autosize="0" x="369" y="543" right="369" bottom="430" width="162" height="62" custom_class="TX_101_subContents" text="잔여석 60" font="Noto Sans CJK KR Medium,31.5,500,0,0,0" fore_color="00D27416" transparent="1" letter_spacing="-2.1px" version="1.1"/>
			<text control_id="1123" autosize="0" x="604" y="543" right="134" bottom="430" width="162" height="62" custom_class="TX_101_subContents" text="잔여석 60" font="Noto Sans CJK KR Medium,31.5,500,0,0,0" fore_color="00D27416" transparent="1" letter_spacing="-2.1px" version="1.1"/>
			<pushbutton control_id="1124" x="105" y="623" right="575" bottom="307" width="220" height="105" style_class="0" custom_class="PB_106_pop" text="13호차" font="Noto Sans KR Medium,33.8,500,0,0,0" fore_color="000A0A0A" transparent="1" border_radius="15" image_normal="/BIZ/103/06/PUB/bin_Wline_bt_200x125.png" image_down="/BIZ/103/06/PUB/bin_Wline_bt_200x125_o.png" imagesize="1" box_shadow_effect="0" vert_align="0" text_margin="" hover_font="맑은 고딕,9,0,0,0,0" letter_spacing="-2.25px" version="1.1"/>
			<pushbutton control_id="1125" x="340" y="623" right="340" bottom="307" width="220" height="105" style_class="0" custom_class="PB_106_pop" text="14호차" font="Noto Sans KR Medium,31.5,500,0,0,0" fore_color="000A0A0A" transparent="1" border_radius="15" image_normal="/BIZ/103/06/PUB/bin_Wline_bt_200x125.png" image_down="/BIZ/103/06/PUB/bin_Wline_bt_200x125_o.png" imagesize="1" box_shadow_effect="0" vert_align="0" text_margin="" hover_font="맑은 고딕,9,0,0,0,0" letter_spacing="-2.1px" version="1.1"/>
			<pushbutton control_id="1126" x="575" y="623" right="105" bottom="307" width="220" height="105" style_class="0" custom_class="PB_106_pop" text="15호차" font="Noto Sans KR Medium,31.5,500,0,0,0" fore_color="000A0A0A" transparent="1" border_radius="15" image_normal="/BIZ/103/06/PUB/bin_Wline_bt_200x125.png" image_down="/BIZ/103/06/PUB/bin_Wline_bt_200x125_o.png" imagesize="1" box_shadow_effect="0" vert_align="0" text_margin="" hover_font="맑은 고딕,9,0,0,0,0" letter_spacing="-2.1px" version="1.1"/>
			<text control_id="1127" autosize="0" x="134" y="662" right="604" bottom="311" width="162" height="62" custom_class="TX_101_subContents" text="잔여석 60" font="Noto Sans CJK KR Medium,31.5,500,0,0,0" fore_color="00D27416" transparent="1" letter_spacing="-2.1px" version="1.1"/>
			<text control_id="1128" autosize="0" x="369" y="662" right="369" bottom="311" width="162" height="62" custom_class="TX_101_subContents" text="잔여석 60" font="Noto Sans CJK KR Medium,31.5,500,0,0,0" fore_color="00D27416" transparent="1" letter_spacing="-2.1px" version="1.1"/>
			<text control_id="1129" autosize="0" x="604" y="662" right="134" bottom="311" width="162" height="62" custom_class="TX_101_subContents" text="잔여석 60" font="Noto Sans CJK KR Medium,31.5,500,0,0,0" fore_color="00D27416" transparent="1" letter_spacing="-2.1px" version="1.1"/>
			<pushbutton control_id="1130" x="105" y="739" right="575" bottom="191" width="220" height="105" style_class="0" custom_class="PB_106_pop" text="16호차" font="Noto Sans KR Medium,33.8,500,0,0,0" fore_color="000A0A0A" transparent="1" border_radius="15" image_normal="/BIZ/103/06/PUB/bin_Wline_bt_200x125.png" image_down="/BIZ/103/06/PUB/bin_Wline_bt_200x125_o.png" imagesize="1" box_shadow_effect="0" vert_align="0" text_margin="" hover_font="맑은 고딕,9,0,0,0,0" letter_spacing="-2.25px" version="1.1"/>
			<pushbutton control_id="1131" x="340" y="739" right="340" bottom="191" width="220" height="105" style_class="0" custom_class="PB_106_pop" text="17호차" font="Noto Sans KR Medium,31.5,500,0,0,0" fore_color="000A0A0A" transparent="1" border_radius="15" image_normal="/BIZ/103/06/PUB/bin_Wline_bt_200x125.png" image_down="/BIZ/103/06/PUB/bin_Wline_bt_200x125_o.png" imagesize="1" box_shadow_effect="0" vert_align="0" text_margin="" hover_font="맑은 고딕,9,0,0,0,0" letter_spacing="-2.1px" version="1.1"/>
			<pushbutton control_id="1132" x="575" y="739" right="105" bottom="191" width="220" height="105" style_class="0" custom_class="PB_106_pop" text="18호차" font="Noto Sans KR Medium,31.5,500,0,0,0" fore_color="000A0A0A" transparent="1" border_radius="15" image_normal="/BIZ/103/06/PUB/bin_Wline_bt_200x125.png" image_down="/BIZ/103/06/PUB/bin_Wline_bt_200x125_o.png" imagesize="1" box_shadow_effect="0" vert_align="0" text_margin="" hover_font="맑은 고딕,9,0,0,0,0" letter_spacing="-2.1px" version="1.1"/>
			<text control_id="1133" autosize="0" x="134" y="782" right="604" bottom="191" width="162" height="62" custom_class="TX_101_subContents" text="잔여석 60" font="Noto Sans CJK KR Medium,31.5,500,0,0,0" fore_color="00D27416" transparent="1" letter_spacing="-2.1px" version="1.1"/>
			<text control_id="1134" autosize="0" x="369" y="782" right="369" bottom="191" width="162" height="62" custom_class="TX_101_subContents" text="잔여석 60" font="Noto Sans CJK KR Medium,31.5,500,0,0,0" fore_color="00D27416" transparent="1" letter_spacing="-2.1px" version="1.1"/>
			<text control_id="1135" autosize="0" x="604" y="782" right="134" bottom="191" width="162" height="62" custom_class="TX_101_subContents" text="잔여석 60" font="Noto Sans CJK KR Medium,31.5,500,0,0,0" fore_color="00D27416" transparent="1" letter_spacing="-2.1px" version="1.1"/>
			<pushbutton control_id="81" x="118" y="869" right="462" bottom="46" width="320" height="120" style_class="0" custom_class="PB_106_c" text="취소" font="Noto Sans KR Medium,33.8,500,0,0,0" fore_color="00F8F8F8" transparent="1" border="4" border_color="00FFFFFF" image_normal="/BIZ/103/06/PUB/bin_bt_G_320x120.png" image_down="/BIZ/103/06/PUB/bin_bt_G_320x120_o.png" box_shadow_effect="0" line_height="66" hover_font="Noto Sans CJK KR,34,500,0,0,0" down_color_use="4" down_forecolor="00F8F8F8" down_backcolor="00F1F1F1" down_bordercolor="00FFFFFF" disable_backcolor="00F1F1F1" version="1.1" on_click="eventfunc:btn_close_on_click(objInst)" on_mouseup="eventfunc:btn_clo_on_mouseup(objInst)"/>
			<pushbutton control_id="190" x="463" y="869" right="117" bottom="46" width="320" height="120" style_class="0" custom_class="PB_106_click" text="확인" font="Noto Sans KR Medium,33.8,500,0,0,0" fore_color="00F8F8F8" transparent="1" border="4" border_color="00FFFFFF" image_normal="/BIZ/103/06/PUB/bin_bt_B_320x120.png" image_down="/BIZ/103/06/PUB/bin_bt_B_320x120_o.png" box_shadow_effect="0" line_height="66" hover_font="Noto Sans CJK KR,34,500,0,0,0" down_color_use="4" down_forecolor="00F8F8F8" down_backcolor="00F1F1F1" down_bordercolor="00FFFFFF" disable_backcolor="00F1F1F1" version="1.1" on_click="eventfunc:btn_ok_on_click(objInst)"/>
			<pushbutton control_id="1136" x="340" y="137" right="340" bottom="793" width="220" height="105" style_class="0" custom_class="PB_106_pop" text="2호차" font="Noto Sans KR Medium,31.5,500,0,0,0" fore_color="000A0A0A" transparent="1" border_radius="15" image_normal="/BIZ/103/06/PUB/bin_Wline_bt_200x125.png" image_down="/BIZ/103/06/PUB/bin_Wline_bt_200x125_o.png" imagesize="1" box_shadow_effect="0" vert_align="0" text_margin="" hover_font="맑은 고딕,9,0,0,0,0" letter_spacing="-2.1px" version="1.1"/>
			<text control_id="1137" autosize="0" x="369" y="179" right="369" bottom="794" width="162" height="62" custom_class="TX_101_subContents" text="잔여석 60" font="Noto Sans CJK KR Medium,31.5,500,0,0,0" fore_color="00D27416" transparent="1" letter_spacing="-2.1px" version="1.1"/>
			<pushbutton control_id="1138" x="105" y="137" right="575" bottom="793" width="220" height="105" style_class="0" custom_class="PB_106_pop" text="1호차" font="Noto Sans KR Medium,31.5,500,0,0,0" fore_color="000A0A0A" transparent="1" border_radius="15" image_normal="/BIZ/103/06/PUB/bin_Wline_bt_200x125.png" image_down="/BIZ/103/06/PUB/bin_Wline_bt_200x125_o.png" imagesize="1" box_shadow_effect="0" vert_align="0" text_margin="" hover_font="맑은 고딕,9,0,0,0,0" letter_spacing="-2.1px" version="1.1" on_click="eventfunc:btn_1_on_click(objInst)"/>
			<text control_id="1139" autosize="0" x="134" y="179" right="604" bottom="794" width="162" height="62" custom_class="TX_101_subContents" text="잔여석 60" font="Noto Sans CJK KR Medium,31.5,500,0,0,0" fore_color="00D27416" transparent="1" letter_spacing="-2.1px" version="1.1"/>
		</panel>
	</map>
</map_list>
