﻿<?xml version="1.0" encoding="UTF-8"?>
<map_list>
	<map>
		<screen version="2.0" scriptcode="java" title="[저]무인발권기_운임요금" directory="/BIZ/103/06LP/POP/" screenid="103062" last_update_date="2024-11-05 10:07:59" width="1080" width_type="0" height="1920" height_type="0" canvas_width="1081" canvas_height="1921" on_load="eventfunc:screen_on_load()" funclist="screen_on_load,btn_ok_on_click"/>
		<panel control_id="881" semantic_tag="0" x="0" y="0" right="180" bottom="885" width="900" height="1035" custom_class="PN_101_startBack" back_color="00F2F2F2" border="0" border_radius="15" title_font="Noto Sans CJK KR Bold,33.8,1,0,0,0">
			<tab_order order_option="0" order_info="1012,1138,190"/>
			<text control_id="897" autosize="0" x="227" y="25" right="227" bottom="936" width="446" height="74" custom_class="TX_101_contents" text="&lt;font class=&quot;TX_101_subContents&quot; color=&quot;#1674D2&quot;&gt;운임요금&lt;/font&gt;을 확인하세요" font="Noto Sans CJK KR Bold,37.5,1,0,0,0" back_color="00F6F6F6" transparent="1" letter_spacing="-2.5px" version="1.1"/>
			<panel control_id="1012" semantic_tag="0" x="110" y="114" right="110" bottom="917" width="680" height="4" border_color="00C2C2C2" border_ex="0,1,00C2C2C2,,0,0-0-0-0,0,0,1,0,00FFFFFF,00E1E1E1^1,1,00C2C2C2,1^1,0,00B4B4B4,1^1,0,00B4B4B4,1^1,0,00B4B4B4,1" title_font="맑은 고딕,9,0,0,0,0"></panel>
			<pushbutton control_id="190" x="150" y="869" right="150" bottom="41" width="600" height="125" style_class="0" custom_class="PB_101_com" text="닫기" font="Noto Sans KR Medium,33.8,500,0,0,0" fore_color="00F8F8F8" transparent="1" border="4" border_color="00FFFFFF" image_normal="/BIZ/103/06/PUB/bin_bt_B_600x125.png" image_down="/BIZ/103/06/PUB/bin_bt_B_600x125_o.png" imagesize="2" box_shadow_effect="0" line_height="66" hover_font="Noto Sans CJK KR,34,500,0,0,0" down_color_use="4" down_forecolor="00F8F8F8" down_backcolor="00F1F1F1" down_bordercolor="00FFFFFF" disable_backcolor="00F1F1F1" version="1.1" on_click="eventfunc:btn_ok_on_click(objInst)"/>
			<panel control_id="1138" semantic_tag="0" x="108" y="187" right="107" bottom="248" width="685" height="600" custom_class="PN_106_pop_1" transparent="1" back_image="/BIZ/103/06/PUB/table_box_685x600.png" border="0" title_font="맑은 고딕,9,0,0,0,0">
				<text control_id="989" autosize="0" x="281" y="16" right="280" bottom="518" width="124" height="66" custom_class="TX_101_contents" text="일반실" font="Noto Sans CJK KR Medium,33.8,500,0,0,0" fore_color="000A0A0A" back_color="00D2D2D2" transparent="1" letter_spacing="-2.75px" version="1.1"/>
				<text control_id="1139" autosize="0" x="26" y="138" right="441" bottom="396" width="218" height="66" custom_class="TX_101_contents" text="성인·청소년" font="Noto Sans CJK KR Medium,31.5,500,0,0,0" fore_color="000A0A0A" back_color="00D2D2D2" transparent="1" letter_spacing="-2.75px" version="1.1"/>
				<text control_id="1140" autosize="0" x="26" y="263" right="441" bottom="271" width="218" height="66" custom_class="TX_101_contents" text="어린이" font="Noto Sans CJK KR Medium,31.5,500,0,0,0" fore_color="000A0A0A" back_color="00D2D2D2" transparent="1" horz_align="1" letter_spacing="-2.75px" version="1.1"/>
				<text control_id="1141" autosize="0" x="26" y="384" right="441" bottom="150" width="218" height="66" custom_class="TX_101_contents" text="경로" font="Noto Sans CJK KR Medium,31.5,500,0,0,0" fore_color="000A0A0A" back_color="00D2D2D2" transparent="1" horz_align="1" letter_spacing="-2.75px" version="1.1"/>
				<text control_id="1142" autosize="0" x="26" y="504" right="441" bottom="30" width="218" height="66" custom_class="TX_101_contents" text="할인/무임" font="Noto Sans CJK KR Medium,31.5,500,0,0,0" fore_color="000A0A0A" back_color="00D2D2D2" transparent="1" horz_align="1" letter_spacing="-2.75px" version="1.1"/>
				<text control_id="1143" autosize="0" x="383" y="135" right="114" bottom="399" width="188" height="66" custom_class="TX_101_contents" text="59,800원" font="Noto Sans CJK KR Bold,33.8,1,0,0,0" fore_color="000A0A0A" transparent="1" horz_align="1" letter_spacing="-2.75px" version="1.1"/>
				<text control_id="1144" autosize="0" x="383" y="263" right="114" bottom="271" width="188" height="66" custom_class="TX_101_contents" text="29,900원" font="Noto Sans CJK KR Bold,33.8,1,0,0,0" fore_color="000A0A0A" transparent="1" horz_align="1" letter_spacing="-2.75px" version="1.1"/>
				<text control_id="1145" autosize="0" x="383" y="384" right="114" bottom="150" width="188" height="66" custom_class="TX_101_contents" text="41,900원" font="Noto Sans CJK KR Bold,33.8,1,0,0,0" fore_color="000A0A0A" transparent="1" horz_align="1" letter_spacing="-2.75px" version="1.1"/>
				<text control_id="1146" autosize="0" x="383" y="504" right="114" bottom="30" width="188" height="66" custom_class="TX_101_contents" text="11,400원" font="Noto Sans CJK KR Bold,33.8,1,0,0,0" fore_color="000A0A0A" transparent="1" horz_align="1" letter_spacing="-2.75px" version="1.1"/>
			</panel>
		</panel>
	</map>
</map_list>
