﻿<?xml version="1.0" encoding="UTF-8"?>
<map_list>
	<map>
		<screen version="2.0" scriptcode="java" title="음식점_주문완료" directory="/BIZ/102/05/" screenid="10205011" last_update_date="2024-10-31 09:53:58" width="1080" width_type="0" height="1920" height_type="0" canvas_width="1081" canvas_height="1921" on_load="eventfunc:screen_on_load()" on_popupdestroy="eventfunc:screen_on_popupdestroy(popup_screen, popup_name, result)" funclist="test_on_click"/>
		<panel control_id="0" semantic_tag="0" x="0" y="0" right="0" bottom="0" width="1080" height="1920" border="0" border_color="00E1E1E1" vertscrollbar_style="0" horzscrollbar_style="0" title_font="맑은 고딕,9,0,0,0,0">
			<tab_order order_option="0" order_info="6,2,5"/>
			<panel control_id="2" semantic_tag="0" x="0" y="80" right="0" bottom="115" width="1080" height="1725" border="0" vertscrollbar_style="0" horzscrollbar_style="0" title_font="맑은 고딕,9,0,0,0,0">
				<tab_order order_option="0" order_info="233,104"/>
				<panel control_id="104" semantic_tag="0" x="0" y="150" right="0" bottom="0" width="1080" height="1575" custom_class="PN_105_color_1" back_color="00F8F8F8" border="0" vertscrollbar_style="0" horzscrollbar_style="0" title_font="맑은 고딕,9,0,0,0,0">
					<tab_order order_option="0" order_info="1204"/>
					<text control_id="185" autosize="0" x="215" y="158" right="215" bottom="1328" width="650" height="89" custom_class="TX_105_R" text="주문되었습니다" font="Noto Sans KR Bold,45,1,0,0,0" fore_color="003016D2" back_color="00F6F6F6" transparent="1" horz_align="1" line_height="90" letter_spacing="-3px" version="1.1"/>
					<text control_id="240" autosize="0" x="183" y="248" right="183" bottom="1238" width="714" height="89" custom_class="TX_101_contents" text="출력되는 &lt;font class=&quot;TX_105_R&quot; color=&quot;#D21630&quot;&gt;주문표&lt;/font&gt;를 받으세요" font="Noto Sans KR Bold,45,1,0,0,0" fore_color="000A0A0A" back_color="00F6F6F6" transparent="1" horz_align="1" line_height="90" letter_spacing="-3px" version="1.1"/>
					<text control_id="1199" autosize="0" x="460" y="501" right="462" bottom="1008" width="158" height="66" text="주문번호" font="Noto Sans KR Bold,33.8,1,0,0,0" transparent="1" line_height="90" letter_spacing="-2.25px" version="1.1"/>
					<text control_id="1200" autosize="0" x="414" y="586" right="416" bottom="767" width="250" height="222" custom_class="TX_105_R" text="123" font="Noto Sans KR Bold,112.5,1,0,0,0" fore_color="003016D2" transparent="1" horz_align="1" line_height="90" letter_spacing="-7.5px" version="1.1"/>
					<line control_id="1202" x1="405" y1="807" x2="675" y2="807" right="405" bottom="768" line_width="1" line_color="00727374"/>
					<line control_id="1203" x1="405" y1="586" x2="675" y2="586" right="405" bottom="989" line_width="1" line_color="00727374"/>
					<panel control_id="1204" semantic_tag="0" x="345" y="942" right="345" bottom="300" width="390" height="333" transparent="1" back_image="/BIZ/102/05/PUB/receipt_ico.png" border="0" title_font="맑은 고딕,9,0,0,0,0"></panel>
				</panel>
				<panel control_id="233" semantic_tag="0" x="0" y="0" right="0" bottom="1575" width="1080" height="150" custom_class="PN_101_bgG" back_color="00B4B4B4" back_image="/BIZ/101/01/PUB/bg_G_1080x150.png" back_imagesize="1" border="0" title_font="맑은 고딕,9,0,0,0,0">
					<tab_order order_option="0" order_info="886"/>
					<text control_id="217" autosize="0" x="37" y="78" right="901" bottom="10" width="142" height="62" custom_class="TX_101_stepDone" text="메뉴선택" font="Noto Sans KR Regular,31.5,0,0,0,0" fore_color="000A0A0A" back_color="00DFDDDC" transparent="1" horz_align="1" letter_spacing="-4.2px" version="1.1"/>
					<text control_id="218" autosize="0" x="250" y="78" right="682" bottom="10" width="148" height="62" custom_class="TX_101_stepDone" text="내역확인" font="Noto Sans KR Regular,31.5,0,0,0,0" fore_color="000A0A0A" back_color="00DFDDDC" transparent="1" horz_align="1" letter_spacing="-2.1px" version="1.1"/>
					<text control_id="219" autosize="0" x="449" y="78" right="449" bottom="10" width="182" height="62" custom_class="TX_101_stepDone" text="포인트적립" font="Noto Sans KR Regular,31.5,0,0,0,0" fore_color="000A0A0A" back_color="00DFDDDC" transparent="1" horz_align="1" letter_spacing="-4.2px" version="1.1"/>
					<text control_id="222" autosize="0" x="685" y="78" right="247" bottom="10" width="148" height="62" custom_class="TX_101_stepDone" text="결제하기" font="Noto Sans KR Regular,31.5,0,0,0,0" fore_color="000A0A0A" back_color="00DFDDDC" transparent="1" horz_align="1" letter_spacing="-2.1px" version="1.1"/>
					<text control_id="223" autosize="0" x="940" y="78" right="64" bottom="10" width="76" height="62" custom_class="TX_101_stepDone" text="완료" font="Noto Sans KR Regular,31.5,0,0,0,0" fore_color="000A0A0A" back_color="00DFDDDC" transparent="1" horz_align="1" letter_spacing="-2.1px" version="1.1"/>
					<panel control_id="886" semantic_tag="0" x="76" y="7" right="76" bottom="69" width="928" height="74" custom_class="PN_105_stepBar_5" transparent="1" back_image="/BIZ/102/05/PUB/comn_5step_R_bar_5.png" border="0" title_font="맑은 고딕,9,0,0,0,0"></panel>
				</panel>
			</panel>
			<panel control_id="6" semantic_tag="0" x="0" y="0" right="0" bottom="1840" width="1080" height="80" custom_class="PN_101_back" border="0" vertscrollbar_style="0" horzscrollbar_style="0" boxshadow_type="1" title_font="맑은 고딕,9,0,0,0,0">
				<tab_order order_option="0" order_info="192,214,193,888"/>
				<pushbutton control_id="192" name="btn_Home" x="14" y="5" right="866" bottom="5" width="200" height="70" style_class="0" custom_class="PB_101_home" text="처음으로" font="Noto Sans KR Medium,31.5,500,0,0,0" fore_color="000A0A0A" back_color="00FBFBFB" border="4" border_color="007A665E" border_radius="35,35,35,35" image_normal="/BIZ/101/01/PUB/home_bt_G.png" image_down="/BIZ/101/01/PUB/home_bt_G_o.png" image_vert_align="1" box_shadow_effect="0" horz_align="0" line_height="62" text_margin="40,0,0,0" hover_font="맑은 고딕,9,0,0,0,0" down_color_use="3" down_backcolor="006D574E" letter_spacing="-2.1px" version="1.1"/>
				<pushbutton control_id="193" name="btn_Call" x="866" y="5" right="14" bottom="5" width="200" height="70" style_class="0" custom_class="PB_101_call" text="직원호출" font="Noto Sans KR Medium,31.5,500,0,0,0" fore_color="00FFFFFF" back_color="00FBFBFB" border="4" border_color="000000D1" border_radius="35" image_normal="/BIZ/101/01/PUB/call_bt_R.png" image_down="/BIZ/101/01/PUB/call_bt_R_o.png" image_vert_align="1" box_shadow_effect="0" horz_align="0" line_height="62" text_margin="39,0,0,0" hover_font="맑은 고딕,9,0,0,0,0" down_color_use="3" down_backcolor="0011119C" letter_spacing="-2.1px" version="1.1"/>
				<pushbutton control_id="214" name="btn_Flag" x="758" y="5" right="252" bottom="5" width="70" height="70" style_class="0" custom_class="PB_101_selLanguage" text="" font="Noto Sans CJK KR,32,0,0,0,0" fore_color="000A0A0A" transparent="1" border="4" border_color="00E2E2E2" border_radius="44" image_normal="/BIZ/101/01/PUB/language_lound_bt.png" image_down="/BIZ/101/01/PUB/language_lound_kr_bt_o.png" box_shadow_effect="0" horz_align="2" line_height="62" text_margin="" text_wordellipsis="0" hover_font="맑은 고딕,9,0,0,0,0" down_color_use="2" down_forecolor="00F8F8F8" version="1.1"/>
				<pushbutton control_id="888" x="447" y="20" right="446" bottom="17" width="187" height="43" style_class="0" custom_class="PB_105_title" text="" font="맑은 고딕,9,0,0,0,0" transparent="1" border="4" image_normal="/BIZ/102/05/PUB/logo_restaurant.png" imagesize="1" hover_font="맑은 고딕,9,0,0,0,0" version="1.1"/>
			</panel>
			<panel control_id="5" semantic_tag="0" x="0" y="1805" right="0" bottom="0" width="1080" height="115" back_color="00FBFBFB" border="0" vertscrollbar_style="0" horzscrollbar_style="0" boxshadow_type="1" title_font="맑은 고딕,9,0,0,0,0">
				<pushbutton control_id="57" name="btn_Acc" x="854" y="18" right="26" bottom="17" width="200" height="80" style_class="0" text="접근성" font="Noto Sans CJK KR,32,500,0,0,0" fore_color="00FFFFFF" back_color="00FBFBFB" border="4" border_color="00FFFFFF" image_normal="/BIZ/102/05/PUB/comn_lowscreen_bt.png" image_focus="/BIZ/102/05/PUB/comn_lowscreen_bt_dim2.png" image_disable="/BIZ/102/05/PUB/comn_lowscreen_bt_dim.png" image_down="/BIZ/102/05/PUB/comn_lowscreen_bt_o.png" image_vert_align="1" box_shadow_effect="0" horz_align="0" line_height="62" text_margin="65,0,0,0" text_wordellipsis="0" hover_bordercolor="00FFFFFF" hover_font="Noto Sans CJK KR,32,500,0,0,0" down_color_use="1" down_forecolor="00FFFFFF" down_backcolor="00FBFBFB" down_bordercolor="00FFFFFF" disable_color_use="1" disable_forecolor="00B2B2B2" disable_backcolor="00FBFBFB" letter_spacing="-2.1px" version="1.1"/>
			</panel>
		</panel>
	</map>
</map_list>
