﻿<?xml version="1.0" encoding="UTF-8"?>
<map_list>
	<map>
		<screen version="2.0" scriptcode="java" title="음식점_메뉴선택(2)" directory="/BIZ/102/05/" screenid="10205004" last_update_date="2024-10-31 15:45:41" width="1080" width_type="0" height="1920" height_type="0" canvas_width="1081" canvas_height="1921" on_load="eventfunc:screen_on_load()" on_popupdestroy="eventfunc:screen_on_popupdestroy(popup_screen, popup_name, result)" funclist="test_on_click"/>
		<panel control_id="0" semantic_tag="0" x="0" y="0" right="0" bottom="0" width="1080" height="1920" border="0" border_color="00E1E1E1" vertscrollbar_style="0" horzscrollbar_style="0" title_font="맑은 고딕,9,0,0,0,0">
			<tab_order order_option="0" order_info="6,2,7"/>
			<panel control_id="2" semantic_tag="0" x="0" y="80" right="0" bottom="115" width="1080" height="1725" border="0" vertscrollbar_style="0" horzscrollbar_style="0" title_font="맑은 고딕,9,0,0,0,0">
				<tab_order order_option="0" order_info="233,104"/>
				<panel control_id="104" semantic_tag="0" x="0" y="150" right="0" bottom="0" width="1080" height="1575" custom_class="PN_105_color_2" back_color="00F2F2F2" border="0" vertscrollbar_style="0" horzscrollbar_style="0" title_font="맑은 고딕,9,0,0,0,0">
					<tab_order order_option="0" order_info="326,108,803"/>
					<panel control_id="108" semantic_tag="0" x="0" y="1128" right="0" bottom="357" width="1080" height="90" custom_class="PN_105_rec" back_color="003016D2" border="0" vertscrollbar_style="0" horzscrollbar_style="0" title_font="맑은 고딕,9,0,0,0,0">
						<tab_order order_option="0" order_info="150,149"/>
						<text control_id="127" autosize="0" x="159" y="14" right="809" bottom="14" width="112" height="62" text="총수량" font="Noto Sans KR Medium,31.5,500,0,0,0" fore_color="00FFFFFF" back_color="003016D2" transparent="1" horz_align="1" line_height="62" letter_spacing="-2.1px" version="1.1"/>
						<line control_id="130" x1="289" y1="30" x2="289" y2="60" right="791" bottom="30"/>
						<numericex_field control_id="149" name="totalPr" autosize="0" x="658" y="4" right="221" bottom="4" width="201" height="82" font="Noto Sans CJK KR,41,500,0,0,0" fore_color="00FFFFFF" transparent="1" border="0" horz_align="1" enable="0" default_value="0" pattern="ZZZ,ZZZ,ZZZ,ZZZ,ZZ9"/>
						<text control_id="129" autosize="0" x="864" y="12" right="175" bottom="12" width="41" height="66" text="원" font="Noto Sans KR Regular,33.8,0,0,0,0" fore_color="00FFFFFF" back_color="003016D2" transparent="1" border_radius="0,0,0,0" border_ex="0,0,00B4B4B4,,0,,0,0,1,0,00FFFFFF,00E1E1E1^0,0,00B4B4B4,1^0,0,00B4B4B4,1^0,1,007C726E,1^0,0,00B4B4B4,1" horz_align="1" line_height="66" letter_spacing="-2.25px" version="1.1"/>
						<numericex_field control_id="150" name="totalEa" autosize="0" x="297" y="4" right="705" bottom="4" width="78" height="82" font="Noto Sans KR Medium,41.3,500,0,0,0" fore_color="00FFFFFF" transparent="1" border="0" horz_align="1" enable="0" default_value="3" pattern="ZZZ,ZZZ,ZZZ,ZZZ,ZZ9"/>
						<text control_id="151" autosize="0" x="380" y="12" right="659" bottom="12" width="41" height="66" text="개" font="Noto Sans KR Regular,33.8,0,0,0,0" fore_color="00FFFFFF" back_color="003016D2" transparent="1" border_radius="0,0,0,0" border_ex="0,0,00B4B4B4,,0,,0,0,1,0,00FFFFFF,00E1E1E1^0,0,00B4B4B4,1^0,0,00B4B4B4,1^0,1,007C726E,1^0,0,00B4B4B4,1" horz_align="1" line_height="66" letter_spacing="-2.25px" version="1.1"/>
						<text control_id="152" autosize="0" x="504" y="14" right="464" bottom="14" width="112" height="62" text="총금액" font="Noto Sans KR Medium,31.5,500,0,0,0" fore_color="00FFFFFF" back_color="003016D2" transparent="1" line_height="62" letter_spacing="-2.1px" version="1.1"/>
						<line control_id="153" x1="636" y1="30" x2="636" y2="60" right="444" bottom="30"/>
					</panel>
					<tab control_id="326" x="0" y="10" right="0" bottom="446" width="1080" height="1119" custom_class="TP_105_color_1 TP_105_back  TP_101_backex" fore_color="00F8F8F8" back_color="00F8F8F8" border="0" border_color="00F8F8F8" border_ex="0,5,00F8F8F8,,0,0-0-0-0,0,0,1,0,00FFFFFF,00E1E1E1^1,5,00F8F8F8,1^1,0,00B4B4B4,1^1,0,00B4B4B4,1^1,0,00B4B4B4,1" tabitemarea_transparent="1" tabitemarea_leftmargin="7" tabitemarea_rightmargin="10" tabitem_height="99" tabitem_width="207" tabitem_gap="7" tabitem_radius="15" tabitem_border="0" tabitem_font="Noto Sans CJK KR,32,1,0,0,0" tabitem_selfont="Noto Sans CJK KR,32,1,0,0,0" tabitem_color="00F2F2F2" tabitem_selcolor="00F8F8F8" tabitem_forecolor="00F8F8F8" tabitem_backcolor="00F2F2F2" tabitem_selforecolor="001A232A" tabitem_selbackcolor="00F8F8F8" tabitem_wordellipse="0" tabitem_fitimage="1" tabitem_scrollbtnboxwidth="0" titlebar_font="맑은 고딕,9,1,0,0,0">
						<tab_item title="메뉴선택" width="206" height="99" link_type="1" image="/BIZ/102/05/PUB/tap_bt_DBR.png" selimage="/BIZ/102/05/PUB/tap_bt_W.png" panel_color="00F8F8F8">
							<tab_order order_option="0" order_info="808,239,811,815,818,824,827,833,836,323,324"/>
							<panel control_id="239" semantic_tag="0" x="414" y="24" right="416" bottom="721" width="250" height="270" custom_class="PN_101_back" back_image="/BIZ/102/05/PUB/list_252-270.png" back_imagesize="1" border="0" border_color="00BBC2C7" border_radius="15" vertscrollbar_style="0" horzscrollbar_style="0" boxshadow_type="1" title_font="맑은 고딕,9,0,0,0,0">
								<tab_order order_option="0" order_info="240,814"/>
								<pushbutton control_id="240" x="0" y="0" right="0" bottom="165" width="250" height="105" style_class="0" text="" font="Noto Sans CJK KR,35,1,0,0,0" fore_color="00FFFFFF" transparent="1" border_radius="15,15,0,0" image_normal="/BIZ/102/05/PUB/restaurant_thum2.png" imagesize="1" image_horz_align="1" image_vert_align="1" box_shadow_effect="0" hover_font="Noto Sans CJK KR,35,1,0,0,0" down_color_use="1" down_forecolor="00F8F8F8" version="1.1"/>
								<pushbutton control_id="814" x="0" y="105" right="0" bottom="0" width="250" height="165" style_class="0" custom_class="TX_101_contents PB_101_back PB_105_pop_1" text="돌솥비빔밥&#x0D;&#x0A;정식&#x0D;&#x0A;13,000 원" font="Noto Sans KR Medium,31.5,500,0,0,0" transparent="1" border_radius="0,0,15,15" box_shadow_effect="0" text_margin="" hover_font="Noto Sans KR Medium,31.5,500,0,0,0" down_color_use="1" down_backcolor="00DCE4EA" letter_spacing="-2.1px" version="1.1"/>
							</panel>
							<pushbutton control_id="323" x="180" y="907" right="625" bottom="28" width="275" height="80" style_class="0" custom_class="PB_105_pre" text="이전페이지" font="Noto Sans KR Medium,31.5,500,0,0,0" fore_color="000A0A0A" back_color="00F8F8F8" transparent="1" border="4" image_normal="/BIZ/102/05/PUB/pre_bt_G_275x80.png" image_down="/BIZ/102/05/PUB/pre_bt_G_275x80_o.png" imagesize="1" box_shadow_effect="0" horz_align="2" line_height="62" text_margin="61,21,9,9" hover_font="Noto Sans CJK KR,31,500,0,0,0" down_color_use="1" down_forecolor="000A0A0A" down_backcolor="00BBC2C7" disable_color_use="1" disable_forecolor="00B5B5B5" disable_backcolor="00BBC2C7" letter_spacing="-2.1px" version="1.1"/>
							<pushbutton control_id="324" x="624" y="907" right="181" bottom="28" width="275" height="80" style_class="0" custom_class="PB_105_next" text="다음페이지" font="Noto Sans KR Medium,31.5,500,0,0,0" fore_color="000A0A0A" back_color="00F8F8F8" transparent="1" border="4" image_normal="/BIZ/102/05/PUB/next_bt_G_275x80.png" image_down="/BIZ/102/05/PUB/next_bt_G_275x80_o.png" imagesize="1" box_shadow_effect="0" horz_align="0" line_height="62" text_margin="25,57,9,9" hover_font="Noto Sans CJK KR,31,500,0,0,0" down_color_use="1" down_forecolor="000A0A0A" down_backcolor="00BBC2C7" disable_color_use="1" disable_forecolor="00F8F8F8" disable_backcolor="00BBC2C7" letter_spacing="-2.1px" version="1.1"/>
							<panel control_id="808" semantic_tag="0" x="143" y="24" right="687" bottom="721" width="250" height="270" custom_class="PN_101_back" back_image="/BIZ/102/05/PUB/list_252-270.png" back_imagesize="1" border="0" border_color="00BBC2C7" border_radius="15" vertscrollbar_style="0" horzscrollbar_style="0" boxshadow_type="1" title_font="맑은 고딕,9,0,0,0,0" on_click="eventfunc:btn_menu_on_click(objInst)">
								<tab_order order_option="0" order_info="809,810"/>
								<pushbutton control_id="809" x="0" y="0" right="0" bottom="165" width="250" height="105" style_class="0" text="" font="Noto Sans CJK KR,35,1,0,0,0" fore_color="00FFFFFF" transparent="1" border_radius="15,15,0,0" image_normal="/BIZ/102/05/PUB/restaurant_thum1.png" imagesize="1" image_horz_align="1" image_vert_align="1" box_shadow_effect="0" hover_font="Noto Sans CJK KR,35,1,0,0,0" down_color_use="1" down_forecolor="00F8F8F8" version="1.1"/>
								<pushbutton control_id="810" x="0" y="105" right="0" bottom="0" width="250" height="165" style_class="0" custom_class="TX_101_contents PB_101_back PB_105_pop_1" text="전주비빔밥&#x0D;&#x0A;정식&#x0D;&#x0A;13,000 원" font="Noto Sans KR Medium,31.5,500,0,0,0" border_radius="0,0,15,15" box_shadow_effect="0" text_margin="" hover_font="Noto Sans KR Medium,31.5,500,0,0,0" down_color_use="1" down_backcolor="00DCE4EA" letter_spacing="-2.1px" version="1.1" on_click="eventfunc:test_on_click(objInst)"/>
							</panel>
							<panel control_id="811" semantic_tag="0" x="684" y="24" right="146" bottom="721" width="250" height="270" custom_class="PN_101_back" back_image="/BIZ/102/05/PUB/list_252-270.png" back_imagesize="1" border="0" border_radius="15" vertscrollbar_style="0" horzscrollbar_style="0" boxshadow_type="1" title_font="맑은 고딕,9,0,0,0,0">
								<tab_order order_option="0" order_info="812,813"/>
								<pushbutton control_id="812" x="0" y="0" right="0" bottom="165" width="250" height="105" style_class="0" text="" font="Noto Sans CJK KR,35,1,0,0,0" fore_color="00FFFFFF" transparent="1" border_radius="15,15,0,0" image_normal="/BIZ/102/05/PUB/restaurant_thum3.png" imagesize="1" image_horz_align="1" image_vert_align="1" box_shadow_effect="0" hover_font="Noto Sans CJK KR,35,1,0,0,0" down_color_use="1" down_forecolor="00F8F8F8" version="1.1"/>
								<pushbutton control_id="813" x="0" y="105" right="0" bottom="0" width="250" height="165" style_class="0" custom_class="TX_101_contents PB_101_back PB_105_pop_1" text="해물순두부&#x0D;&#x0A;비빔밥정식&#x0D;&#x0A;13,000 원" font="Noto Sans KR Medium,31.5,500,0,0,0" transparent="1" border_radius="0,0,15,15" box_shadow_effect="0" text_margin="" hover_font="Noto Sans KR Medium,31.5,500,0,0,0" down_color_use="1" down_backcolor="00DCE4EA" letter_spacing="-2.1px" version="1.1"/>
							</panel>
							<panel control_id="815" semantic_tag="0" x="143" y="320" right="687" bottom="425" width="250" height="270" custom_class="PN_101_back" back_image="/BIZ/102/05/PUB/list_252-270.png" back_imagesize="1" border="0" border_color="00BBC2C7" border_radius="15" vertscrollbar_style="0" horzscrollbar_style="0" boxshadow_type="1" title_font="맑은 고딕,9,0,0,0,0">
								<tab_order order_option="0" order_info="816,817"/>
								<pushbutton control_id="816" x="0" y="0" right="0" bottom="165" width="250" height="105" style_class="0" text="" font="Noto Sans CJK KR,35,1,0,0,0" fore_color="00FFFFFF" transparent="1" border_radius="15,15,0,0" image_normal="/BIZ/102/05/PUB/restaurant_thum4.png" imagesize="1" image_horz_align="1" image_vert_align="1" box_shadow_effect="0" hover_font="Noto Sans CJK KR,35,1,0,0,0" down_color_use="1" down_forecolor="00F8F8F8" version="1.1"/>
								<pushbutton control_id="817" x="0" y="105" right="0" bottom="0" width="250" height="165" style_class="0" custom_class="TX_101_contents PB_101_back PB_105_pop_1" text="전주비빔밥&#x0D;&#x0A;&#x0D;&#x0A;10,000 원" font="Noto Sans KR Medium,31.5,500,0,0,0" transparent="1" border_radius="0,0,15,15" box_shadow_effect="0" text_margin="" hover_font="Noto Sans KR Medium,31.5,500,0,0,0" down_color_use="1" down_backcolor="00DCE4EA" letter_spacing="-2.1px" version="1.1"/>
							</panel>
							<panel control_id="818" semantic_tag="0" x="414" y="320" right="416" bottom="425" width="250" height="270" custom_class="PN_101_back" back_image="/BIZ/102/05/PUB/list_252-270.png" back_imagesize="1" border="0" border_color="00BBC2C7" border_radius="15" vertscrollbar_style="0" horzscrollbar_style="0" boxshadow_type="1" title_font="맑은 고딕,9,0,0,0,0">
								<tab_order order_option="0" order_info="819,820"/>
								<pushbutton control_id="819" x="0" y="0" right="0" bottom="165" width="250" height="105" style_class="0" text="" font="Noto Sans CJK KR,35,1,0,0,0" fore_color="00FFFFFF" transparent="1" border_radius="15,15,0,0" image_normal="/BIZ/102/05/PUB/restaurant_thum5.png" imagesize="1" image_horz_align="1" image_vert_align="1" box_shadow_effect="0" hover_font="Noto Sans CJK KR,35,1,0,0,0" down_color_use="1" down_forecolor="00F8F8F8" version="1.1"/>
								<pushbutton control_id="820" x="0" y="105" right="0" bottom="0" width="250" height="165" style_class="0" custom_class="TX_101_contents PB_101_back PB_105_pop_1" text="돌솥비빔밥&#x0D;&#x0A;&#x0D;&#x0A;10,000 원" font="Noto Sans KR Medium,31.5,500,0,0,0" transparent="1" border_radius="0,0,15,15" box_shadow_effect="0" text_margin="" hover_font="Noto Sans KR Medium,31.5,500,0,0,0" down_color_use="1" down_backcolor="00DCE4EA" letter_spacing="-2.1px" version="1.1"/>
							</panel>
							<panel control_id="824" semantic_tag="0" x="687" y="320" right="143" bottom="425" width="250" height="270" custom_class="PN_101_back" back_image="/BIZ/102/05/PUB/list_252-270.png" back_imagesize="1" border="0" border_color="00BBC2C7" border_radius="15" vertscrollbar_style="0" horzscrollbar_style="0" boxshadow_type="1" title_font="맑은 고딕,9,0,0,0,0">
								<tab_order order_option="0" order_info="825,826"/>
								<pushbutton control_id="825" x="0" y="0" right="0" bottom="165" width="250" height="105" style_class="0" text="" font="Noto Sans CJK KR,35,1,0,0,0" fore_color="00FFFFFF" transparent="1" border_radius="15,15,0,0" image_normal="/BIZ/102/05/PUB/restaurant_thum6.png" imagesize="1" image_horz_align="1" image_vert_align="1" box_shadow_effect="0" hover_font="Noto Sans CJK KR,35,1,0,0,0" down_color_use="1" down_forecolor="00F8F8F8" version="1.1"/>
								<pushbutton control_id="826" x="0" y="105" right="0" bottom="0" width="250" height="165" style_class="0" custom_class="TX_101_contents PB_101_back PB_105_pop_1" text="해물순두부&#x0D;&#x0A;&#x0D;&#x0A;10,000 원" font="Noto Sans KR Medium,31.5,500,0,0,0" transparent="1" border_radius="0,0,15,15" box_shadow_effect="0" text_margin="" hover_font="Noto Sans KR Medium,31.5,500,0,0,0" down_color_use="1" down_backcolor="00DCE4EA" letter_spacing="-2.1px" version="1.1"/>
							</panel>
							<panel control_id="827" semantic_tag="0" x="143" y="612" right="687" bottom="133" width="250" height="270" custom_class="PN_101_back" back_image="/BIZ/102/05/PUB/list_252-270.png" back_imagesize="1" border="0" border_color="00BBC2C7" border_radius="15" vertscrollbar_style="0" horzscrollbar_style="0" boxshadow_type="1" title_font="맑은 고딕,9,0,0,0,0">
								<tab_order order_option="0" order_info="828,829"/>
								<pushbutton control_id="828" x="0" y="0" right="0" bottom="165" width="250" height="105" style_class="0" text="" font="Noto Sans CJK KR,35,1,0,0,0" fore_color="00FFFFFF" transparent="1" border_radius="15,15,0,0" image_normal="/BIZ/102/05/PUB/restaurant_thum7.png" imagesize="1" image_horz_align="1" image_vert_align="1" box_shadow_effect="0" hover_font="Noto Sans CJK KR,35,1,0,0,0" down_color_use="1" down_forecolor="00F8F8F8" version="1.1"/>
								<pushbutton control_id="829" x="0" y="105" right="0" bottom="0" width="250" height="165" style_class="0" custom_class="TX_101_contents PB_101_back PB_105_pop_1" text="곤드레 돌솥&#x0D;&#x0A;비빔밥&#x0D;&#x0A;10,000원" font="Noto Sans KR Medium,31.5,500,0,0,0" transparent="1" border_radius="0,0,15,15" box_shadow_effect="0" text_margin="" hover_font="Noto Sans KR Medium,31.5,500,0,0,0" down_color_use="1" down_backcolor="00DCE4EA" letter_spacing="-2.1px" version="1.1"/>
							</panel>
							<panel control_id="833" semantic_tag="0" x="414" y="612" right="416" bottom="133" width="250" height="270" custom_class="PN_101_back" back_image="/BIZ/102/05/PUB/list_252-270.png" back_imagesize="1" border="0" border_color="00BBC2C7" border_radius="15" vertscrollbar_style="0" horzscrollbar_style="0" boxshadow_type="1" title_font="맑은 고딕,9,0,0,0,0">
								<tab_order order_option="0" order_info="834,835"/>
								<pushbutton control_id="834" x="0" y="0" right="0" bottom="165" width="250" height="105" style_class="0" text="" font="Noto Sans CJK KR,35,1,0,0,0" fore_color="00FFFFFF" transparent="1" border_radius="15,15,0,0" image_normal="/BIZ/102/05/PUB/restaurant_thum8.png" imagesize="1" image_horz_align="1" image_vert_align="1" box_shadow_effect="0" hover_font="Noto Sans CJK KR,35,1,0,0,0" down_color_use="1" down_forecolor="00F8F8F8" version="1.1"/>
								<pushbutton control_id="835" x="0" y="105" right="0" bottom="0" width="250" height="165" style_class="0" custom_class="TX_101_contents PB_101_back PB_105_pop_1" text="전주콩나물&#x0D;&#x0A;비빔밥&#x0D;&#x0A;10,000원" font="Noto Sans KR Medium,31.5,500,0,0,0" transparent="1" border_radius="0,0,15,15" box_shadow_effect="0" text_margin="" hover_font="Noto Sans KR Medium,31.5,500,0,0,0" down_color_use="1" down_backcolor="00DCE4EA" letter_spacing="-2.1px" version="1.1"/>
							</panel>
							<panel control_id="836" semantic_tag="0" x="687" y="612" right="143" bottom="133" width="250" height="270" custom_class="PN_101_back" back_image="/BIZ/102/05/PUB/list_252-270.png" back_imagesize="1" border="0" border_color="00BBC2C7" border_radius="15" vertscrollbar_style="0" horzscrollbar_style="0" boxshadow_type="1" title_font="맑은 고딕,9,0,0,0,0">
								<tab_order order_option="0" order_info="837,838"/>
								<pushbutton control_id="837" x="0" y="0" right="0" bottom="165" width="250" height="105" style_class="0" text="" font="Noto Sans CJK KR,35,1,0,0,0" fore_color="00FFFFFF" transparent="1" border_radius="15,15,0,0" image_normal="/BIZ/102/05/PUB/restaurant_thum9.png" imagesize="1" image_horz_align="1" image_vert_align="1" box_shadow_effect="0" hover_font="Noto Sans CJK KR,35,1,0,0,0" down_color_use="1" down_forecolor="00F8F8F8" version="1.1"/>
								<pushbutton control_id="838" x="0" y="105" right="0" bottom="0" width="250" height="165" style_class="0" custom_class="TX_101_contents PB_101_back PB_105_pop_1" text="낙지 돌솥&#x0D;&#x0A;비빔밥&#x0D;&#x0A;10,000원" font="Noto Sans KR Medium,31.5,500,0,0,0" transparent="1" border_radius="0,0,15,15" box_shadow_effect="0" text_margin="" hover_font="Noto Sans KR Medium,31.5,500,0,0,0" down_color_use="1" down_backcolor="00DCE4EA" letter_spacing="-2.1px" version="1.1"/>
							</panel>
							<text control_id="889" autosize="0" x="502" y="914" right="499" bottom="39" width="79" height="62" custom_class="TX_101_G" text="&lt;font class=&quot;TX_105_R&quot; color=&quot;#D21630&quot;&gt;1 &lt;/font&gt;/ 3" font="Noto Sans KR Medium,31.5,500,0,0,0" transparent="1" version="1.1"/>
						</tab_item>
						<tab_item title="밥류" width="206" height="99" link_type="1" image="/BIZ/102/05/PUB/tap_bt_DBR.png" selimage="/BIZ/102/05/PUB/tap_bt_W.png" panel_color="00EBEBEB">
						</tab_item>
						<tab_item title="면류" width="206" height="99" image="/BIZ/102/05/PUB/tap_bt_DBR.png" selimage="/BIZ/102/05/PUB/tap_bt_W.png" panel_color="00EBEBEB">
						</tab_item>
						<tab_item title="사이드" width="206" height="99" image="/BIZ/102/05/PUB/tap_bt_DBR.png" selimage="/BIZ/102/05/PUB/tap_bt_W.png" panel_color="00EBEBEB">
						</tab_item>
						<tab_item title="기타" width="206" height="99" link_type="1" image="/BIZ/102/05/PUB/tap_bt_DBR.png" selimage="/BIZ/102/05/PUB/tap_bt_W.png" panel_color="00EBEBEB">
						</tab_item>
					</tab>
					<panel control_id="803" semantic_tag="0" x="0" y="1220" right="0" bottom="0" width="1080" height="355" custom_class="PN_105_color_3" back_color="00F6F6F6" border="0" title_font="맑은 고딕,9,0,0,0,0">
						<tab_order order_option="0" order_info="164,170,344,343,114,334,333,224,840"/>
						<panel control_id="164" semantic_tag="0" x="698" y="8" right="292" bottom="7" width="90" height="340" custom_class="PN_105_box" back_image="/BIZ/102/05/PUB/list_num_box_bg.png" border="0" border_color="00686A6E" border_radius="12" vertscrollbar_style="0" horzscrollbar_style="0" title_font="맑은 고딕,9,0,0,0,0">
							<tab_order order_option="0" order_info="117,166"/>
							<pushbutton control_id="117" x="7" y="8" right="8" bottom="232" width="75" height="100" style_class="0" custom_class="PB_105_up" text="" font="Noto Sans CJK KR,35,1,0,0,0" fore_color="00FFFFFF" transparent="1" border="4" image_normal="/BIZ/102/05/PUB/cafe_list_up.png" image_down="/BIZ/102/05/PUB/up_bt_BR_75x100_o.png" box_shadow_effect="0" hover_font="Noto Sans CJK KR,35,1,0,0,0" down_color_use="1" down_forecolor="00F8F8F8" version="1.1"/>
							<pushbutton control_id="166" x="7" y="231" right="8" bottom="9" width="75" height="100" style_class="0" custom_class="PB_105_down" text="" font="Noto Sans CJK KR,35,1,0,0,0" fore_color="00FFFFFF" transparent="1" border="4" image_normal="/BIZ/102/05/PUB/cafe_list_down.png" image_down="/BIZ/102/05/PUB/dwn_bt_BR_75x100_o.png" box_shadow_effect="0" hover_font="Noto Sans CJK KR,35,1,0,0,0" down_color_use="1" down_forecolor="00F8F8F8" version="1.1"/>
							<text control_id="801" autosize="0" x="23" y="110" right="43" bottom="168" width="24" height="62" text="1" font="Noto Sans KR Medium,31.5,500,0,0,0" fore_color="003016D2" transparent="1" horz_align="2" line_height="62" letter_spacing="-2.1px" version="1.1"/>
							<text control_id="802" autosize="0" x="43" y="169" right="23" bottom="109" width="24" height="62" text="1" font="Noto Sans KR Medium,31.5,500,0,0,0" fore_color="000A0A0A" transparent="1" horz_align="2" line_height="62" letter_spacing="-2.1px" version="1.1"/>
						</panel>
						<pushbutton control_id="170" x="810" y="9" right="20" bottom="241" width="250" height="105" style_class="0" custom_class="PB_105_del" text="전체삭제" font="Noto Sans KR Medium,35.3,500,0,0,0" fore_color="00FFFFFF" back_color="00F2F2F2" transparent="1" border="4" image_normal="/BIZ/102/05/PUB/bin_bt_G_250x105.png" image_down="/BIZ/102/05/PUB/bin_bt_G_250x105_o.png" box_shadow_effect="0" line_height="70" hover_font="Noto Sans CJK KR,35,1,0,0,0" down_color_use="1" down_forecolor="00F8F8F8" down_backcolor="00F2F2F2" version="1.1"/>
						<pushbutton control_id="114" name="btn_Next" x="810" y="129" right="20" bottom="10" width="250" height="216" style_class="0" custom_class="PB_105_ord" text="주문하기" font="Noto Sans KR Medium,35.3,500,0,0,0" fore_color="00FFFFFF" back_color="00F2F2F2" transparent="1" border="4" image_normal="/BIZ/102/05/PUB/bin_bt_R_250x216.png" image_down="/BIZ/102/05/PUB/bin_bt_R_250x216_o.png" box_shadow_effect="0" line_height="70" hover_font="Noto Sans CJK KR,35,1,0,0,0" down_color_use="1" down_forecolor="00F8F8F8" down_backcolor="00F2F2F2" version="1.1"/>
						<pushbutton control_id="840" x="606" y="243" right="403" bottom="32" width="71" height="80" style_class="0" custom_class="PB_105_X" text="" font="Noto Sans CJK KR,35,1,0,0,0" fore_color="00FFFFFF" transparent="1" border="4" image_normal="/BIZ/102/05/PUB/close_bt_G_71x80.png" image_down="/BIZ/102/05/PUB/menulist_del_bt_o.png" box_shadow_effect="0" hover_font="Noto Sans CJK KR,35,1,0,0,0" down_color_use="1" down_forecolor="00F8F8F8" version="1.1"/>
						<panel control_id="224" semantic_tag="0" x="22" y="236" right="482" bottom="29" width="576" height="90" custom_class="PN_105_list" back_color="00F2F2F2" back_image="/BIZ/102/05/PUB/list_bar_57690.png" border="0" border_radius="15" vertscrollbar_style="0" horzscrollbar_style="0" panel_height="100" title_font="맑은 고딕,9,0,0,0,0">
							<tab_order order_option="0" order_info="841,328,231"/>
							<pushbutton control_id="231" x="486" y="5" right="7" bottom="15" width="83" height="80" style_class="0" custom_class="PB_105_change" text="변경" font="Noto Sans KR Medium,31.5,500,0,0,0" fore_color="00FFFFFF" back_color="00D1D6DB" border="4" image_normal="/BIZ/102/05/PUB/bin_bt_DG_83x80.png" image_down="/BIZ/102/05/PUB/bin_bt_DG_85x80_o.png" imagesize="1" box_shadow_effect="0" line_height="62" text_wordellipsis="0" hover_font="Noto Sans KR Medium,31.5,500,0,0,0" down_color_use="1" down_forecolor="00F8F8F8" down_backcolor="00D1D6DB" letter_spacing="-2.1px" version="1.1"/>
							<pushbutton control_id="841" x="350" y="4" right="184" bottom="16" width="42" height="80" style_class="0" custom_class="PB_105_minus" text="" font="Noto Sans CJK KR,35,1,0,0,0" fore_color="00FFFFFF" transparent="1" border="4" image_normal="/BIZ/102/05/PUB/minus_bt_DG_42x80.png" image_down="/BIZ/102/05/PUB/minus_bt_DG_42x80_o.png" imagesize="1" box_shadow_effect="0" hover_font="Noto Sans CJK KR,35,1,0,0,0" down_color_use="1" down_forecolor="00F8F8F8" version="1.1"/>
							<pushbutton control_id="328" x="433" y="4" right="101" bottom="16" width="42" height="80" style_class="0" custom_class="PB_105_plus" text="" font="Noto Sans CJK KR,35,1,0,0,0" fore_color="00FFFFFF" transparent="1" border="4" image_normal="/BIZ/102/05/PUB/plus_bt_DG_42x80.png" image_down="/BIZ/102/05/PUB/plus_bt_DG_42x80_o.png" imagesize="1" box_shadow_effect="0" hover_font="Noto Sans CJK KR,35,1,0,0,0" down_color_use="1" down_forecolor="00F8F8F8" version="1.1"/>
							<imagebox control_id="329" x="11" y="11" right="500" bottom="24" width="65" height="65" transparent="1" border="0" border_radius="0,0,0,15" back_image="/BIZ/102/05/PUB/orderlist_num.png" padding="0,0,0,0" image="/BIZ/102/05/PUB/restaurant_thum3_ss.png" imagesize="1" image_width="65" image_height="65"/>
							<text control_id="332" autosize="0" x="402" y="11" right="152" bottom="33" width="22" height="56" custom_class="TX_101_contents" text="1" font="Noto Sans KR Bold,28.5,1,0,0,0" fore_color="000A0A0A" transparent="1" horz_align="1" line_height="56" version="1.1"/>
						</panel>
						<pushbutton control_id="333" x="606" y="138" right="403" bottom="137" width="71" height="80" style_class="0" custom_class="PB_105_X" text="" font="Noto Sans CJK KR,35,1,0,0,0" fore_color="00FFFFFF" transparent="1" border="4" image_normal="/BIZ/102/05/PUB/close_bt_G_71x80.png" image_down="/BIZ/102/05/PUB/menulist_del_bt_o.png" box_shadow_effect="0" hover_font="Noto Sans CJK KR,35,1,0,0,0" down_color_use="1" down_forecolor="00F8F8F8" version="1.1"/>
						<panel control_id="334" semantic_tag="0" x="22" y="132" right="482" bottom="133" width="576" height="90" custom_class="PN_105_list" back_color="00F2F2F2" back_image="/BIZ/102/05/PUB/list_bar_57690.png" border="0" border_radius="15" vertscrollbar_style="0" horzscrollbar_style="0" panel_height="100" title_font="맑은 고딕,9,0,0,0,0">
							<tab_order order_option="0" order_info="337,338,336"/>
							<text control_id="335" autosize="0" x="81" y="9" right="310" bottom="29" width="185" height="62" custom_class="TX_101_contents" text="전주비빔밥" font="Noto Sans KR Medium,31.5,500,0,0,0" fore_color="000A0A0A" back_color="00D1D6DB" transparent="1" letter_spacing="-2.1px" version="1.1"/>
							<pushbutton control_id="336" x="486" y="5" right="7" bottom="15" width="83" height="80" style_class="0" custom_class="PB_105_change" text="변경" font="Noto Sans KR Medium,31.5,500,0,0,0" fore_color="00FFFFFF" back_color="00D1D6DB" border="4" image_normal="/BIZ/102/05/PUB/bin_bt_DG_83x80.png" image_down="/BIZ/102/05/PUB/bin_bt_DG_85x80_o.png" imagesize="1" box_shadow_effect="0" line_height="62" text_wordellipsis="0" hover_font="Noto Sans KR Medium,31.5,500,0,0,0" down_color_use="1" down_forecolor="00F8F8F8" down_backcolor="00D1D6DB" letter_spacing="-2.1px" version="1.1"/>
							<pushbutton control_id="337" x="350" y="4" right="184" bottom="16" width="42" height="80" style_class="0" custom_class="PB_105_minus" text="" font="Noto Sans CJK KR,35,1,0,0,0" fore_color="00FFFFFF" transparent="1" border="4" image_normal="/BIZ/102/05/PUB/minus_bt_DG_42x80.png" image_down="/BIZ/102/05/PUB/minus_bt_DG_42x80_o.png" imagesize="1" box_shadow_effect="0" hover_font="Noto Sans CJK KR,35,1,0,0,0" down_color_use="1" down_forecolor="00F8F8F8" version="1.1"/>
							<pushbutton control_id="338" x="433" y="4" right="101" bottom="16" width="42" height="80" style_class="0" custom_class="PB_105_plus" text="" font="Noto Sans CJK KR,35,1,0,0,0" fore_color="00FFFFFF" transparent="1" border="4" image_normal="/BIZ/102/05/PUB/plus_bt_DG_42x80.png" image_down="/BIZ/102/05/PUB/plus_bt_DG_42x80_o.png" imagesize="1" box_shadow_effect="0" hover_font="Noto Sans CJK KR,35,1,0,0,0" down_color_use="1" down_forecolor="00F8F8F8" version="1.1"/>
							<imagebox control_id="339" x="11" y="11" right="500" bottom="24" width="65" height="65" transparent="1" border="0" border_radius="0,0,0,15" back_image="/BIZ/102/05/PUB/orderlist_num.png" padding="0,0,0,0" image="/BIZ/102/05/PUB/restaurant_thum4_ss.png" imagesize="1" image_width="65" image_height="65"/>
							<text control_id="342" autosize="0" x="402" y="11" right="152" bottom="33" width="22" height="56" custom_class="TX_101_contents" text="1" font="Noto Sans KR Bold,28.5,1,0,0,0" fore_color="000A0A0A" transparent="1" horz_align="1" line_height="56" version="1.1"/>
						</panel>
						<pushbutton control_id="343" x="606" y="33" right="403" bottom="242" width="71" height="80" style_class="0" custom_class="PB_105_X" text="" font="Noto Sans CJK KR,35,1,0,0,0" fore_color="00FFFFFF" transparent="1" border="4" image_normal="/BIZ/102/05/PUB/close_bt_G_71x80.png" image_down="/BIZ/102/05/PUB/close_bt_G_71x80_o.png" box_shadow_effect="0" hover_font="Noto Sans CJK KR,35,1,0,0,0" down_color_use="1" down_forecolor="00F8F8F8" version="1.1"/>
						<panel control_id="344" semantic_tag="0" x="22" y="28" right="482" bottom="237" width="576" height="90" custom_class="PN_105_list" back_color="00F2F2F2" back_image="/BIZ/102/05/PUB/list_bar_57690.png" border="0" border_radius="15" vertscrollbar_style="0" horzscrollbar_style="0" panel_height="100" title_font="맑은 고딕,9,0,0,0,0">
							<tab_order order_option="0" order_info="347,348,346"/>
							<text control_id="345" autosize="0" x="81" y="9" right="233" bottom="29" width="262" height="62" custom_class="TX_101_contents" text="전주비빔밥 정식" font="Noto Sans KR Medium,31.5,500,0,0,0" fore_color="000A0A0A" back_color="00D1D6DB" transparent="1" letter_spacing="-2.1px" version="1.1"/>
							<pushbutton control_id="346" x="486" y="5" right="7" bottom="15" width="83" height="80" style_class="0" custom_class="PB_105_change" text="변경" font="Noto Sans KR Medium,31.5,500,0,0,0" fore_color="00FFFFFF" back_color="00D1D6DB" border="4" image_normal="/BIZ/102/05/PUB/bin_bt_DG_83x80.png" image_down="/BIZ/102/05/PUB/bin_bt_DG_85x80_o.png" imagesize="1" box_shadow_effect="0" line_height="62" text_wordellipsis="0" hover_font="Noto Sans KR Medium,31.5,500,0,0,0" down_color_use="1" down_forecolor="00F8F8F8" down_backcolor="00D1D6DB" letter_spacing="-2.1px" version="1.1"/>
							<pushbutton control_id="347" x="350" y="4" right="184" bottom="16" width="42" height="80" style_class="0" custom_class="PB_105_minus" text="" font="Noto Sans CJK KR,35,1,0,0,0" fore_color="00FFFFFF" transparent="1" border="4" image_normal="/BIZ/102/05/PUB/minus_bt_DG_42x80.png" image_down="/BIZ/102/05/PUB/minus_bt_DG_42x80_o.png" imagesize="1" box_shadow_effect="0" hover_font="Noto Sans CJK KR,35,1,0,0,0" down_color_use="1" down_forecolor="00F8F8F8" version="1.1"/>
							<pushbutton control_id="348" x="433" y="4" right="101" bottom="16" width="42" height="80" style_class="0" custom_class="PB_105_plus" text="" font="Noto Sans CJK KR,35,1,0,0,0" fore_color="00FFFFFF" transparent="1" border="4" image_normal="/BIZ/102/05/PUB/plus_bt_DG_42x80.png" image_down="/BIZ/102/05/PUB/plus_bt_DG_42x80_o.png" imagesize="1" box_shadow_effect="0" hover_font="Noto Sans CJK KR,35,1,0,0,0" down_color_use="1" down_forecolor="00F8F8F8" version="1.1"/>
							<text control_id="352" autosize="0" x="402" y="11" right="152" bottom="33" width="22" height="56" custom_class="TX_101_contents" text="1" font="Noto Sans KR Bold,28.5,1,0,0,0" fore_color="000A0A0A" transparent="1" horz_align="1" line_height="56" version="1.1"/>
							<imagebox control_id="784" x="11" y="11" right="500" bottom="24" width="65" height="65" transparent="1" border="0" border_radius="0,0,0,15" back_image="/BIZ/102/05/PUB/orderlist_num.png" padding="0,0,0,0" image="/BIZ/102/05/PUB/restaurant_thum1_ss.png" imagesize="1" image_width="65" image_height="65"/>
						</panel>
						<text control_id="226" autosize="0" x="103" y="234" right="712" bottom="31" width="265" height="90" custom_class="TX_101_contents" text="해물순두부비빔&#x0D;&#x0A;밥 정식" font="Noto Sans KR Medium,31.5,500,0,0,0" fore_color="000A0A0A" back_color="00D1D6DB" transparent="1" line_height="40" letter_spacing="-2.1px" version="1.1"/>
						<text control_id="930" autosize="0" x="22" y="234" right="1026" bottom="75" width="32" height="46" text="3" font="Noto Sans KR Medium,27.8,500,0,0,0" fore_color="00E9E9E9" back_color="00000000" border_radius="15,0,0,0" horz_align="1" line_height="55" letter_spacing="-1.85px" version="1.1"/>
						<text control_id="931" autosize="0" x="22" y="131" right="1026" bottom="178" width="32" height="46" text="2" font="Noto Sans KR Medium,27.8,500,0,0,0" fore_color="00E9E9E9" back_color="00000000" border_radius="15,0,0,0" horz_align="1" line_height="55" letter_spacing="-1.85px" version="1.1"/>
						<text control_id="933" autosize="0" x="22" y="28" right="1026" bottom="281" width="32" height="46" text="1" font="Noto Sans KR Medium,27.8,500,0,0,0" fore_color="00E9E9E9" back_color="00000000" border_radius="15,0,0,0" horz_align="1" line_height="55" letter_spacing="-1.85px" version="1.1"/>
					</panel>
				</panel>
				<panel control_id="233" semantic_tag="0" x="0" y="0" right="0" bottom="1575" width="1080" height="150" custom_class="PN_101_bgG" back_color="00B4B4B4" back_image="/BIZ/101/01/PUB/bg_G_1080x150.png" back_imagesize="1" border="0" title_font="맑은 고딕,9,0,0,0,0">
					<tab_order order_option="0" order_info="886"/>
					<text control_id="217" autosize="0" x="37" y="78" right="901" bottom="10" width="142" height="62" custom_class="TX_101_stepDone" text="메뉴선택" font="Noto Sans KR Regular,31.5,0,0,0,0" fore_color="000A0A0A" back_color="00DFDDDC" transparent="1" horz_align="1" letter_spacing="-4.2px" version="1.1"/>
					<text control_id="218" autosize="0" x="250" y="78" right="682" bottom="10" width="148" height="62" custom_class="TX_101_step" text="내역확인" font="Noto Sans KR Regular,31.5,0,0,0,0" fore_color="006C5E5A" back_color="00DFDDDC" transparent="1" horz_align="1" letter_spacing="-2.1px" version="1.1"/>
					<text control_id="219" autosize="0" x="449" y="78" right="449" bottom="10" width="182" height="62" custom_class="TX_101_step" text="포인트적립" font="Noto Sans KR Regular,31.5,0,0,0,0" fore_color="006C5E5A" back_color="00DFDDDC" transparent="1" horz_align="1" letter_spacing="-4.2px" version="1.1"/>
					<text control_id="222" autosize="0" x="685" y="78" right="247" bottom="10" width="148" height="62" custom_class="TX_101_step" text="결제하기" font="Noto Sans KR Regular,31.5,0,0,0,0" fore_color="006C5E5A" back_color="00DFDDDC" transparent="1" horz_align="1" letter_spacing="-2.1px" version="1.1"/>
					<text control_id="223" autosize="0" x="940" y="78" right="64" bottom="10" width="76" height="62" custom_class="TX_101_step" text="완료" font="Noto Sans KR Regular,31.5,0,0,0,0" fore_color="006C5E5A" back_color="00DFDDDC" transparent="1" horz_align="1" letter_spacing="-2.1px" version="1.1"/>
					<panel control_id="886" semantic_tag="0" x="76" y="7" right="76" bottom="69" width="928" height="74" custom_class="PN_105_stepBar_1" transparent="1" back_image="/BIZ/102/05/PUB/comn_5step_R_bar_1.png" border="0" title_font="맑은 고딕,9,0,0,0,0"></panel>
				</panel>
			</panel>
			<panel control_id="6" semantic_tag="0" x="0" y="0" right="0" bottom="1840" width="1080" height="80" custom_class="PN_101_back" border="0" vertscrollbar_style="0" horzscrollbar_style="0" boxshadow_type="1" title_font="맑은 고딕,9,0,0,0,0">
				<tab_order order_option="0" order_info="192,214,193,888"/>
				<pushbutton control_id="192" name="btn_Home" x="14" y="5" right="866" bottom="5" width="200" height="70" style_class="0" custom_class="PB_101_home" text="처음으로" font="Noto Sans KR Medium,31.5,500,0,0,0" fore_color="000A0A0A" back_color="00FBFBFB" border="4" border_color="007A665E" border_radius="35,35,35,35" image_normal="/BIZ/101/01/PUB/home_bt_G.png" image_down="/BIZ/101/01/PUB/home_bt_G_o.png" image_vert_align="1" box_shadow_effect="0" horz_align="0" line_height="62" text_margin="40,0,0,0" hover_font="맑은 고딕,9,0,0,0,0" down_color_use="3" down_backcolor="006D574E" letter_spacing="-2.1px" version="1.1"/>
				<pushbutton control_id="193" name="btn_Call" x="866" y="5" right="14" bottom="5" width="200" height="70" style_class="0" custom_class="PB_101_call" text="직원호출" font="Noto Sans KR Medium,31.5,500,0,0,0" fore_color="00FFFFFF" back_color="00FBFBFB" border="4" border_color="000000D1" border_radius="35" image_normal="/BIZ/101/01/PUB/call_bt_R.png" image_down="/BIZ/101/01/PUB/call_bt_R_o.png" image_vert_align="1" box_shadow_effect="0" horz_align="0" line_height="62" text_margin="39,0,0,0" hover_font="맑은 고딕,9,0,0,0,0" down_color_use="3" down_backcolor="0011119C" letter_spacing="-2.1px" version="1.1"/>
				<pushbutton control_id="214" name="btn_Flag" x="758" y="5" right="252" bottom="5" width="70" height="70" style_class="0" custom_class="PB_101_selLanguage" text="" font="Noto Sans CJK KR,32,0,0,0,0" fore_color="000A0A0A" transparent="1" border="4" border_color="00E2E2E2" border_radius="44" image_normal="/BIZ/101/01/PUB/language_lound_bt.png" image_down="/BIZ/101/01/PUB/language_lound_kr_bt_o.png" box_shadow_effect="0" horz_align="2" line_height="62" text_margin="" text_wordellipsis="0" hover_font="맑은 고딕,9,0,0,0,0" down_color_use="2" down_forecolor="00F8F8F8" version="1.1"/>
				<pushbutton control_id="888" x="447" y="20" right="446" bottom="17" width="187" height="43" style_class="0" custom_class="PB_105_title" text="" font="맑은 고딕,9,0,0,0,0" transparent="1" border="4" image_normal="/BIZ/102/05/PUB/logo_restaurant.png" imagesize="1" hover_font="맑은 고딕,9,0,0,0,0" version="1.1"/>
			</panel>
			<panel control_id="7" semantic_tag="0" x="0" y="1805" right="0" bottom="0" width="1080" height="115" custom_class="PN_101_back" border="0" boxshadow_type="1" title_font="맑은 고딕,9,0,0,0,0">
				<tab_order order_option="0" order_info="48,230"/>
				<pushbutton control_id="230" name="btn_Acc" x="866" y="18" right="14" bottom="17" width="200" height="80" style_class="0" custom_class="PB_101_access" text="접근성" font="Noto Sans KR,31.5,1,0,0,0" fore_color="00FFFFFF" transparent="1" border="4" border_color="00E2E2E2" border_radius="44" image_normal="/BIZ/101/01/PUB/lowsc_bt.png" image_down="/BIZ/101/01/PUB/lowsc_bt_o.png" box_shadow_effect="0" horz_align="0" line_height="62" text_margin="63,0,0,0" text_wordellipsis="0" hover_font="맑은 고딕,9,0,0,0,0" down_color_use="2" down_forecolor="00F8F8F8" letter_spacing="-2.1px" version="1.1"/>
				<pushbutton control_id="48" name="btn_Prev" x="14" y="18" right="851" bottom="17" width="215" height="80" style_class="0" custom_class="PB_101_Previous" text="이전" font="Noto Sans KR,31.5,1,0,0,0" fore_color="000A0A0A" transparent="1" border="4" border_color="00F6F6F6" border_radius="45" image_normal="/BIZ/101/01/PUB/back_bt.png" image_down="/BIZ/101/01/PUB/back_bt_o.png" image_vert_align="1" box_shadow_effect="0" line_height="62" hover_font="맑은 고딕,9,0,0,0,0" down_color_use="3" down_backcolor="0019AADE" letter_spacing="-2.1px" version="1.1"/>
			</panel>
		</panel>
	</map>
</map_list>
