﻿<?xml version="1.0" encoding="UTF-8"?>
<map_list>
	<map>
		<screen version="2.0" scriptcode="java" title="음식점_포인트적립" directory="/BIZ/102/05/" screenid="10205006" last_update_date="2024-10-30 16:28:20" width="1080" width_type="0" height="1920" height_type="0" canvas_width="1081" canvas_height="1921" on_load="eventfunc:screen_on_load()" on_popupdestroy="eventfunc:screen_on_popupdestroy(popup_screen, popup_name, result)" funclist="test_on_click"/>
		<panel control_id="0" semantic_tag="0" x="0" y="0" right="0" bottom="0" width="1080" height="1920" border="0" border_color="00E1E1E1" vertscrollbar_style="0" horzscrollbar_style="0" title_font="맑은 고딕,9,0,0,0,0">
			<tab_order order_option="0" order_info="6,2,7"/>
			<panel control_id="2" semantic_tag="0" x="0" y="80" right="0" bottom="115" width="1080" height="1725" border="0" vertscrollbar_style="0" horzscrollbar_style="0" title_font="맑은 고딕,9,0,0,0,0">
				<tab_order order_option="0" order_info="233,104"/>
				<panel control_id="104" semantic_tag="0" x="0" y="150" right="0" bottom="0" width="1080" height="1575" custom_class="PN_105_color_1" back_color="00F2F2F2" border="0" vertscrollbar_style="0" horzscrollbar_style="0" title_font="맑은 고딕,9,0,0,0,0">
					<tab_order order_option="0" order_info="844,1174,1173"/>
					<text control_id="185" autosize="0" x="201" y="328" right="201" bottom="1158" width="678" height="89" custom_class="TX_101_contents" text="포인트 적립을 하시겠습니까?" font="Noto Sans KR Bold,45,1,0,0,0" fore_color="000A0A0A" back_color="00F6F6F6" transparent="1" horz_align="1" line_height="80" letter_spacing="-3px" version="1.1"/>
					<text control_id="240" autosize="0" x="423" y="417" right="423" bottom="1069" width="234" height="89" custom_class="TX_105_R" text="30점 적립" font="Noto Sans KR Bold,45,1,0,0,0" fore_color="003016D2" back_color="00F6F6F6" transparent="1" horz_align="1" line_height="80" letter_spacing="-3px" version="1.1"/>
					<panel control_id="844" semantic_tag="0" x="398" y="798" right="399" bottom="494" width="283" height="283" transparent="1" back_image="/BIZ/102/05/PUB/point_ico.png" border="0" title_font="맑은 고딕,9,0,0,0,0"></panel>
					<pushbutton control_id="1173" x="550" y="1247" right="170" bottom="98" width="360" height="230" style_class="0" custom_class="PB_101_yes" text="예" font="Noto Sans KR Bold,34.5,1,0,0,0" fore_color="000A0A0A" transparent="1" border="4" border_color="00E6E6E6" border_radius="15" image_normal="/BIZ/101/02/PUB/point_yes_bt_360x230.png" image_down="/BIZ/101/02/PUB/point_yes_bt_360x230_o.png" image_vert_align="1" box_shadow_effect="0" vert_align="2" line_height="68" text_margin="0,0,0,35" hover_font="맑은 고딕,9,0,0,0,0" down_color_use="4" down_forecolor="000A0A0A" down_backcolor="00D1D1D1" down_bordercolor="00D1D1D1" version="1.1"/>
					<pushbutton control_id="1174" x="170" y="1247" right="550" bottom="98" width="360" height="230" style_class="0" custom_class="PB_101_no" text="아니요" font="Noto Sans KR Bold,34.5,1,0,0,0" transparent="1" border="4" border_color="00E6E6E6" border_radius="15" image_normal="/BIZ/101/02/PUB/point_no_bt_360x230.png" image_down="/BIZ/101/02/PUB/point_no_bt_360x230_o.png" image_vert_align="1" box_shadow_effect="0" vert_align="2" line_height="68" text_margin="0,0,0,35" hover_font="맑은 고딕,9,0,0,0,0" down_color_use="4" down_forecolor="000A0A0A" down_backcolor="00D1D1D1" down_bordercolor="00D1D1D1" version="1.1"/>
				</panel>
				<panel control_id="233" semantic_tag="0" x="0" y="0" right="0" bottom="1575" width="1080" height="150" custom_class="PN_101_bgG" back_color="00B4B4B4" back_image="/BIZ/101/01/PUB/bg_G_1080x150.png" back_imagesize="1" border="0" title_font="맑은 고딕,9,0,0,0,0">
					<tab_order order_option="0" order_info="886"/>
					<text control_id="217" autosize="0" x="37" y="78" right="901" bottom="10" width="142" height="62" custom_class="TX_101_stepDone" text="메뉴선택" font="Noto Sans KR Regular,31.5,0,0,0,0" fore_color="000A0A0A" back_color="00DFDDDC" transparent="1" horz_align="1" letter_spacing="-4.2px" version="1.1"/>
					<text control_id="218" autosize="0" x="250" y="78" right="682" bottom="10" width="148" height="62" custom_class="TX_101_stepDone" text="내역확인" font="Noto Sans KR Regular,31.5,0,0,0,0" fore_color="000A0A0A" back_color="00DFDDDC" transparent="1" horz_align="1" letter_spacing="-2.1px" version="1.1"/>
					<text control_id="219" autosize="0" x="449" y="78" right="449" bottom="10" width="182" height="62" custom_class="TX_101_stepDone" text="포인트적립" font="Noto Sans KR Regular,31.5,0,0,0,0" fore_color="000A0A0A" back_color="00DFDDDC" transparent="1" horz_align="1" letter_spacing="-4.2px" version="1.1"/>
					<text control_id="222" autosize="0" x="685" y="78" right="247" bottom="10" width="148" height="62" custom_class="TX_101_step" text="결제하기" font="Noto Sans KR Regular,31.5,0,0,0,0" fore_color="006C5E5A" back_color="00DFDDDC" transparent="1" horz_align="1" letter_spacing="-2.1px" version="1.1"/>
					<text control_id="223" autosize="0" x="940" y="78" right="64" bottom="10" width="76" height="62" custom_class="TX_101_step" text="완료" font="Noto Sans KR Regular,31.5,0,0,0,0" fore_color="006C5E5A" back_color="00DFDDDC" transparent="1" horz_align="1" letter_spacing="-2.1px" version="1.1"/>
					<panel control_id="886" semantic_tag="0" x="76" y="7" right="76" bottom="69" width="928" height="74" custom_class="PN_105_stepBar_3" transparent="1" back_image="/BIZ/102/05/PUB/comn_5step_R_bar_3.png" border="0" title_font="맑은 고딕,9,0,0,0,0"></panel>
				</panel>
			</panel>
			<panel control_id="6" semantic_tag="0" x="0" y="0" right="0" bottom="1840" width="1080" height="80" custom_class="PN_101_back" border="0" vertscrollbar_style="0" horzscrollbar_style="0" boxshadow_type="1" title_font="맑은 고딕,9,0,0,0,0">
				<tab_order order_option="0" order_info="192,214,193,888"/>
				<pushbutton control_id="192" name="btn_Home" x="14" y="5" right="866" bottom="5" width="200" height="70" style_class="0" custom_class="PB_101_home" text="처음으로" font="Noto Sans KR Medium,31.5,500,0,0,0" fore_color="000A0A0A" back_color="00FBFBFB" border="4" border_color="007A665E" border_radius="35,35,35,35" image_normal="/BIZ/101/01/PUB/home_bt_G.png" image_down="/BIZ/101/01/PUB/home_bt_G_o.png" image_vert_align="1" box_shadow_effect="0" horz_align="0" line_height="62" text_margin="40,0,0,0" hover_font="맑은 고딕,9,0,0,0,0" down_color_use="3" down_backcolor="006D574E" letter_spacing="-2.1px" version="1.1"/>
				<pushbutton control_id="193" name="btn_Call" x="866" y="5" right="14" bottom="5" width="200" height="70" style_class="0" custom_class="PB_101_call" text="직원호출" font="Noto Sans KR Medium,31.5,500,0,0,0" fore_color="00FFFFFF" back_color="00FBFBFB" border="4" border_color="000000D1" border_radius="35" image_normal="/BIZ/101/01/PUB/call_bt_R.png" image_down="/BIZ/101/01/PUB/call_bt_R_o.png" image_vert_align="1" box_shadow_effect="0" horz_align="0" line_height="62" text_margin="39,0,0,0" hover_font="맑은 고딕,9,0,0,0,0" down_color_use="3" down_backcolor="0011119C" letter_spacing="-2.1px" version="1.1"/>
				<pushbutton control_id="214" name="btn_Flag" x="758" y="5" right="252" bottom="5" width="70" height="70" style_class="0" custom_class="PB_101_selLanguage" text="" font="Noto Sans CJK KR,32,0,0,0,0" fore_color="000A0A0A" transparent="1" border="4" border_color="00E2E2E2" border_radius="44" image_normal="/BIZ/101/01/PUB/language_lound_bt.png" image_down="/BIZ/101/01/PUB/language_lound_kr_bt_o.png" box_shadow_effect="0" horz_align="2" line_height="62" text_margin="" text_wordellipsis="0" hover_font="맑은 고딕,9,0,0,0,0" down_color_use="2" down_forecolor="00F8F8F8" version="1.1"/>
				<pushbutton control_id="888" x="447" y="20" right="446" bottom="17" width="187" height="43" style_class="0" custom_class="PB_105_title" text="" font="맑은 고딕,9,0,0,0,0" transparent="1" border="4" image_normal="/BIZ/102/05/PUB/logo_restaurant.png" imagesize="1" hover_font="맑은 고딕,9,0,0,0,0" version="1.1"/>
			</panel>
			<panel control_id="7" semantic_tag="0" x="0" y="1805" right="0" bottom="0" width="1080" height="115" custom_class="PN_101_back" border="0" boxshadow_type="1" title_font="맑은 고딕,9,0,0,0,0">
				<tab_order order_option="0" order_info="48,230"/>
				<pushbutton control_id="230" name="btn_Acc" x="866" y="18" right="14" bottom="17" width="200" height="80" style_class="0" custom_class="PB_101_access" text="접근성" font="Noto Sans KR,31.5,1,0,0,0" fore_color="00FFFFFF" transparent="1" border="4" border_color="00E2E2E2" border_radius="44" image_normal="/BIZ/101/01/PUB/lowsc_bt.png" image_down="/BIZ/101/01/PUB/lowsc_bt_o.png" box_shadow_effect="0" horz_align="0" line_height="62" text_margin="63,0,0,0" text_wordellipsis="0" hover_font="맑은 고딕,9,0,0,0,0" down_color_use="2" down_forecolor="00F8F8F8" letter_spacing="-2.1px" version="1.1"/>
				<pushbutton control_id="48" name="btn_Prev" x="14" y="18" right="851" bottom="17" width="215" height="80" style_class="0" custom_class="PB_101_Previous" text="이전" font="Noto Sans KR,31.5,1,0,0,0" fore_color="000A0A0A" transparent="1" border="4" border_color="00F6F6F6" border_radius="45" image_normal="/BIZ/101/01/PUB/back_bt.png" image_down="/BIZ/101/01/PUB/back_bt_o.png" image_vert_align="1" box_shadow_effect="0" line_height="62" hover_font="맑은 고딕,9,0,0,0,0" down_color_use="3" down_backcolor="0019AADE" letter_spacing="-2.1px" version="1.1"/>
			</panel>
		</panel>
	</map>
</map_list>
