﻿<?xml version="1.0" encoding="UTF-8"?>
<map_list>
	<map>
		<screen version="2.0" scriptcode="java" title="음식점_내역확인" directory="/BIZ/102/05/" screenid="10205005" last_update_date="2024-10-31 15:58:27" width="1080" width_type="0" height="1920" height_type="0" canvas_width="1081" canvas_height="1921" on_load="eventfunc:screen_on_load()" funclist="screen_on_load"/>
		<panel control_id="0" semantic_tag="0" x="0" y="0" right="0" bottom="0" width="1080" height="1920" border="0" border_color="00E1E1E1" vertscrollbar_style="0" horzscrollbar_style="0" title_font="맑은 고딕,9,0,0,0,0">
			<tab_order order_option="0" order_info="6,2,7"/>
			<panel control_id="2" semantic_tag="0" x="0" y="80" right="0" bottom="115" width="1080" height="1725" border="0" vertscrollbar_style="0" horzscrollbar_style="0" title_font="맑은 고딕,9,0,0,0,0">
				<tab_order order_option="0" order_info="233,104"/>
				<panel control_id="233" semantic_tag="0" x="0" y="0" right="0" bottom="1575" width="1080" height="150" custom_class="PN_101_bgG" back_color="00B4B4B4" back_image="/BIZ/101/01/PUB/bg_G_1080x150.png" back_imagesize="1" border="0" title_font="맑은 고딕,9,0,0,0,0">
					<tab_order order_option="0" order_info="886"/>
					<text control_id="217" autosize="0" x="37" y="78" right="901" bottom="10" width="142" height="62" custom_class="TX_101_stepDone" text="메뉴선택" font="Noto Sans KR Regular,31.5,0,0,0,0" fore_color="000A0A0A" back_color="00DFDDDC" transparent="1" horz_align="1" letter_spacing="-4.2px" version="1.1"/>
					<text control_id="218" autosize="0" x="250" y="78" right="682" bottom="10" width="148" height="62" custom_class="TX_101_stepDone" text="내역확인" font="Noto Sans KR Regular,31.5,0,0,0,0" fore_color="000A0A0A" back_color="00DFDDDC" transparent="1" horz_align="1" letter_spacing="-2.1px" version="1.1"/>
					<text control_id="219" autosize="0" x="449" y="78" right="449" bottom="10" width="182" height="62" custom_class="TX_101_step" text="포인트적립" font="Noto Sans KR Regular,31.5,0,0,0,0" fore_color="006C5E5A" back_color="00DFDDDC" transparent="1" horz_align="1" letter_spacing="-4.2px" version="1.1"/>
					<text control_id="222" autosize="0" x="685" y="78" right="247" bottom="10" width="148" height="62" custom_class="TX_101_step" text="결제하기" font="Noto Sans KR Regular,31.5,0,0,0,0" fore_color="006C5E5A" back_color="00DFDDDC" transparent="1" horz_align="1" letter_spacing="-2.1px" version="1.1"/>
					<text control_id="223" autosize="0" x="940" y="78" right="64" bottom="10" width="76" height="62" custom_class="TX_101_step" text="완료" font="Noto Sans KR Regular,31.5,0,0,0,0" fore_color="006C5E5A" back_color="00DFDDDC" transparent="1" horz_align="1" letter_spacing="-2.1px" version="1.1"/>
					<panel control_id="886" semantic_tag="0" x="76" y="7" right="76" bottom="69" width="928" height="74" custom_class="PN_105_stepBar_2" transparent="1" back_image="/BIZ/102/05/PUB/comn_5step_R_bar_2.png" border="0" title_font="맑은 고딕,9,0,0,0,0"></panel>
				</panel>
				<panel control_id="104" semantic_tag="0" x="0" y="150" right="0" bottom="0" width="1080" height="1575" custom_class="PN_105_color_1" back_color="00F8F8F8" border="0" vertscrollbar_style="0" horzscrollbar_style="0" panel_height="1600" title_font="맑은 고딕,9,0,0,0,0">
					<tab_order order_option="0" order_info="238,1240,428,426,1244,1183,1181,1248,1192,1190,1234,1200,1198,1252,1253,891"/>
					<text control_id="185" autosize="0" x="189" y="31" right="189" bottom="1480" width="702" height="89" custom_class="TX_101_contents" text="&lt;font class=&quot;TX_105_R&quot; color=&quot;#D21630&quot;&gt;내역을 확인&lt;/font&gt;하시고 &lt;font class=&quot;TX_105_R&quot; color=&quot;#D21630&quot;&gt;결제&lt;/font&gt;하세요" font="Noto Sans KR Bold,45,1,0,0,0" fore_color="000A0A0A" back_color="00F6F6F6" transparent="1" horz_align="1" line_height="80" letter_spacing="-3px" version="1.1"/>
					<panel control_id="891" semantic_tag="0" x="0" y="1114" right="0" bottom="22" width="1080" height="464" custom_class="PN_105_color_1" back_color="00F6F6F6" border_ex="0,1,00B4B4B4,,0,0-0-0-0,0,0,1,0,00FFFFFF,00E1E1E1^1,2,00C2C2C2,1^1,0,00B4B4B4,1^1,0,00B4B4B4,1^1,0,00B4B4B4,1" title_font="맑은 고딕,9,0,0,0,0">
						<tab_order order_option="0" order_info="170,174,1224,114,1228,179"/>
						<text control_id="180" autosize="0" x="655" y="343" right="386" bottom="57" width="39" height="62" custom_class="TX_105_R" text="원" font="Noto Sans KR Medium,31.5,500,0,0,0" fore_color="000A0A0A" transparent="1" back_imagehorzalign="2" line_height="62" letter_spacing="-2.1px" version="1.1"/>
						<text control_id="160" autosize="0" x="93" y="54" right="864" bottom="344" width="123" height="64" custom_class="TX_101_contents" text="총수량" font="Noto Sans KR Medium,32.3,500,0,0,0" fore_color="000A0A0A" back_color="00F6F6F6" transparent="1" line_height="64" letter_spacing="-2.15px" version="1.1"/>
						<text control_id="161" autosize="0" x="92" y="330" right="776" bottom="43" width="212" height="89" custom_class="TX_105_R" text="결제금액" font="Noto Sans KR Bold,45,1,0,0,0" fore_color="003016D2" back_color="00F6F6F6" transparent="1" line_height="89" letter_spacing="-3px" version="1.1"/>
						<line control_id="163" x1="50" y1="303" x2="750" y2="303" right="330" bottom="159" line_width="1" line_color="00C2C2C2"/>
						<numericex_field control_id="174" autosize="0" x="572" y="43" right="452" bottom="345" width="56" height="74" custom_input_class="TX_101_contents" font="Noto Sans KR Bold,37.5,1,0,0,0" fore_color="000A0A0A" transparent="1" border="0" border_ex="0,0,00B4B4B4,,0,,0,0,1,0,00FFFFFF,00E1E1E1^0,0,00B4B4B4,1^0,0,00B4B4B4,1^0,0,00B4B4B4,1^0,0,00B4B4B4,1" back_imagehorzalign="1" horz_align="1" letter_spacing="-2.5px" enable="0" editable="0" default_value="99"/>
						<text control_id="175" autosize="0" x="655" y="52" right="386" bottom="348" width="39" height="62" custom_class="TX_101_contents" text="개" font="Noto Sans KR Medium,31.5,500,0,0,0" fore_color="000A0A0A" transparent="1" back_imagehorzalign="2" line_height="62" letter_spacing="-2.1px" version="1.1"/>
						<numericex_field control_id="179" autosize="0" x="417" y="320" right="452" bottom="39" width="211" height="103" custom_input_class="TX_105_R" font="Noto Sans KR Bold,52.5,1,0,0,0" fore_color="003016D2" transparent="1" border="0" border_ex="0,0,00B4B4B4,,0,,0,0,1,0,00FFFFFF,00E1E1E1^0,0,00B4B4B4,1^0,0,00B4B4B4,1^0,0,00B4B4B4,1^0,0,00B4B4B4,1" horz_align="1" letter_spacing="-3.5px" enable="0" editable="0" default_value="24,000" max_length="9"/>
						<line control_id="894" x1="252" y1="66" x2="252" y2="107" right="828" bottom="355" line_color="000A0A0A"/>
						<pushbutton control_id="170" x="816" y="35" right="14" bottom="322" width="250" height="105" style_class="0" custom_class="PB_105_del" text="취소" font="Noto Sans KR Medium,35.3,500,0,0,0" fore_color="00FFFFFF" back_color="00F2F2F2" transparent="1" border="4" image_normal="/BIZ/102/05/PUB/bin_bt_G_250x105.png" image_down="/BIZ/102/05/PUB/bin_bt_G_250x105_o.png" box_shadow_effect="0" line_height="70" hover_font="Noto Sans CJK KR,35,1,0,0,0" down_color_use="1" down_forecolor="00F8F8F8" down_backcolor="00F2F2F2" version="1.1"/>
						<pushbutton control_id="114" name="btn_Next" x="816" y="153" right="14" bottom="49" width="250" height="260" style_class="0" custom_class="PB_105_pay" text="결제하기" font="Noto Sans KR Medium,35.3,500,0,0,0" fore_color="00FFFFFF" back_color="00F2F2F2" transparent="1" border="4" image_normal="/BIZ/102/05/PUB/pay_bt_R_250x260.png" image_down="/BIZ/102/05/PUB/pay_bt_R_250x260_o.png" imagesize="2" box_shadow_effect="0" vert_align="2" line_height="70" text_margin="0,0,0,30" hover_font="Noto Sans CJK KR,35,1,0,0,0" down_color_use="1" down_forecolor="00F8F8F8" down_backcolor="00F2F2F2" version="1.1"/>
						<text control_id="1223" autosize="0" x="93" y="129" right="828" bottom="269" width="159" height="64" custom_class="TX_101_contents" text="구매금액" font="Noto Sans KR Medium,32.3,500,0,0,0" fore_color="000A0A0A" back_color="00F6F6F6" transparent="1" line_height="64" letter_spacing="-2.15px" version="1.1"/>
						<numericex_field control_id="1224" autosize="0" x="477" y="121" right="452" bottom="267" width="151" height="74" custom_input_class="TX_101_contents" font="Noto Sans KR Bold,37.5,1,0,0,0" fore_color="000A0A0A" transparent="1" border="0" border_ex="0,0,00B4B4B4,,0,,0,0,1,0,00FFFFFF,00E1E1E1^0,0,00B4B4B4,1^0,0,00B4B4B4,1^0,0,00B4B4B4,1^0,0,00B4B4B4,1" back_imagehorzalign="2" horz_align="1" letter_spacing="-2.5px" enable="0" editable="0" default_value="25,000"/>
						<text control_id="1225" autosize="0" x="655" y="130" right="386" bottom="270" width="39" height="62" custom_class="TX_101_contents" text="원" font="Noto Sans KR Medium,31.5,500,0,0,0" fore_color="000A0A0A" transparent="1" back_imagehorzalign="2" line_height="62" letter_spacing="-2.1px" version="1.1"/>
						<line control_id="1226" x1="252" y1="141" x2="252" y2="182" right="828" bottom="280" line_color="000A0A0A"/>
						<text control_id="1227" autosize="0" x="93" y="211" right="828" bottom="187" width="159" height="64" custom_class="TX_101_contents" text="할인금액" font="Noto Sans KR Medium,32.3,500,0,0,0" fore_color="000A0A0A" back_color="00F6F6F6" transparent="1" line_height="64" letter_spacing="-2.15px" version="1.1"/>
						<numericex_field control_id="1228" autosize="0" x="488" y="201" right="452" bottom="187" width="140" height="74" custom_input_class="TX_101_contents" font="Noto Sans KR Bold,37.5,1,0,0,0" fore_color="000A0A0A" transparent="1" border="0" border_ex="0,0,00B4B4B4,,0,,0,0,1,0,00FFFFFF,00E1E1E1^0,0,00B4B4B4,1^0,0,00B4B4B4,1^0,0,00B4B4B4,1^0,0,00B4B4B4,1" back_imagehorzalign="2" horz_align="1" letter_spacing="-2.5px" enable="0" editable="0" default_value="-1,000"/>
						<text control_id="1229" autosize="0" x="655" y="210" right="386" bottom="190" width="39" height="62" custom_class="TX_101_contents" text="원" font="Noto Sans KR Medium,31.5,500,0,0,0" fore_color="000A0A0A" transparent="1" back_imagehorzalign="2" line_height="62" letter_spacing="-2.1px" version="1.1"/>
						<line control_id="1230" x1="252" y1="223" x2="252" y2="264" right="828" bottom="198" line_color="000A0A0A"/>
					</panel>
					<text control_id="425" autosize="0" x="208" y="273" right="687" bottom="1210" width="185" height="117" custom_class="TX_101_contents" text="전주비빔밥&#x0D;&#x0A;정식" font="Noto Sans KR Bold,31.5,1,0,0,0" fore_color="000A0A0A" back_color_opacity="0" line_height="55" letter_spacing="-2.1px" version="1.1"/>
					<numericex_field control_id="426" autosize="0" x="707" y="296" right="228" bottom="1233" width="145" height="71" custom_input_class="TX_101_contents" font="Noto Sans KR Bold,36,1,0,0,0" fore_color="000A0A0A" back_color_opacity="0" transparent="1" border="0" horz_align="1" letter_spacing="-2.4px" enable="0" default_value="99000" pattern="ZZZ,ZZZ,ZZZ,ZZZ,ZZ9"/>
					<text control_id="427" autosize="0" x="859" y="300" right="182" bottom="1238" width="39" height="62" custom_class="TX_101_contents" text="원" font="Noto Sans KR Bold,31.5,1,0,0,0" fore_color="000A0A0A" back_color_opacity="0" border_radius="0,0,0,0" border_ex="0,0,00B4B4B4,,0,,0,0,1,0,00FFFFFF,00E1E1E1^0,0,00B4B4B4,1^0,0,00B4B4B4,1^0,1,007C726E,1^0,0,00B4B4B4,1" line_height="62" letter_spacing="-2.1px" version="1.1"/>
					<pushbutton control_id="428" x="923" y="282" right="57" bottom="1218" width="100" height="100" style_class="0" custom_class="PB_105_X" text="" font="Noto Sans CJK KR,35,1,0,0,0" fore_color="00FFFFFF" transparent="1" border="4" image_normal="/BIZ/102/05/PUB/close_bt_G_100x100.png" image_down="/BIZ/102/05/PUB/close_bt_G_100x100_o.png" imagesize="1" box_shadow_effect="0" hover_font="Noto Sans CJK KR,35,1,0,0,0" down_color_use="1" down_forecolor="00F8F8F8" version="1.1"/>
					<imagebox control_id="432" x="51" y="271" right="909" bottom="1209" width="120" height="120" back_color_opacity="0" transparent="1" border="0" back_image="/BIZ/102/05/PUB/restaurant_thum1_s.png" back_imagesize="1" padding="0,0,0,0" image="/BIZ/102/05/PUB/thum_box.png" imagesize="1" image_width="120" image_height="120"/>
					<text control_id="346" autosize="0" x="61" y="262" right="997" bottom="1285" width="22" height="53" text="1" font="Noto Sans CJK KR,32,500,0,0,0" fore_color="00E9E9E9" back_color="00000000" transparent="1" horz_align="1" letter_spacing="-2.1px" version="1.1"/>
					<text control_id="433" autosize="0" x="208" y="461" right="687" bottom="1077" width="185" height="62" custom_class="TX_101_contents" text="전주비빔밥" font="Noto Sans KR Bold,31.5,1,0,0,0" fore_color="000A0A0A" back_color_opacity="0" line_height="55" letter_spacing="-2.1px" version="1.1"/>
					<imagebox control_id="440" x="51" y="433" right="909" bottom="1047" width="120" height="120" back_color_opacity="0" transparent="1" border="0" back_image="/BIZ/102/05/PUB/restaurant_thum4_s.png" back_imagesize="1" padding="0,0,0,0" image="/BIZ/102/05/PUB/thum_box.png" imagesize="1" image_width="120" image_height="120"/>
					<line control_id="369" x1="51" y1="414" x2="1032" y2="414" right="48" bottom="1186" line_width="1"/>
					<text control_id="460" autosize="0" x="61" y="423" right="997" bottom="1124" width="22" height="53" text="2" font="Noto Sans CJK KR,32,500,0,0,0" fore_color="00E9E9E9" back_color="00000000" transparent="1" horz_align="1" letter_spacing="-2.1px" version="1.1"/>
					<text control_id="461" autosize="0" x="61" y="589" right="997" bottom="958" width="22" height="53" text="3" font="Noto Sans CJK KR,32,500,0,0,0" fore_color="00E9E9E9" back_color="00000000" transparent="1" horz_align="1" letter_spacing="-2.1px" version="1.1"/>
					<text control_id="462" autosize="0" x="61" y="765" right="997" bottom="782" width="22" height="53" text="4" font="Noto Sans CJK KR,32,500,0,0,0" fore_color="00E9E9E9" back_color="00000000" transparent="1" horz_align="1" letter_spacing="-2.1px" version="1.1"/>
					<line control_id="1180" x1="51" y1="578" x2="1032" y2="578" right="48" bottom="1022" line_width="1"/>
					<numericex_field control_id="1181" autosize="0" x="700" y="458" right="235" bottom="1071" width="145" height="71" custom_input_class="TX_101_contents" font="Noto Sans KR Bold,36,1,0,0,0" fore_color="000A0A0A" back_color_opacity="0" transparent="1" border="0" horz_align="1" letter_spacing="-2.4px" enable="0" default_value="99000" pattern="ZZZ,ZZZ,ZZZ,ZZZ,ZZ9"/>
					<text control_id="1182" autosize="0" x="852" y="462" right="189" bottom="1076" width="39" height="62" custom_class="TX_101_contents" text="원" font="Noto Sans KR Bold,31.5,1,0,0,0" fore_color="000A0A0A" back_color_opacity="0" border_radius="0,0,0,0" border_ex="0,0,00B4B4B4,,0,,0,0,1,0,00FFFFFF,00E1E1E1^0,0,00B4B4B4,1^0,0,00B4B4B4,1^0,1,007C726E,1^0,0,00B4B4B4,1" line_height="62" letter_spacing="-2.1px" version="1.1"/>
					<pushbutton control_id="1183" x="923" y="444" right="57" bottom="1056" width="100" height="100" style_class="0" custom_class="PB_105_X" text="" font="Noto Sans CJK KR,35,1,0,0,0" fore_color="00FFFFFF" transparent="1" border="4" image_normal="/BIZ/102/05/PUB/close_bt_G_100x100.png" image_down="/BIZ/102/05/PUB/close_bt_G_100x100_o.png" imagesize="1" box_shadow_effect="0" hover_font="Noto Sans CJK KR,35,1,0,0,0" down_color_use="1" down_forecolor="00F8F8F8" version="1.1"/>
					<line control_id="1184" x1="51" y1="742" x2="1032" y2="742" right="48" bottom="858" line_width="1"/>
					<imagebox control_id="1186" x="51" y="597" right="909" bottom="883" width="120" height="120" back_color_opacity="0" transparent="1" border="0" back_image="/BIZ/102/05/PUB/restaurant_thum3_s.png" back_imagesize="1" padding="0,0,0,0" image="/BIZ/102/05/PUB/thum_box.png" imagesize="1" image_width="120" image_height="120"/>
					<numericex_field control_id="1190" autosize="0" x="700" y="622" right="235" bottom="907" width="145" height="71" custom_input_class="TX_101_contents" font="Noto Sans KR Bold,36,1,0,0,0" fore_color="000A0A0A" back_color_opacity="0" transparent="1" border="0" horz_align="1" letter_spacing="-2.4px" enable="0" default_value="99000" pattern="ZZZ,ZZZ,ZZZ,ZZZ,ZZ9"/>
					<text control_id="1191" autosize="0" x="852" y="626" right="189" bottom="912" width="39" height="62" custom_class="TX_101_contents" text="원" font="Noto Sans KR Bold,31.5,1,0,0,0" fore_color="000A0A0A" back_color_opacity="0" border_radius="0,0,0,0" border_ex="0,0,00B4B4B4,,0,,0,0,1,0,00FFFFFF,00E1E1E1^0,0,00B4B4B4,1^0,0,00B4B4B4,1^0,1,007C726E,1^0,0,00B4B4B4,1" line_height="62" letter_spacing="-2.1px" version="1.1"/>
					<pushbutton control_id="1192" x="923" y="608" right="57" bottom="892" width="100" height="100" style_class="0" custom_class="PB_105_X" text="" font="Noto Sans CJK KR,35,1,0,0,0" fore_color="00FFFFFF" transparent="1" border="4" image_normal="/BIZ/102/05/PUB/close_bt_G_100x100.png" image_down="/BIZ/102/05/PUB/close_bt_G_100x100_o.png" imagesize="1" box_shadow_effect="0" hover_font="Noto Sans CJK KR,35,1,0,0,0" down_color_use="1" down_forecolor="00F8F8F8" version="1.1"/>
					<text control_id="1193" autosize="0" x="208" y="599" right="680" bottom="884" width="192" height="117" custom_class="TX_101_contents" text="해물순두부&#x0D;&#x0A;비빔밥 정식" font="Noto Sans KR Bold,31.5,1,0,0,0" fore_color="000A0A0A" back_color_opacity="0" line_height="55" letter_spacing="-2.1px" version="1.1"/>
					<imagebox control_id="1194" x="51" y="770" right="909" bottom="710" width="120" height="120" back_color_opacity="0" transparent="1" border="0" back_image="/BIZ/102/05/PUB/restaurant_thum7_s.png" back_imagesize="1" padding="0,0,0,0" image="/BIZ/102/05/PUB/thum_box.png" imagesize="1" image_width="120" image_height="120"/>
					<numericex_field control_id="1198" autosize="0" x="700" y="795" right="235" bottom="734" width="145" height="71" custom_input_class="TX_101_contents" font="Noto Sans KR Bold,36,1,0,0,0" fore_color="000A0A0A" back_color_opacity="0" transparent="1" border="0" horz_align="1" letter_spacing="-2.4px" enable="0" default_value="99000" pattern="ZZZ,ZZZ,ZZZ,ZZZ,ZZ9"/>
					<text control_id="1199" autosize="0" x="852" y="799" right="189" bottom="739" width="39" height="62" custom_class="TX_101_contents" text="원" font="Noto Sans KR Bold,31.5,1,0,0,0" fore_color="000A0A0A" back_color_opacity="0" border_radius="0,0,0,0" border_ex="0,0,00B4B4B4,,0,,0,0,1,0,00FFFFFF,00E1E1E1^0,0,00B4B4B4,1^0,0,00B4B4B4,1^0,1,007C726E,1^0,0,00B4B4B4,1" line_height="62" letter_spacing="-2.1px" version="1.1"/>
					<pushbutton control_id="1200" x="923" y="781" right="57" bottom="719" width="100" height="100" style_class="0" custom_class="PB_105_X" text="" font="Noto Sans CJK KR,35,1,0,0,0" fore_color="00FFFFFF" transparent="1" border="4" image_normal="/BIZ/102/05/PUB/close_bt_G_100x100.png" image_down="/BIZ/102/05/PUB/close_bt_G_100x100_o.png" imagesize="1" box_shadow_effect="0" hover_font="Noto Sans CJK KR,35,1,0,0,0" down_color_use="1" down_forecolor="00F8F8F8" version="1.1"/>
					<text control_id="1201" autosize="0" x="208" y="772" right="680" bottom="711" width="192" height="117" custom_class="TX_101_contents" text="곤드레 돌솥&#x0D;&#x0A;비빔밥" font="Noto Sans KR Bold,31.5,1,0,0,0" fore_color="000A0A0A" back_color_opacity="0" line_height="55" letter_spacing="-2.1px" version="1.1"/>
					<line control_id="1202" x1="51" y1="903" x2="1032" y2="903" right="48" bottom="697" line_width="1"/>
					<panel control_id="1234" semantic_tag="0" x="444" y="756" right="406" bottom="714" width="230" height="130" border_radius="15" title_font="맑은 고딕,9,0,0,0,0">
						<tab_order order_option="0" order_info="1235,1236,1239"/>
						<pushbutton control_id="1235" x="9" y="8" right="154" bottom="5" width="65" height="115" style_class="0" custom_class="PB_105_minus" text="" font="Noto Sans CJK KR,35,1,0,0,0" fore_color="00FFFFFF" transparent="1" border="4" image_normal="/BIZ/102/05/PUB/minus_bt_DG_65x115.png" image_down="/BIZ/102/05/PUB/minus_bt_DG_65x115_o.png" imagesize="1" box_shadow_effect="0" hover_font="Noto Sans CJK KR,35,1,0,0,0" down_color_use="1" down_forecolor="00F8F8F8" version="1.1"/>
						<pushbutton control_id="1236" x="156" y="8" right="7" bottom="5" width="65" height="115" style_class="0" custom_class="PB_105_plus" text="" font="Noto Sans CJK KR,35,1,0,0,0" fore_color="00FFFFFF" transparent="1" border="4" image_normal="/BIZ/102/05/PUB/plus_bt_DG_65x115.png" image_down="/BIZ/102/05/PUB/plus_bt_DG_65x115_o.png" imagesize="1" box_shadow_effect="0" hover_font="Noto Sans CJK KR,35,1,0,0,0" down_color_use="1" down_forecolor="00F8F8F8" version="1.1"/>
						<numericex_field control_id="1239" autosize="0" x="103" y="34" right="100" bottom="32" width="25" height="62" custom_input_class="TX_101_contents" font="Noto Sans KR Bold,31.5,1,0,0,0" fore_color="000A0A0A" transparent="1" border="0" border_ex="0,0,00B4B4B4,,0,,0,0,1,0,00FFFFFF,00E1E1E1^0,0,00B4B4B4,1^0,0,00B4B4B4,1^0,0,00B4B4B4,1^0,0,00B4B4B4,1" back_imagehorzalign="1" letter_spacing="-2.5px" enable="0" editable="0" default_value="1"/>
					</panel>
					<panel control_id="1240" semantic_tag="0" x="445" y="266" right="405" bottom="1204" width="230" height="130" border_radius="15" title_font="맑은 고딕,9,0,0,0,0">
						<tab_order order_option="0" order_info="1241,1242,1243"/>
						<pushbutton control_id="1241" x="9" y="8" right="154" bottom="5" width="65" height="115" style_class="0" custom_class="PB_105_minus" text="" font="Noto Sans CJK KR,35,1,0,0,0" fore_color="00FFFFFF" transparent="1" border="4" image_normal="/BIZ/102/05/PUB/minus_bt_DG_65x115.png" image_down="/BIZ/102/05/PUB/minus_bt_DG_65x115_o.png" imagesize="1" box_shadow_effect="0" hover_font="Noto Sans CJK KR,35,1,0,0,0" down_color_use="1" down_forecolor="00F8F8F8" version="1.1"/>
						<pushbutton control_id="1242" x="156" y="8" right="7" bottom="5" width="65" height="115" style_class="0" custom_class="PB_105_plus" text="" font="Noto Sans CJK KR,35,1,0,0,0" fore_color="00FFFFFF" transparent="1" border="4" image_normal="/BIZ/102/05/PUB/plus_bt_DG_65x115.png" image_down="/BIZ/102/05/PUB/plus_bt_DG_65x115_o.png" imagesize="1" box_shadow_effect="0" hover_font="Noto Sans CJK KR,35,1,0,0,0" down_color_use="1" down_forecolor="00F8F8F8" version="1.1"/>
						<numericex_field control_id="1243" autosize="0" x="91" y="34" right="88" bottom="32" width="49" height="62" custom_input_class="TX_101_contents" font="Noto Sans KR Bold,31.5,1,0,0,0" fore_color="000A0A0A" transparent="1" border="0" border_ex="0,0,00B4B4B4,,0,,0,0,1,0,00FFFFFF,00E1E1E1^0,0,00B4B4B4,1^0,0,00B4B4B4,1^0,0,00B4B4B4,1^0,0,00B4B4B4,1" back_imagehorzalign="1" letter_spacing="-2.5px" enable="0" editable="0" default_value="99"/>
					</panel>
					<panel control_id="1244" semantic_tag="0" x="445" y="428" right="405" bottom="1042" width="230" height="130" border_radius="15" title_font="맑은 고딕,9,0,0,0,0">
						<tab_order order_option="0" order_info="1245,1246,1247"/>
						<pushbutton control_id="1245" x="9" y="8" right="154" bottom="5" width="65" height="115" style_class="0" custom_class="PB_105_minus" text="" font="Noto Sans CJK KR,35,1,0,0,0" fore_color="00FFFFFF" transparent="1" border="4" image_normal="/BIZ/102/05/PUB/minus_bt_DG_65x115.png" image_down="/BIZ/102/05/PUB/minus_bt_DG_65x115_o.png" imagesize="1" box_shadow_effect="0" hover_font="Noto Sans CJK KR,35,1,0,0,0" down_color_use="1" down_forecolor="00F8F8F8" version="1.1"/>
						<pushbutton control_id="1246" x="156" y="8" right="7" bottom="5" width="65" height="115" style_class="0" custom_class="PB_105_plus" text="" font="Noto Sans CJK KR,35,1,0,0,0" fore_color="00FFFFFF" transparent="1" border="4" image_normal="/BIZ/102/05/PUB/plus_bt_DG_65x115.png" image_down="/BIZ/102/05/PUB/plus_bt_DG_65x115_o.png" imagesize="1" box_shadow_effect="0" hover_font="Noto Sans CJK KR,35,1,0,0,0" down_color_use="1" down_forecolor="00F8F8F8" version="1.1"/>
						<numericex_field control_id="1247" autosize="0" x="103" y="34" right="100" bottom="32" width="25" height="62" custom_input_class="TX_101_contents" font="Noto Sans KR Bold,31.5,1,0,0,0" fore_color="000A0A0A" transparent="1" border="0" border_ex="0,0,00B4B4B4,,0,,0,0,1,0,00FFFFFF,00E1E1E1^0,0,00B4B4B4,1^0,0,00B4B4B4,1^0,0,00B4B4B4,1^0,0,00B4B4B4,1" back_imagehorzalign="1" letter_spacing="-2.5px" enable="0" editable="0" default_value="1"/>
					</panel>
					<panel control_id="1248" semantic_tag="0" x="445" y="592" right="405" bottom="878" width="230" height="130" border_radius="15" title_font="맑은 고딕,9,0,0,0,0">
						<tab_order order_option="0" order_info="1249,1250,1251"/>
						<pushbutton control_id="1249" x="9" y="8" right="154" bottom="5" width="65" height="115" style_class="0" custom_class="PB_105_minus" text="" font="Noto Sans CJK KR,35,1,0,0,0" fore_color="00FFFFFF" transparent="1" border="4" image_normal="/BIZ/102/05/PUB/minus_bt_DG_65x115.png" image_down="/BIZ/102/05/PUB/minus_bt_DG_65x115_o.png" imagesize="1" box_shadow_effect="0" hover_font="Noto Sans CJK KR,35,1,0,0,0" down_color_use="1" down_forecolor="00F8F8F8" version="1.1"/>
						<pushbutton control_id="1250" x="156" y="8" right="7" bottom="5" width="65" height="115" style_class="0" custom_class="PB_105_plus" text="" font="Noto Sans CJK KR,35,1,0,0,0" fore_color="00FFFFFF" transparent="1" border="4" image_normal="/BIZ/102/05/PUB/plus_bt_DG_65x115.png" image_down="/BIZ/102/05/PUB/plus_bt_DG_65x115_o.png" imagesize="1" box_shadow_effect="0" hover_font="Noto Sans CJK KR,35,1,0,0,0" down_color_use="1" down_forecolor="00F8F8F8" version="1.1"/>
						<numericex_field control_id="1251" autosize="0" x="103" y="34" right="100" bottom="32" width="25" height="62" custom_input_class="TX_101_contents" font="Noto Sans KR Bold,31.5,1,0,0,0" fore_color="000A0A0A" transparent="1" border="0" border_ex="0,0,00B4B4B4,,0,,0,0,1,0,00FFFFFF,00E1E1E1^0,0,00B4B4B4,1^0,0,00B4B4B4,1^0,0,00B4B4B4,1^0,0,00B4B4B4,1" back_imagehorzalign="1" letter_spacing="-2.5px" enable="0" editable="0" default_value="1"/>
					</panel>
					<panel control_id="238" semantic_tag="0" x="0" y="169" right="0" bottom="1341" width="1080" height="90" custom_class="PN_105_rec" back_color="003016D2" border="0" border_color="003016D2" title_font="맑은 고딕,9,0,0,0,0">
						<text control_id="239" autosize="0" x="75" y="14" right="927" bottom="14" width="78" height="62" text="상품" font="Noto Sans KR Bold,31.5,1,0,0,0" fore_color="00F8F8F8" back_color="003016D2" transparent="1" horz_align="1" line_height="62" mousehover_color="003016D2" mousehover_forecolor="003016D2" version="1.1"/>
						<text control_id="242" autosize="0" x="521" y="14" right="481" bottom="14" width="78" height="62" text="수량" font="Noto Sans KR Bold,31.5,1,0,0,0" fore_color="00F8F8F8" back_color="003016D2" transparent="1" horz_align="1" line_height="62" mousehover_color="003016D2" mousehover_forecolor="003016D2" version="1.1"/>
						<text control_id="243" autosize="0" x="777" y="14" right="225" bottom="14" width="78" height="62" text="가격" font="Noto Sans KR Bold,31.5,1,0,0,0" fore_color="00F8F8F8" back_color="003016D2" transparent="1" horz_align="1" line_height="62" mousehover_color="003016D2" mousehover_forecolor="003016D2" version="1.1"/>
					</panel>
					<text control_id="889" autosize="0" x="502" y="974" right="499" bottom="564" width="79" height="62" custom_class="TX_101_G" text="&lt;font class=&quot;TX_105_R&quot; color=&quot;#D21630&quot;&gt;1 &lt;/font&gt;/ 1" font="Noto Sans KR Medium,31.5,500,0,0,0" transparent="1" version="1.1"/>
					<pushbutton control_id="1252" x="194" y="955" right="611" bottom="545" width="275" height="100" style_class="0" text="이전페이지" font="Noto Sans KR Medium,31.5,500,0,0,0" transparent="1" border="4" image_normal="/BIZ/102/05/PUB/pre_bt_G_270x100.png" imagesize="2" box_shadow_effect="0" text_margin="63,0,0,0" hover_font="맑은 고딕,9,0,0,0,0" letter_spacing="-2.1px" version="1.1"/>
					<pushbutton control_id="1253" x="612" y="955" right="193" bottom="545" width="275" height="100" style_class="0" text="다음페이지" font="Noto Sans KR Medium,31.5,500,0,0,0" transparent="1" border="4" image_normal="/BIZ/102/05/PUB/next_bt_G_270x100.png" imagesize="2" box_shadow_effect="0" text_margin="0,63,0,0" hover_font="맑은 고딕,9,0,0,0,0" letter_spacing="-2.1px" version="1.1"/>
				</panel>
			</panel>
			<panel control_id="6" semantic_tag="0" x="0" y="0" right="0" bottom="1840" width="1080" height="80" custom_class="PN_101_back" border="0" vertscrollbar_style="0" horzscrollbar_style="0" boxshadow_type="1" title_font="맑은 고딕,9,0,0,0,0">
				<tab_order order_option="0" order_info="192,214,193,888"/>
				<pushbutton control_id="192" name="btn_Home" x="14" y="5" right="866" bottom="5" width="200" height="70" style_class="0" custom_class="PB_101_home" text="처음으로" font="Noto Sans KR Medium,31.5,500,0,0,0" fore_color="000A0A0A" back_color="00FBFBFB" border="4" border_color="007A665E" border_radius="35,35,35,35" image_normal="/BIZ/101/01/PUB/home_bt_G.png" image_down="/BIZ/101/01/PUB/home_bt_G_o.png" image_vert_align="1" box_shadow_effect="0" horz_align="0" line_height="62" text_margin="40,0,0,0" hover_font="맑은 고딕,9,0,0,0,0" down_color_use="3" down_backcolor="006D574E" letter_spacing="-2.1px" version="1.1"/>
				<pushbutton control_id="193" name="btn_Call" x="866" y="5" right="14" bottom="5" width="200" height="70" style_class="0" custom_class="PB_101_call" text="직원호출" font="Noto Sans KR Medium,31.5,500,0,0,0" fore_color="00FFFFFF" back_color="00FBFBFB" border="4" border_color="000000D1" border_radius="35" image_normal="/BIZ/101/01/PUB/call_bt_R.png" image_down="/BIZ/101/01/PUB/call_bt_R_o.png" image_vert_align="1" box_shadow_effect="0" horz_align="0" line_height="62" text_margin="39,0,0,0" hover_font="맑은 고딕,9,0,0,0,0" down_color_use="3" down_backcolor="0011119C" letter_spacing="-2.1px" version="1.1"/>
				<pushbutton control_id="214" name="btn_Flag" x="758" y="5" right="252" bottom="5" width="70" height="70" style_class="0" custom_class="PB_101_selLanguage" text="" font="Noto Sans CJK KR,32,0,0,0,0" fore_color="000A0A0A" transparent="1" border="4" border_color="00E2E2E2" border_radius="44" image_normal="/BIZ/101/01/PUB/language_lound_bt.png" image_down="/BIZ/101/01/PUB/language_lound_kr_bt_o.png" box_shadow_effect="0" horz_align="2" line_height="62" text_margin="" text_wordellipsis="0" hover_font="맑은 고딕,9,0,0,0,0" down_color_use="2" down_forecolor="00F8F8F8" version="1.1"/>
				<pushbutton control_id="888" x="447" y="20" right="446" bottom="17" width="187" height="43" style_class="0" custom_class="PB_105_title" text="" font="맑은 고딕,9,0,0,0,0" transparent="1" border="4" image_normal="/BIZ/102/05/PUB/logo_restaurant.png" imagesize="1" hover_font="맑은 고딕,9,0,0,0,0" version="1.1"/>
			</panel>
			<panel control_id="7" semantic_tag="0" x="0" y="1805" right="0" bottom="0" width="1080" height="115" custom_class="PN_101_back" border="0" boxshadow_type="1" title_font="맑은 고딕,9,0,0,0,0">
				<tab_order order_option="0" order_info="48,230"/>
				<pushbutton control_id="230" name="btn_Acc" x="866" y="18" right="14" bottom="17" width="200" height="80" style_class="0" custom_class="PB_101_access" text="접근성" font="Noto Sans KR,31.5,1,0,0,0" fore_color="00FFFFFF" transparent="1" border="4" border_color="00E2E2E2" border_radius="44" image_normal="/BIZ/101/01/PUB/lowsc_bt.png" image_down="/BIZ/101/01/PUB/lowsc_bt_o.png" box_shadow_effect="0" horz_align="0" line_height="62" text_margin="63,0,0,0" text_wordellipsis="0" hover_font="맑은 고딕,9,0,0,0,0" down_color_use="2" down_forecolor="00F8F8F8" letter_spacing="-2.1px" version="1.1"/>
				<pushbutton control_id="48" name="btn_Prev" x="14" y="18" right="851" bottom="17" width="215" height="80" style_class="0" custom_class="PB_101_Previous" text="이전" font="Noto Sans KR,31.5,1,0,0,0" fore_color="000A0A0A" transparent="1" border="4" border_color="00F6F6F6" border_radius="45" image_normal="/BIZ/101/01/PUB/back_bt.png" image_down="/BIZ/101/01/PUB/back_bt_o.png" image_vert_align="1" box_shadow_effect="0" line_height="62" hover_font="맑은 고딕,9,0,0,0,0" down_color_use="3" down_backcolor="0019AADE" letter_spacing="-2.1px" version="1.1"/>
			</panel>
		</panel>
	</map>
</map_list>
