﻿<?xml version="1.0" encoding="UTF-8"?>
<map_list>
	<map>
		<screen version="2.0" scriptcode="java" title="[저]무인상품판매기_바코드(2)" directory="/BIZ/101/02LP/" screenid="10102003" last_update_date="2024-10-31 13:23:16" width="1080" width_type="0" height="1920" height_type="0" canvas_height="2120" on_load="eventfunc:screen_on_load()" funclist="screen_on_load"/>
		<panel control_id="0" semantic_tag="0" x="0" y="0" right="0" bottom="0" width="1080" height="1920" back_color="00807D79" border="0" vertscrollbar_style="0" horzscrollbar_style="0" title_font="맑은 고딕,9,0,0,0,0">
			<panel control_id="1" semantic_tag="0" x="0" y="710" right="0" bottom="0" width="1080" height="1210" back_color="00F6F6F6" border="0" vertscrollbar_style="0" horzscrollbar_style="0" title_font="맑은 고딕,9,0,0,0,0">
				<tab_order order_option="0" order_info="6,233,238,1201,891"/>
				<panel control_id="6" semantic_tag="0" x="0" y="0" right="0" bottom="1150" width="1080" height="60" back_color="00C4C4C4" border="0" vertscrollbar_style="0" horzscrollbar_style="0" title_font="맑은 고딕,9,0,0,0,0">
					<pushbutton control_id="884" x="405" y="17" right="404" bottom="12" width="271" height="31" style_class="0" custom_class="IM_102_title" text="" font="맑은 고딕,9,0,0,0,0" back_color="00C4C4C4" transparent="1" border="4" image_normal="/BIZ/101/02/PUB/logo_icecream.png" imagesize="2" hover_font="맑은 고딕,9,0,0,0,0" version="1.1"/>
				</panel>
				<text control_id="215" autosize="0" x="208" y="216" right="207" bottom="855" width="665" height="139" text="선택하신 &lt;font color=&quot;#1674D2&quot;&gt;9개의 상품&lt;/font&gt;을 확인하시고&#x0D;&#x0A;&lt;font color=&quot;#1674D2&quot;&gt;결제하기&lt;/font&gt;를 누르세요" font="Noto Sans KR Bold,37.5,1,0,0,0" fore_color="000A0A0A" back_color="00F6F6F6" transparent="1" horz_align="1" line_height="65" letter_spacing="-2.5px" version="1.1"/>
				<panel control_id="233" semantic_tag="0" x="0" y="60" right="0" bottom="1000" width="1080" height="150" custom_class="PN_101_bgG" back_color="00B4B4B4" back_image="/BIZ/101/02/PUB/tab.png" border="0" title_font="맑은 고딕,9,0,0,0,0">
					<tab_order order_option="0" order_info="895"/>
					<text control_id="217" autosize="0" x="38" y="80" right="840" bottom="8" width="202" height="62" custom_class="TX_101_stepDone" text="바코드 읽기" font="Noto Sans KR Regular,31.5,0,0,0,0" fore_color="000A0A0A" back_color="00DFDDDC" transparent="1" back_imagehorzalign="1" horz_align="1" version="1.1"/>
					<text control_id="219" autosize="0" x="305" y="80" right="620" bottom="8" width="155" height="62" custom_class="TX_101_step" text="결제하기" font="Noto Sans KR Regular,31.5,0,0,0,0" fore_color="006C5E5A" back_color="00DFDDDC" transparent="1" horz_align="1" version="1.1"/>
					<text control_id="223" autosize="0" x="595" y="80" right="408" bottom="8" width="77" height="62" custom_class="TX_101_step" text="완료" font="Noto Sans KR Regular,31.5,0,0,0,0" fore_color="006C5E5A" back_color="00DFDDDC" transparent="1" horz_align="1" version="1.1"/>
					<panel control_id="895" semantic_tag="0" x="102" y="9" right="417" bottom="67" width="561" height="74" custom_class="PN_102_stepBar_1" transparent="1" back_image="/BIZ/101/02/PUB/comn_3step_B_S_bar_1.png" border="0" title_font="맑은 고딕,9,0,0,0,0"></panel>
				</panel>
				<panel control_id="891" semantic_tag="0" x="0" y="890" right="0" bottom="0" width="1080" height="320" custom_class="TX_101_subContents" back_color="00F6F6F6" border_ex="0,1,00B4B4B4,,0,0-0-0-0,0,0,1,0,00FFFFFF,00E1E1E1^1,2,00C2C2C2,1^1,0,00B4B4B4,1^1,0,00B4B4B4,1^1,0,00B4B4B4,1" title_font="맑은 고딕,9,0,0,0,0">
					<tab_order order_option="0" order_info="35,328,7"/>
					<text control_id="180" autosize="0" x="551" y="111" right="490" bottom="145" width="39" height="62" custom_class="TX_101_subContents" text="원" font="Noto Sans KR Medium,31.5,500,0,0,0" fore_color="00D27416" transparent="1" back_imagehorzalign="2" letter_spacing="-2.1px" version="1.1"/>
					<pushbutton control_id="35" name="BTN_pay" x="810" y="20" right="45" bottom="133" width="225" height="165" style_class="0" custom_class="PB_102_pay" text="결제하기" font="Noto Sans KR Medium,31.5,500,0,0,0" fore_color="00FFFFFF" back_color="00F6F6F6" border="4" border_color="0002C4FF" border_radius="12" image_normal="/BIZ/101/02/PUB/bin_bt_B_270x250.png" image_down="/BIZ/101/02/PUB/bin_bt_B_270x250_o.png" imagesize="1" image_vert_align="1" box_shadow_effect="0" line_height="70" text_margin="0,0,3,0" hover_font="맑은 고딕,9,0,0,0,0" down_backcolor="0019AADE" version="1.1"/>
					<text control_id="160" autosize="0" x="93" y="25" right="864" bottom="231" width="123" height="62" custom_class="TX_101_G" text="총수량" font="Noto Sans KR Bold,33.8,1,0,0,0" fore_color="000A0A0A" back_color="00F6F6F6" transparent="1" letter_spacing="-2.1px" version="1.1"/>
					<text control_id="161" autosize="0" x="92" y="109" right="822" bottom="143" width="166" height="66" custom_class="TX_101_G" text="결제금액" font="Noto Sans KR Bold,33.8,1,0,0,0" fore_color="00D27416" back_color="00F6F6F6" transparent="1" letter_spacing="-2.25px" version="1.1"/>
					<line control_id="163" x1="96" y1="103" x2="588" y2="103" right="492" bottom="215" line_width="1" line_color="00C2C2C2"/>
					<text control_id="175" autosize="0" x="551" y="30" right="490" bottom="226" width="39" height="62" custom_class="TX_101_subContents" text="개" font="Noto Sans KR Medium,31.5,500,0,0,0" fore_color="000A0A0A" transparent="1" back_imagehorzalign="2" line_height="62" letter_spacing="-2.1px" version="1.1"/>
					<line control_id="894" x1="244" y1="41" x2="244" y2="76" right="836" bottom="242" line_color="000A0A0A"/>
					<panel control_id="7" semantic_tag="0" x="0" y="202" right="0" bottom="1" width="1080" height="115" border="0" title_font="맑은 고딕,9,0,0,0,0">
						<tab_order order_option="0" order_info="236,237,235,48,230"/>
						<pushbutton control_id="230" name="btn_Acc" x="658" y="18" right="222" bottom="17" width="200" height="80" style_class="0" text="접근성" font="Noto Sans KR Medium,31.5,500,0,0,0" fore_color="00FFFFFF" transparent="1" border="4" border_color="00E2E2E2" border_radius="44" image_normal="/BIZ/101/01/PUB/lowsc_bt.png" image_down="/BIZ/101/01/PUB/lowsc_bt_o.png" imagesize="1" box_shadow_effect="0" horz_align="0" line_height="62" text_margin="61,27,9,9" text_wordellipsis="0" hover_font="맑은 고딕,9,0,0,0,0" down_color_use="2" down_forecolor="00F8F8F8" letter_spacing="-2.1px" version="1.1"/>
						<pushbutton control_id="48" name="btn_Prev" x="226" y="18" right="654" bottom="17" width="200" height="80" style_class="0" text="이전" font="Noto Sans KR Medium,31.5,500,0,0,0" fore_color="000A0A0A" back_color="00F0FFFF" transparent="1" border="4" border_color="0024C5FF" border_radius="45" image_normal="/BIZ/101/01/PUB/back_bt.png" image_down="/BIZ/101/01/PUB/back_bt_o.png" imagesize="1" image_vert_align="1" box_shadow_effect="0" line_height="62" text_margin="70,54,9,9" hover_font="맑은 고딕,9,0,0,0,0" down_color_use="3" down_backcolor="0019AADE" letter_spacing="-2.1px" version="1.1"/>
						<pushbutton control_id="235" name="btn_Home" x="15" y="18" right="865" bottom="17" width="200" height="80" style_class="0" text="처음으로" font="Noto Sans KR Medium,31.5,500,0,0,0" fore_color="000A0A0A" back_color="00FBFBFB" border="4" border_color="007A665E" border_radius="35,35,35,35" image_normal="/BIZ/101/01/PUB/home_bt_G_200x70.png" image_down="/BIZ/101/01/PUB/home_bt_G_o.png" imagesize="1" image_vert_align="1" box_shadow_effect="0" horz_align="0" line_height="62" text_margin="40,12,9,9" hover_font="맑은 고딕,9,0,0,0,0" down_color_use="3" down_backcolor="006D574E" letter_spacing="-2.1px" version="1.1"/>
						<pushbutton control_id="236" name="btn_Flag" x="500" y="16" right="500" bottom="19" width="80" height="80" style_class="0" text="" font="Noto Sans CJK KR,32,0,0,0,0" fore_color="000A0A0A" transparent="1" border="4" border_color="00E2E2E2" border_radius="44" image_normal="/BIZ/101/01/PUB/language_lound_bt.png" image_down="/BIZ/101/01/PUB/language_lound_kr_bt_o.png" imagesize="1" box_shadow_effect="0" horz_align="2" line_height="62" text_margin="" text_wordellipsis="0" hover_font="맑은 고딕,9,0,0,0,0" down_color_use="2" down_forecolor="00F8F8F8" version="1.1"/>
						<pushbutton control_id="237" name="btn_Call" x="867" y="16" right="13" bottom="19" width="200" height="80" style_class="0" text="직원호출" font="Noto Sans KR Medium,31.5,500,0,0,0" fore_color="00FFFFFF" back_color="00FBFBFB" border="4" border_color="000000D1" border_radius="35" image_normal="/BIZ/101/01/PUB/call_bt_R_200x80.png" image_down="/BIZ/101/01/PUB/call_bt_R_200x80_o.png" imagesize="1" image_vert_align="1" box_shadow_effect="0" horz_align="0" line_height="62" text_margin="38,14,9,9" hover_font="맑은 고딕,9,0,0,0,0" down_color_use="3" down_backcolor="0011119C" letter_spacing="-2.1px" version="1.1"/>
					</panel>
					<numericex_field control_id="328" name="payPrice" autosize="0" x="258" y="109" right="556" bottom="135" width="266" height="74" font="Noto Sans CJK KR,38,1,0,0,0" fore_color="00D27416" back_color="00F2F2F2" transparent="1" border="0" horz_align="1" enable="0" default_value="24000" pattern="ZZZ,ZZZ,ZZZ,ZZZ,ZZ9"/>
					<text control_id="1250" autosize="0" x="477" y="30" right="553" bottom="226" width="50" height="62" text="99" font="Noto Sans KR Bold,31.5,1,0,0,0" fore_color="000A0A0A" back_color_opacity="0" horz_align="1" line_height="62" version="1.1"/>
				</panel>
				<panel control_id="238" semantic_tag="0" x="0" y="356" right="0" bottom="784" width="1080" height="70" custom_class="PN_102_rec" back_color="00D47416" border="0" border_color="00D47416" title_font="맑은 고딕,9,0,0,0,0">
					<text control_id="239" autosize="0" x="227" y="2" right="737" bottom="6" width="116" height="62" text="상품명" font="Noto Sans KR Medium,31.5,500,0,0,0" fore_color="00F8F8F8" back_color="00D47416" transparent="1" horz_align="1" line_height="62" version="1.1"/>
					<text control_id="242" autosize="0" x="607" y="2" right="395" bottom="6" width="78" height="62" text="수량" font="Noto Sans KR Medium,31.5,500,0,0,0" fore_color="00F8F8F8" back_color="00D47416" transparent="1" horz_align="1" line_height="62" version="1.1"/>
					<text control_id="243" autosize="0" x="797" y="2" right="205" bottom="6" width="78" height="62" custom_class="TX_102_contents" text="가격" font="Noto Sans KR Medium,31.5,500,0,0,0" fore_color="00F8F8F8" back_color="00D47416" transparent="1" horz_align="1" line_height="62" version="1.1"/>
					<text control_id="904" autosize="0" x="942" y="2" right="60" bottom="6" width="78" height="62" custom_class="TX_102_contents" text="취소" font="Noto Sans KR Medium,31.5,500,0,0,0" fore_color="00F8F8F8" back_color="00D47416" transparent="1" horz_align="1" line_height="62" version="1.1"/>
				</panel>
				<panel control_id="1201" semantic_tag="0" x="0" y="426" right="0" bottom="322" width="1080" height="462" back_color="00F6F6F6" border="0" title_font="맑은 고딕,9,0,0,0,0">
					<tab_order order_option="0" order_info="1245,1202,1180,1241,1211,1210,1237,1221,1220,1233,1231,1230,1305,1306"/>
					<text control_id="1179" name="menuItem" autosize="0" x="135" y="13" right="550" bottom="387" width="395" height="62" text="월드콘" font="Noto Sans KR Medium,31.5,500,0,0,0" fore_color="000A0A0A" transparent="1" line_height="55" letter_spacing="-2.1px" version="1.1"/>
					<line control_id="1193" x1="36" y1="89" x2="1056" y2="89" right="24" bottom="373" line_width="1" line_color="00C2C2C2"/>
					<imagebox control_id="432" x="30" y="6" right="975" bottom="381" width="75" height="75" back_color_opacity="0" transparent="1" border="0" back_image="/BIZ/101/02/PUB/ice_img1.png" back_imagesize="1" padding="0,0,0,0" image="/BIZ/101/02/PUB/thum_box_75x75.png" imagesize="1" image_width="75" image_height="75"/>
					<text control_id="1181" autosize="0" x="917" y="13" right="124" bottom="387" width="39" height="62" text="원" font="Noto Sans KR Bold,31.5,1,0,0,0" fore_color="00D27416" back_color="00F2F2F2" border_radius="0,0,0,0" border_ex="0,0,00B4B4B4,,0,,0,0,1,0,00FFFFFF,00E1E1E1^0,0,00B4B4B4,1^0,0,00B4B4B4,1^0,1,007C726E,1^0,0,00B4B4B4,1" horz_align="1" line_height="62" letter_spacing="-2.1px" version="1.1"/>
					<numericex_field control_id="1180" autosize="0" x="738" y="13" right="172" bottom="387" width="170" height="62" font="Noto Sans CJK KR,32,1,0,0,0" fore_color="00D27416" back_color="00F2F2F2" transparent="1" border="0" horz_align="1" enable="0" default_value="5000" pattern="ZZZ,ZZZ,ZZZ,ZZZ,ZZ9"/>
					<pushbutton control_id="1202" x="980" y="9" right="30" bottom="383" width="70" height="70" style_class="0" text="" font="Noto Sans CJK KR,35,1,0,0,0" fore_color="00FFFFFF" border="4" image_normal="/BIZ/101/02/PUB/close_bt_G_70x70.png" imagesize="1" box_shadow_effect="0" hover_font="Noto Sans CJK KR,35,1,0,0,0" down_color_use="1" down_forecolor="00F8F8F8" version="1.1"/>
					<text control_id="346" autosize="0" x="30" y="0" right="1014" bottom="420" width="36" height="42" text="1" font="Noto Sans KR Medium,31.5,500,0,0,0" fore_color="00E9E9E9" back_color="00000000" transparent="1" horz_align="1" letter_spacing="-2.1px" version="1.1"/>
					<text control_id="1203" autosize="0" x="135" y="105" right="550" bottom="295" width="395" height="62" text="샤인 머스켓 청포도" font="Noto Sans KR Medium,31.5,500,0,0,0" fore_color="000A0A0A" transparent="1" line_height="55" letter_spacing="-2.1px" version="1.1"/>
					<line control_id="1207" x1="36" y1="181" x2="1056" y2="181" right="24" bottom="281" line_width="1" line_color="00C2C2C2"/>
					<imagebox control_id="1208" x="30" y="98" right="975" bottom="289" width="75" height="75" back_color_opacity="0" transparent="1" border="0" back_image="/BIZ/101/02/PUB/ice_img2.png" back_imagesize="1" padding="0,0,0,0" image="/BIZ/101/02/PUB/thum_box_75x75.png" imagesize="1" image_width="75" image_height="75"/>
					<text control_id="1209" autosize="0" x="917" y="105" right="124" bottom="295" width="39" height="62" text="원" font="Noto Sans KR Bold,31.5,1,0,0,0" fore_color="00D27416" back_color="00F2F2F2" border_radius="0,0,0,0" border_ex="0,0,00B4B4B4,,0,,0,0,1,0,00FFFFFF,00E1E1E1^0,0,00B4B4B4,1^0,0,00B4B4B4,1^0,1,007C726E,1^0,0,00B4B4B4,1" horz_align="1" line_height="62" letter_spacing="-2.1px" version="1.1"/>
					<numericex_field control_id="1210" autosize="0" x="738" y="105" right="172" bottom="295" width="170" height="62" font="Noto Sans CJK KR,32,1,0,0,0" fore_color="00D27416" back_color="00F2F2F2" transparent="1" border="0" horz_align="1" enable="0" default_value="3000" pattern="ZZZ,ZZZ,ZZZ,ZZZ,ZZ9"/>
					<pushbutton control_id="1211" x="980" y="101" right="30" bottom="291" width="70" height="70" style_class="0" text="" font="Noto Sans CJK KR,35,1,0,0,0" fore_color="00FFFFFF" border="4" image_normal="/BIZ/101/02/PUB/close_bt_G_70x70.png" imagesize="1" box_shadow_effect="0" hover_font="Noto Sans CJK KR,35,1,0,0,0" down_color_use="1" down_forecolor="00F8F8F8" version="1.1"/>
					<text control_id="1212" autosize="0" x="30" y="87" right="1014" bottom="328" width="36" height="47" text="2" font="Noto Sans KR Medium,31.5,500,0,0,0" fore_color="00E9E9E9" back_color="00000000" transparent="1" horz_align="1" letter_spacing="-2.1px" version="1.1"/>
					<text control_id="1213" autosize="0" x="135" y="197" right="550" bottom="203" width="395" height="62" text="와일드 바디" font="Noto Sans KR Medium,31.5,500,0,0,0" fore_color="000A0A0A" transparent="1" line_height="55" letter_spacing="-2.1px" version="1.1"/>
					<line control_id="1217" x1="36" y1="273" x2="1056" y2="273" right="24" bottom="189" line_width="1" line_color="00C2C2C2"/>
					<imagebox control_id="1218" x="30" y="190" right="975" bottom="197" width="75" height="75" back_color_opacity="0" transparent="1" border="0" back_image="/BIZ/101/02/PUB/ice_img3.png" back_imagesize="1" padding="0,0,0,0" image="/BIZ/101/02/PUB/thum_box_75x75.png" imagesize="1" image_width="75" image_height="75"/>
					<text control_id="1219" autosize="0" x="917" y="197" right="124" bottom="203" width="39" height="62" text="원" font="Noto Sans KR Bold,31.5,1,0,0,0" fore_color="00D27416" back_color="00F2F2F2" border_radius="0,0,0,0" border_ex="0,0,00B4B4B4,,0,,0,0,1,0,00FFFFFF,00E1E1E1^0,0,00B4B4B4,1^0,0,00B4B4B4,1^0,1,007C726E,1^0,0,00B4B4B4,1" horz_align="1" line_height="62" letter_spacing="-2.1px" version="1.1"/>
					<numericex_field control_id="1220" autosize="0" x="738" y="197" right="172" bottom="203" width="170" height="62" font="Noto Sans CJK KR,32,1,0,0,0" fore_color="00D27416" back_color="00F2F2F2" transparent="1" border="0" horz_align="1" enable="0" default_value="12000" pattern="ZZZ,ZZZ,ZZZ,ZZZ,ZZ9"/>
					<pushbutton control_id="1221" x="980" y="193" right="30" bottom="199" width="70" height="70" style_class="0" text="" font="Noto Sans CJK KR,35,1,0,0,0" fore_color="00FFFFFF" border="4" image_normal="/BIZ/101/02/PUB/close_bt_G_70x70.png" imagesize="1" box_shadow_effect="0" hover_font="Noto Sans CJK KR,35,1,0,0,0" down_color_use="1" down_forecolor="00F8F8F8" version="1.1"/>
					<text control_id="1222" autosize="0" x="30" y="180" right="1014" bottom="234" width="36" height="48" text="3" font="Noto Sans KR Medium,31.5,500,0,0,0" fore_color="00E9E9E9" back_color="00000000" transparent="1" horz_align="1" letter_spacing="-2.1px" version="1.1"/>
					<text control_id="1223" autosize="0" x="135" y="289" right="550" bottom="111" width="395" height="62" text="붕어 싸만코" font="Noto Sans KR Medium,31.5,500,0,0,0" fore_color="000A0A0A" transparent="1" line_height="55" letter_spacing="-2.1px" version="1.1"/>
					<line control_id="1227" x1="36" y1="365" x2="1056" y2="365" right="24" bottom="97" line_width="1" line_color="00C2C2C2"/>
					<imagebox control_id="1228" x="30" y="282" right="975" bottom="105" width="75" height="75" back_color_opacity="0" transparent="1" border="0" back_image="/BIZ/101/02/PUB/ice_img4.png" back_imagesize="1" padding="0,0,0,0" image="/BIZ/101/02/PUB/thum_box_75x75.png" imagesize="1" image_width="75" image_height="75"/>
					<text control_id="1229" autosize="0" x="917" y="289" right="124" bottom="111" width="39" height="62" text="원" font="Noto Sans KR Bold,31.5,1,0,0,0" fore_color="00D27416" back_color="00F2F2F2" border_radius="0,0,0,0" border_ex="0,0,00B4B4B4,,0,,0,0,1,0,00FFFFFF,00E1E1E1^0,0,00B4B4B4,1^0,0,00B4B4B4,1^0,1,007C726E,1^0,0,00B4B4B4,1" horz_align="1" line_height="62" letter_spacing="-2.1px" version="1.1"/>
					<numericex_field control_id="1230" autosize="0" x="738" y="289" right="172" bottom="111" width="170" height="62" font="Noto Sans CJK KR,32,1,0,0,0" fore_color="00D27416" back_color="00F2F2F2" transparent="1" border="0" horz_align="1" enable="0" default_value="999000" pattern="ZZZ,ZZZ,ZZZ,ZZZ,ZZ9"/>
					<pushbutton control_id="1231" x="980" y="285" right="30" bottom="107" width="70" height="70" style_class="0" text="" font="Noto Sans CJK KR,35,1,0,0,0" fore_color="00FFFFFF" border="4" image_normal="/BIZ/101/02/PUB/close_bt_G_70x70.png" imagesize="1" box_shadow_effect="0" hover_font="Noto Sans CJK KR,35,1,0,0,0" down_color_use="1" down_forecolor="00F8F8F8" version="1.1"/>
					<text control_id="1232" autosize="0" x="29" y="271" right="1015" bottom="143" width="36" height="48" text="4" font="Noto Sans KR Medium,31.5,500,0,0,0" fore_color="00E9E9E9" back_color="00000000" transparent="1" horz_align="1" letter_spacing="-2.1px" version="1.1"/>
					<panel control_id="1233" semantic_tag="0" x="552" y="282" right="348" bottom="105" width="180" height="75" transparent="1" back_image="/BIZ/101/02/PUB/menulist_numbox_bg_180x75.png" border="0" title_font="맑은 고딕,9,0,0,0,0">
						<tab_order order_option="0" order_info="1234,1236"/>
						<pushbutton control_id="1234" x="6" y="7" right="119" bottom="8" width="55" height="60" style_class="0" text="" font="Noto Sans CJK KR,35,1,0,0,0" fore_color="00FFFFFF" border="4" image_normal="/BIZ/101/02/PUB/minus_bt_B_55x60.png" box_shadow_effect="0" hover_font="Noto Sans CJK KR,35,1,0,0,0" down_color_use="1" down_forecolor="00F8F8F8" version="1.1"/>
						<text control_id="1235" autosize="0" x="65" y="7" right="65" bottom="6" width="50" height="62" text="99" font="Noto Sans KR Bold,31.5,1,0,0,0" fore_color="000A0A0A" back_color_opacity="0" horz_align="1" line_height="62" version="1.1"/>
						<pushbutton control_id="1236" x="119" y="7" right="6" bottom="8" width="55" height="60" style_class="0" text="" font="Noto Sans CJK KR,35,1,0,0,0" fore_color="00FFFFFF" border="4" image_normal="/BIZ/101/02/PUB/plus_bt_B_65x115.png" box_shadow_effect="0" hover_font="Noto Sans CJK KR,35,1,0,0,0" down_color_use="1" down_forecolor="00F8F8F8" version="1.1"/>
					</panel>
					<panel control_id="1237" semantic_tag="0" x="552" y="190" right="348" bottom="197" width="180" height="75" transparent="1" back_image="/BIZ/101/02/PUB/menulist_numbox_bg_180x75.png" border="0" title_font="맑은 고딕,9,0,0,0,0">
						<tab_order order_option="0" order_info="1238,1240"/>
						<pushbutton control_id="1238" x="6" y="7" right="119" bottom="8" width="55" height="60" style_class="0" text="" font="Noto Sans CJK KR,35,1,0,0,0" fore_color="00FFFFFF" border="4" image_normal="/BIZ/101/02/PUB/minus_bt_B_55x60.png" box_shadow_effect="0" hover_font="Noto Sans CJK KR,35,1,0,0,0" down_color_use="1" down_forecolor="00F8F8F8" version="1.1"/>
						<text control_id="1239" autosize="0" x="65" y="7" right="65" bottom="6" width="50" height="62" text="1" font="Noto Sans KR Bold,31.5,1,0,0,0" fore_color="000A0A0A" back_color_opacity="0" horz_align="1" line_height="62" version="1.1"/>
						<pushbutton control_id="1240" x="119" y="7" right="6" bottom="8" width="55" height="60" style_class="0" text="" font="Noto Sans CJK KR,35,1,0,0,0" fore_color="00FFFFFF" border="4" image_normal="/BIZ/101/02/PUB/plus_bt_B_65x115.png" box_shadow_effect="0" hover_font="Noto Sans CJK KR,35,1,0,0,0" down_color_use="1" down_forecolor="00F8F8F8" version="1.1"/>
					</panel>
					<panel control_id="1241" semantic_tag="0" x="552" y="98" right="348" bottom="289" width="180" height="75" transparent="1" back_image="/BIZ/101/02/PUB/menulist_numbox_bg_180x75.png" border="0" title_font="맑은 고딕,9,0,0,0,0">
						<tab_order order_option="0" order_info="1242,1244"/>
						<pushbutton control_id="1242" x="6" y="7" right="119" bottom="8" width="55" height="60" style_class="0" text="" font="Noto Sans CJK KR,35,1,0,0,0" fore_color="00FFFFFF" border="4" image_normal="/BIZ/101/02/PUB/minus_bt_B_55x60.png" box_shadow_effect="0" hover_font="Noto Sans CJK KR,35,1,0,0,0" down_color_use="1" down_forecolor="00F8F8F8" version="1.1"/>
						<text control_id="1243" autosize="0" x="65" y="7" right="65" bottom="6" width="50" height="62" text="1" font="Noto Sans KR Bold,31.5,1,0,0,0" fore_color="000A0A0A" back_color_opacity="0" horz_align="1" line_height="62" version="1.1"/>
						<pushbutton control_id="1244" x="119" y="7" right="6" bottom="8" width="55" height="60" style_class="0" text="" font="Noto Sans CJK KR,35,1,0,0,0" fore_color="00FFFFFF" border="4" image_normal="/BIZ/101/02/PUB/plus_bt_B_65x115.png" box_shadow_effect="0" hover_font="Noto Sans CJK KR,35,1,0,0,0" down_color_use="1" down_forecolor="00F8F8F8" version="1.1"/>
					</panel>
					<panel control_id="1245" semantic_tag="0" x="552" y="6" right="348" bottom="381" width="180" height="75" transparent="1" back_image="/BIZ/101/02/PUB/menulist_numbox_bg_180x75.png" border="0" title_font="맑은 고딕,9,0,0,0,0">
						<tab_order order_option="0" order_info="1246,1248"/>
						<pushbutton control_id="1246" x="6" y="7" right="119" bottom="8" width="55" height="60" style_class="0" text="" font="Noto Sans CJK KR,35,1,0,0,0" fore_color="00FFFFFF" border="4" image_normal="/BIZ/101/02/PUB/minus_bt_B_55x60.png" box_shadow_effect="0" hover_font="Noto Sans CJK KR,35,1,0,0,0" down_color_use="1" down_forecolor="00F8F8F8" version="1.1"/>
						<text control_id="1247" autosize="0" x="65" y="7" right="65" bottom="6" width="50" height="62" text="1" font="Noto Sans KR Bold,31.5,1,0,0,0" fore_color="000A0A0A" back_color_opacity="0" horz_align="1" line_height="62" version="1.1"/>
						<pushbutton control_id="1248" x="119" y="7" right="6" bottom="8" width="55" height="60" style_class="0" text="" font="Noto Sans CJK KR,35,1,0,0,0" fore_color="00FFFFFF" border="4" image_normal="/BIZ/101/02/PUB/plus_bt_B_65x115.png" box_shadow_effect="0" hover_font="Noto Sans CJK KR,35,1,0,0,0" down_color_use="1" down_forecolor="00F8F8F8" version="1.1"/>
					</panel>
					<text control_id="379" autosize="0" x="555" y="380" right="501" bottom="20" width="24" height="62" custom_class="TX_101_G" text="6" font="Noto Sans KR Medium,31.5,500,0,0,0" fore_color="000A0A0A" back_color="00F6F6F6" transparent="1" horz_align="2" line_height="62" letter_spacing="-2.1px" version="1.1"/>
					<text control_id="380" autosize="0" x="500" y="380" right="556" bottom="20" width="24" height="62" custom_class="TX_101_subContents" text="1" font="Noto Sans KR Medium,31.5,500,0,0,0" fore_color="00D27416" back_color="00F6F6F6" transparent="1" horz_align="2" line_height="62" letter_spacing="-2.1px" version="1.1"/>
					<line control_id="382" x1="544" y1="395" x2="534" y2="429" right="536" bottom="33" line_width="1" line_color="000A0A0A"/>
					<pushbutton control_id="1306" x="618" y="374" right="208" bottom="14" width="254" height="74" style_class="0" text="다음페이지" font="Noto Sans KR Medium,31.5,500,0,0,0" transparent="1" border="4" image_normal="/BIZ/102/05/PUB/next_bt_G_254x74.png" image_down="/BIZ/102/05/PUB/dwn_bt_G_254x74_dim.png" box_shadow_effect="0" text_margin="0,51,0,0" hover_font="맑은 고딕,9,0,0,0,0" version="1.1"/>
					<pushbutton control_id="1305" x="208" y="374" right="618" bottom="14" width="254" height="74" style_class="0" text="이전페이지" font="Noto Sans KR Medium,31.5,500,0,0,0" transparent="1" border="4" image_normal="/BIZ/102/05/PUB/up_bt_G_254x74.png" image_down="/BIZ/102/05/PUB/up_bt_G_254x74_dim.png" box_shadow_effect="0" text_margin="51,0,0,0" hover_font="맑은 고딕,9,0,0,0,0" version="1.1"/>
				</panel>
			</panel>
		</panel>
	</map>
</map_list>
