﻿<?xml version="1.0" encoding="UTF-8"?>
<map_list>
	<map>
		<screen version="2.0" scriptcode="java" title="[저]무인상품판매기_영수증출력중" directory="/BIZ/101/02LP/" screenid="10102009" last_update_date="2024-10-28 17:21:00" width="1080" width_type="0" height="1920" height_type="0" canvas_height="2120" on_load="eventfunc:screen_on_load()" funclist="screen_on_load"/>
		<panel control_id="0" semantic_tag="0" x="0" y="0" right="0" bottom="0" width="1080" height="1920" back_color="00807D79" border="0" vertscrollbar_style="0" horzscrollbar_style="0" title_font="맑은 고딕,9,0,0,0,0">
			<panel control_id="1" semantic_tag="0" x="0" y="710" right="0" bottom="0" width="1080" height="1210" back_color="00F6F6F6" border="0" vertscrollbar_style="0" horzscrollbar_style="0" title_font="맑은 고딕,9,0,0,0,0">
				<tab_order order_option="0" order_info="6,7"/>
				<panel control_id="6" semantic_tag="0" x="0" y="0" right="0" bottom="1150" width="1080" height="60" back_color="00C4C4C4" border="0" vertscrollbar_style="0" horzscrollbar_style="0" title_font="맑은 고딕,9,0,0,0,0">
					<pushbutton control_id="884" x="405" y="17" right="404" bottom="12" width="271" height="31" style_class="0" custom_class="IM_102_title" text="" font="맑은 고딕,9,0,0,0,0" back_color="00C4C4C4" transparent="1" border="4" image_normal="/BIZ/101/02/PUB/logo_icecream.png" imagesize="2" hover_font="맑은 고딕,9,0,0,0,0" version="1.1"/>
				</panel>
				<text control_id="215" autosize="0" x="262" y="315" right="214" bottom="756" width="604" height="139" text="&lt;font color=&quot;#1674D2&quot;&gt;영수증 출력중&lt;/font&gt;&#x0D;&#x0A;잊으신 물건 없이 안녕히 가세요" font="Noto Sans KR Bold,37.5,1,0,0,0" fore_color="000A0A0A" back_color="00F6F6F6" transparent="1" horz_align="1" line_height="65" letter_spacing="-2.5px" version="1.1"/>
				<panel control_id="7" semantic_tag="0" x="0" y="1095" right="0" bottom="0" width="1080" height="115" border="0" title_font="맑은 고딕,9,0,0,0,0">
					<tab_order order_option="0" order_info="1252,237,230"/>
					<pushbutton control_id="230" name="btn_Acc" x="658" y="18" right="222" bottom="17" width="200" height="80" style_class="0" text="접근성" font="Noto Sans KR Medium,31.5,500,0,0,0" fore_color="00FFFFFF" transparent="1" border="4" border_color="00E2E2E2" border_radius="44" image_normal="/BIZ/101/01/PUB/lowsc_bt.png" image_down="/BIZ/101/01/PUB/lowsc_bt_o.png" imagesize="1" box_shadow_effect="0" horz_align="0" line_height="62" text_margin="61,27,9,9" text_wordellipsis="0" hover_font="맑은 고딕,9,0,0,0,0" down_color_use="2" down_forecolor="00F8F8F8" letter_spacing="-2.1px" version="1.1"/>
					<pushbutton control_id="1252" name="btn_Flag" x="500" y="16" right="500" bottom="19" width="80" height="80" style_class="0" text="" font="Noto Sans CJK KR,32,0,0,0,0" fore_color="000A0A0A" transparent="1" border="4" border_color="00E2E2E2" border_radius="44" image_normal="/BIZ/101/01/PUB/language_lound_bt.png" image_down="/BIZ/101/01/PUB/language_lound_kr_bt_o.png" imagesize="1" box_shadow_effect="0" horz_align="2" line_height="62" text_margin="" text_wordellipsis="0" hover_font="맑은 고딕,9,0,0,0,0" down_color_use="2" down_forecolor="00F8F8F8" version="1.1"/>
					<pushbutton control_id="237" name="btn_Call" x="867" y="16" right="13" bottom="19" width="200" height="80" style_class="0" text="직원호출" font="Noto Sans KR Medium,31.5,500,0,0,0" fore_color="00FFFFFF" back_color="00FBFBFB" border="4" border_color="000000D1" border_radius="35" image_normal="/BIZ/101/01/PUB/call_bt_R_200x80.png" image_down="/BIZ/101/01/PUB/call_bt_R_200x80_o.png" imagesize="1" image_vert_align="1" box_shadow_effect="0" horz_align="0" line_height="62" text_margin="38,14,9,9" hover_font="맑은 고딕,9,0,0,0,0" down_color_use="3" down_backcolor="0011119C" letter_spacing="-2.1px" version="1.1"/>
				</panel>
				<imagebox control_id="1189" x="357" y="583" right="359" bottom="316" width="364" height="311" transparent="1" border="0" padding="0,0,0,0" image="/BIZ/101/02/PUB/receipt_img.png" imagesize="1" image_width="390" image_height="334"/>
			</panel>
		</panel>
	</map>
</map_list>
