﻿<?xml version="1.0" encoding="UTF-8"?>
<map_list>
	<map>
		<screen version="2.0" scriptcode="java" title="[저]무인상품판매기_바코드" directory="/BIZ/101/02LP/" screenid="10102002" last_update_date="2024-10-28 13:35:20" width="1080" width_type="0" height="1920" height_type="0" canvas_height="2120" on_load="eventfunc:screen_on_load()" funclist="screen_on_load"/>
		<panel control_id="0" semantic_tag="0" x="0" y="0" right="0" bottom="0" width="1080" height="1920" back_color="00807D79" border="0" vertscrollbar_style="0" horzscrollbar_style="0" title_font="맑은 고딕,9,0,0,0,0">
			<panel control_id="1" semantic_tag="0" x="0" y="710" right="0" bottom="0" width="1080" height="1210" back_color="00F6F6F6" border="0" vertscrollbar_style="0" horzscrollbar_style="0" title_font="맑은 고딕,9,0,0,0,0">
				<tab_order order_option="0" order_info="6,233,890,891"/>
				<panel control_id="6" semantic_tag="0" x="0" y="0" right="0" bottom="1150" width="1080" height="60" back_color="00C4C4C4" border="0" vertscrollbar_style="0" horzscrollbar_style="0" title_font="맑은 고딕,9,0,0,0,0">
					<pushbutton control_id="884" x="405" y="17" right="404" bottom="12" width="271" height="31" style_class="0" custom_class="IM_102_title" text="" font="맑은 고딕,9,0,0,0,0" back_color="00C4C4C4" transparent="1" border="4" image_normal="/BIZ/101/02/PUB/logo_icecream.png" imagesize="2" hover_font="맑은 고딕,9,0,0,0,0" version="1.1"/>
				</panel>
				<text control_id="215" autosize="0" x="264" y="301" right="264" bottom="770" width="552" height="139" text="상품의 바코드를 &lt;font color=&quot;#1674D2&quot;&gt;우측 하단의&lt;/font&gt;&#x0D;&#x0A;&lt;font color=&quot;#1674D2&quot;&gt;바코드 리더기&lt;/font&gt;로 읽혀주세요" font="Noto Sans KR Bold,37.5,1,0,0,0" fore_color="000A0A0A" back_color="00F6F6F6" transparent="1" line_height="65" letter_spacing="-2.5px" version="1.1"/>
				<panel control_id="233" semantic_tag="0" x="0" y="60" right="0" bottom="1000" width="1080" height="150" custom_class="PN_101_bgG" back_color="00B4B4B4" back_image="/BIZ/101/02/PUB/tab.png" border="0" title_font="맑은 고딕,9,0,0,0,0">
					<tab_order order_option="0" order_info="895"/>
					<text control_id="217" autosize="0" x="38" y="80" right="840" bottom="8" width="202" height="62" custom_class="TX_101_stepDone" text="바코드 읽기" font="Noto Sans KR Regular,31.5,0,0,0,0" fore_color="000A0A0A" back_color="00DFDDDC" transparent="1" back_imagehorzalign="1" horz_align="1" version="1.1"/>
					<text control_id="219" autosize="0" x="305" y="80" right="620" bottom="8" width="155" height="62" custom_class="TX_101_step" text="결제하기" font="Noto Sans KR Regular,31.5,0,0,0,0" fore_color="006C5E5A" back_color="00DFDDDC" transparent="1" horz_align="1" version="1.1"/>
					<text control_id="223" autosize="0" x="595" y="80" right="408" bottom="8" width="77" height="62" custom_class="TX_101_step" text="완료" font="Noto Sans KR Regular,31.5,0,0,0,0" fore_color="006C5E5A" back_color="00DFDDDC" transparent="1" horz_align="1" version="1.1"/>
					<panel control_id="895" semantic_tag="0" x="102" y="9" right="417" bottom="67" width="561" height="74" custom_class="PN_102_stepBar_1" transparent="1" back_image="/BIZ/101/02/PUB/comn_3step_B_S_bar_1.png" border="0" title_font="맑은 고딕,9,0,0,0,0"></panel>
				</panel>
				<panel control_id="890" semantic_tag="0" x="0" y="440" right="0" bottom="320" width="1080" height="450" custom_class="PN_101_startBack" back_color="00F6F6F6" transparent="1" back_image="/BIZ/101/02/PUB/scan_guide_img.png" back_imagehorzalign="1" back_imagevertalign="1" border="0" title_font="맑은 고딕,9,0,0,0,0"></panel>
				<panel control_id="891" semantic_tag="0" x="0" y="858" right="0" bottom="0" width="1080" height="352" custom_class="TX_101_subContents" back_color="00F6F6F6" border_ex="0,1,00B4B4B4,,0,0-0-0-0,0,0,1,0,00FFFFFF,00E1E1E1^1,2,00C2C2C2,1^1,0,00B4B4B4,1^1,0,00B4B4B4,1^1,0,00B4B4B4,1" title_font="맑은 고딕,9,0,0,0,0">
					<tab_order order_option="0" order_info="35,7"/>
					<text control_id="180" autosize="0" x="551" y="113" right="490" bottom="175" width="39" height="62" custom_class="TX_101_subContents" text="원" font="Noto Sans KR Medium,31.5,500,0,0,0" fore_color="00D27416" transparent="1" back_imagehorzalign="2" letter_spacing="-2.1px" version="1.1"/>
					<pushbutton control_id="35" name="BTN_pay" x="810" y="22" right="45" bottom="163" width="225" height="165" style_class="0" custom_class="PB_102_pay" text="결제하기" font="Noto Sans KR Medium,31.5,500,0,0,0" fore_color="00FFFFFF" back_color="00F6F6F6" border="4" border_color="0002C4FF" border_radius="12" image_normal="/BIZ/101/02/PUB/bin_bt_B_270x250.png" image_down="/BIZ/101/02/PUB/bin_bt_B_270x250_o.png" imagesize="1" image_vert_align="1" box_shadow_effect="0" line_height="70" text_margin="0,0,3,0" hover_font="맑은 고딕,9,0,0,0,0" down_backcolor="0019AADE" version="1.1"/>
					<text control_id="160" autosize="0" x="93" y="27" right="875" bottom="261" width="112" height="62" custom_class="TX_101_G" text="총수량" font="Noto Sans KR Bold,33.8,1,0,0,0" fore_color="000A0A0A" back_color="00F6F6F6" transparent="1" letter_spacing="-2.1px" version="1.1"/>
					<text control_id="161" autosize="0" x="92" y="111" right="829" bottom="173" width="159" height="66" custom_class="TX_101_G" text="결제금액" font="Noto Sans KR Bold,33.8,1,0,0,0" fore_color="00D27416" back_color="00F6F6F6" transparent="1" letter_spacing="-2.25px" version="1.1"/>
					<line control_id="163" x1="96" y1="105" x2="588" y2="105" right="492" bottom="245" line_width="1" line_color="00C2C2C2"/>
					<text control_id="175" autosize="0" x="551" y="30" right="490" bottom="258" width="39" height="62" custom_class="TX_101_subContents" text="개" font="Noto Sans KR Medium,31.5,500,0,0,0" fore_color="000A0A0A" transparent="1" back_imagehorzalign="2" line_height="62" letter_spacing="-2.1px" version="1.1"/>
					<line control_id="894" x1="244" y1="43" x2="244" y2="78" right="836" bottom="272" line_color="000A0A0A"/>
					<text control_id="896" autosize="0" x="495" y="107" right="556" bottom="169" width="29" height="74" custom_class="TX_101_subContents" text="0" font="Noto Sans KR Bold,37.5,1,0,0,0" fore_color="00D27416" transparent="1" horz_align="2" letter_spacing="-2.5px" version="1.1"/>
					<text control_id="897" autosize="0" x="499" y="30" right="556" bottom="258" width="25" height="62" custom_class="TX_101_subContents" text="0" font="Noto Sans KR Bold,31.5,1,0,0,0" fore_color="000A0A0A" transparent="1" horz_align="2" letter_spacing="-2.1px" version="1.1"/>
					<panel control_id="7" semantic_tag="0" x="0" y="235" right="0" bottom="0" width="1080" height="115" border="0" title_font="맑은 고딕,9,0,0,0,0">
						<tab_order order_option="0" order_info="236,237,235,48,230"/>
						<pushbutton control_id="230" name="btn_Acc" x="658" y="18" right="222" bottom="17" width="200" height="80" style_class="0" text="접근성" font="Noto Sans KR Medium,31.5,500,0,0,0" fore_color="00FFFFFF" transparent="1" border="4" border_color="00E2E2E2" border_radius="44" image_normal="/BIZ/101/01/PUB/lowsc_bt.png" image_down="/BIZ/101/01/PUB/lowsc_bt_o.png" imagesize="1" box_shadow_effect="0" horz_align="0" line_height="62" text_margin="61,27,9,9" text_wordellipsis="0" hover_font="맑은 고딕,9,0,0,0,0" down_color_use="2" down_forecolor="00F8F8F8" letter_spacing="-2.1px" version="1.1"/>
						<pushbutton control_id="48" name="btn_Prev" x="226" y="18" right="654" bottom="17" width="200" height="80" style_class="0" text="이전" font="Noto Sans KR Medium,31.5,500,0,0,0" fore_color="000A0A0A" back_color="00F0FFFF" transparent="1" border="4" border_color="0024C5FF" border_radius="45" image_normal="/BIZ/101/01/PUB/back_bt.png" image_focus="/BIZ/101/01/PUB/back_bt_foc.png" image_down="/BIZ/101/01/PUB/back_bt_o.png" imagesize="1" image_vert_align="1" box_shadow_effect="0" line_height="62" text_margin="70,54,9,9" hover_font="맑은 고딕,9,0,0,0,0" down_color_use="3" down_backcolor="0019AADE" letter_spacing="-2.1px" version="1.1"/>
						<pushbutton control_id="235" name="btn_Home" x="15" y="18" right="865" bottom="17" width="200" height="80" style_class="0" text="처음으로" font="Noto Sans KR Medium,31.5,500,0,0,0" fore_color="000A0A0A" back_color="00FBFBFB" border="4" border_color="007A665E" border_radius="35,35,35,35" image_normal="/BIZ/101/01/PUB/home_bt_G_200x70.png" image_down="/BIZ/101/01/PUB/home_bt_G_o.png" imagesize="1" image_vert_align="1" box_shadow_effect="0" horz_align="0" line_height="62" text_margin="40,12,9,9" hover_font="맑은 고딕,9,0,0,0,0" down_color_use="3" down_backcolor="006D574E" letter_spacing="-2.1px" version="1.1"/>
						<pushbutton control_id="236" name="btn_Flag" x="500" y="16" right="500" bottom="19" width="80" height="80" style_class="0" text="" font="Noto Sans CJK KR,32,0,0,0,0" fore_color="000A0A0A" transparent="1" border="4" border_color="00E2E2E2" border_radius="44" image_normal="/BIZ/101/01/PUB/language_lound_bt.png" image_down="/BIZ/101/01/PUB/language_lound_kr_bt_o.png" imagesize="1" box_shadow_effect="0" horz_align="2" line_height="62" text_margin="" text_wordellipsis="0" hover_font="맑은 고딕,9,0,0,0,0" down_color_use="2" down_forecolor="00F8F8F8" version="1.1"/>
						<pushbutton control_id="237" name="btn_Call" x="867" y="16" right="13" bottom="19" width="200" height="80" style_class="0" text="직원호출" font="Noto Sans KR Medium,31.5,500,0,0,0" fore_color="00FFFFFF" back_color="00FBFBFB" border="4" border_color="000000D1" border_radius="35" image_normal="/BIZ/101/01/PUB/call_bt_R_200x80.png" image_down="/BIZ/101/01/PUB/call_bt_R_200x80_o.png" imagesize="1" image_vert_align="1" box_shadow_effect="0" horz_align="0" line_height="62" text_margin="38,14,9,9" hover_font="맑은 고딕,9,0,0,0,0" down_color_use="3" down_backcolor="0011119C" letter_spacing="-2.1px" version="1.1"/>
					</panel>
				</panel>
			</panel>
		</panel>
	</map>
</map_list>
