﻿<?xml version="1.0" encoding="UTF-8"?>
<map_list>
	<map>
		<screen version="2.0" scriptcode="java" title="[저]무인발권기_내역확인" directory="/BIZ/103/06LP/" screenid="10306011" last_update_date="2024-11-05 11:13:11" width="1080" width_type="0" height="1920" height_type="0" canvas_height="2120" on_load="eventfunc:screen_on_load()" funclist="screen_on_load"/>
		<panel control_id="0" semantic_tag="0" x="0" y="0" right="0" bottom="0" width="1080" height="1920" back_color="00807D79" border="0" vertscrollbar_style="0" horzscrollbar_style="0" title_font="맑은 고딕,9,0,0,0,0">
			<panel control_id="1" semantic_tag="0" x="0" y="710" right="0" bottom="0" width="1080" height="1210" back_color="00F6F6F6" border="0" vertscrollbar_style="0" horzscrollbar_style="0" title_font="맑은 고딕,9,0,0,0,0">
				<tab_order order_option="0" order_info="6,233,892,1069,1095,1083,885,190,7"/>
				<text control_id="215" autosize="0" x="282" y="301" right="282" bottom="835" width="516" height="74" text="&lt;font color=&quot;#1674D2&quot;&gt;내역을 확인&lt;/font&gt;하시고&lt;font color=&quot;#1674D2&quot;&gt;결제&lt;/font&gt;하세요" font="Noto Sans CJK KR Bold,37.5,1,0,0,0" fore_color="000A0A0A" back_color="00F6F6F6" transparent="1" letter_spacing="-2.5px" version="1.1"/>
				<panel control_id="7" semantic_tag="0" x="0" y="1095" right="0" bottom="0" width="1080" height="115" border="0" title_font="맑은 고딕,9,0,0,0,0">
					<tab_order order_option="0" order_info="236,237,235,48,230"/>
					<pushbutton control_id="230" name="btn_Acc" x="658" y="18" right="222" bottom="17" width="200" height="80" style_class="0" text="접근성" font="Noto Sans KR Medium,31.5,500,0,0,0" fore_color="00FFFFFF" transparent="1" border="4" border_color="00E2E2E2" border_radius="44" image_normal="/BIZ/101/01/PUB/lowsc_bt.png" image_down="/BIZ/101/01/PUB/lowsc_bt_o.png" imagesize="1" box_shadow_effect="0" horz_align="0" line_height="62" text_margin="61,27,9,9" text_wordellipsis="0" hover_font="맑은 고딕,9,0,0,0,0" down_color_use="2" down_forecolor="00F8F8F8" letter_spacing="-2.1px" version="1.1"/>
					<pushbutton control_id="48" name="btn_Prev" x="226" y="18" right="654" bottom="17" width="200" height="80" style_class="0" text="이전" font="Noto Sans KR Medium,31.5,500,0,0,0" fore_color="000A0A0A" back_color="00F0FFFF" transparent="1" border="4" border_color="0024C5FF" border_radius="45" image_normal="/BIZ/101/01/PUB/back_bt.png" image_focus="/BIZ/101/01/PUB/back_bt_foc.png" image_down="/BIZ/101/01/PUB/back_bt_o.png" imagesize="1" image_vert_align="1" box_shadow_effect="0" line_height="62" text_margin="70,54,9,9" hover_font="맑은 고딕,9,0,0,0,0" down_color_use="3" down_backcolor="0019AADE" letter_spacing="-2.1px" version="1.1"/>
					<pushbutton control_id="235" name="btn_Home" x="15" y="18" right="865" bottom="17" width="200" height="80" style_class="0" text="처음으로" font="Noto Sans KR Medium,31.5,500,0,0,0" fore_color="000A0A0A" back_color="00FBFBFB" border="4" border_color="007A665E" border_radius="35,35,35,35" image_normal="/BIZ/101/01/PUB/home_bt_G_200x70.png" image_down="/BIZ/101/01/PUB/home_bt_G_o.png" imagesize="1" image_vert_align="1" box_shadow_effect="0" horz_align="0" line_height="62" text_margin="40,12,9,9" hover_font="맑은 고딕,9,0,0,0,0" down_color_use="3" down_backcolor="006D574E" letter_spacing="-2.1px" version="1.1"/>
					<pushbutton control_id="236" name="btn_Flag" x="500" y="16" right="500" bottom="19" width="80" height="80" style_class="0" text="" font="Noto Sans CJK KR,32,0,0,0,0" fore_color="000A0A0A" transparent="1" border="4" border_color="00E2E2E2" border_radius="44" image_normal="/BIZ/101/01/PUB/language_lound_bt.png" image_down="/BIZ/101/01/PUB/language_lound_kr_bt_o.png" imagesize="1" box_shadow_effect="0" horz_align="2" line_height="62" text_margin="" text_wordellipsis="0" hover_font="맑은 고딕,9,0,0,0,0" down_color_use="2" down_forecolor="00F8F8F8" version="1.1"/>
					<pushbutton control_id="237" name="btn_Call" x="867" y="16" right="13" bottom="19" width="200" height="80" style_class="0" text="직원호출" font="Noto Sans KR Medium,31.5,500,0,0,0" fore_color="00FFFFFF" back_color="00FBFBFB" border="4" border_color="000000D1" border_radius="35" image_normal="/BIZ/101/01/PUB/call_bt_R_200x80.png" image_down="/BIZ/101/01/PUB/call_bt_R_200x80_o.png" imagesize="1" image_vert_align="1" box_shadow_effect="0" horz_align="0" line_height="62" text_margin="38,14,9,9" hover_font="맑은 고딕,9,0,0,0,0" down_color_use="3" down_backcolor="0011119C" letter_spacing="-2.1px" version="1.1"/>
				</panel>
				<panel control_id="892" semantic_tag="0" x="0" y="210" right="0" bottom="925" width="1080" height="75" custom_class="PN_106_T" back_color="00373737" border_color="00373737" border_ex="0,1,00373737,,0,0-0-0-0,0,0,1,0,00FFFFFF,00E1E1E1^1,1,00373737,1^1,0,00373737,1^1,1,00373737,1^1,0,00373737,1" vertscrollbar_style="0" horzscrollbar_style="0" title_font="맑은 고딕,9,0,0,0,0">
					<text control_id="894" autosize="0" x="420" y="6" right="192" bottom="5" width="468" height="62" text="2024년 12월 10일 화요일" font="Noto Sans KR Regular,31.5,0,0,0,0" fore_color="00FFFFFF" back_color="00373737" transparent="1" version="1.1"/>
					<text control_id="895" autosize="0" x="912" y="-1" right="34" bottom="0" width="134" height="74" text="13:55" font="Noto Sans KR Bold,37.5,1,0,0,0" fore_color="00FFFFFF" back_color="00373737" transparent="1" version="1.1"/>
				</panel>
				<panel control_id="233" semantic_tag="0" x="0" y="60" right="0" bottom="1000" width="1080" height="150" custom_class="PN_101_bgG" back_color="00DFDDDC" back_image="/BIZ/101/01/PUB/bg_G_1080x150.png" back_imagesize="1" border="0" vertscrollbar_style="0" horzscrollbar_style="0" title_font="맑은 고딕,9,0,0,0,0">
					<tab_order order_option="0" order_info="891"/>
					<text control_id="217" autosize="0" x="44" y="78" right="894" bottom="10" width="142" height="62" custom_class="TX_101_stepDone" text="기본선택" font="Noto Sans KR Regular,31.5,0,0,0,0" fore_color="000A0A0A" back_color="00DFDDDC" transparent="1" horz_align="1" letter_spacing="-4.2px" version="1.1"/>
					<text control_id="218" autosize="0" x="259" y="78" right="679" bottom="10" width="142" height="62" custom_class="TX_101_stepDone" text="옵션선택" font="Noto Sans KR Regular,31.5,0,0,0,0" fore_color="000A0A0A" back_color="00DFDDDC" transparent="1" horz_align="1" letter_spacing="-2.1px" version="1.1"/>
					<text control_id="219" autosize="0" x="469" y="78" right="469" bottom="10" width="142" height="62" custom_class="TX_101_stepDone" text="내역확인" font="Noto Sans KR Regular,31.5,0,0,0,0" fore_color="000A0A0A" back_color="00DFDDDC" transparent="1" horz_align="1" letter_spacing="-4.2px" version="1.1"/>
					<text control_id="222" autosize="0" x="688" y="78" right="250" bottom="10" width="142" height="62" custom_class="TX_101_step" text="결제하기" font="Noto Sans KR Regular,31.5,0,0,0,0" fore_color="006C5E5A" back_color="00DFDDDC" transparent="1" horz_align="1" letter_spacing="-2.1px" version="1.1"/>
					<text control_id="223" autosize="0" x="940" y="78" right="64" bottom="10" width="76" height="62" custom_class="TX_101_step" text="완료" font="Noto Sans KR Regular,31.5,0,0,0,0" fore_color="006C5E5A" back_color="00DFDDDC" transparent="1" horz_align="1" letter_spacing="-2.1px" version="1.1"/>
					<panel control_id="891" semantic_tag="0" x="76" y="7" right="72" bottom="69" width="932" height="74" custom_class="PN_101_stepBar_3" back_color="00DFDFDF" transparent="1" back_image="/BIZ/101/01/PUB/comn_5step_B_bar_3.png" border="0" title_font="맑은 고딕,9,0,0,0,0"></panel>
				</panel>
				<panel control_id="6" semantic_tag="0" x="0" y="0" right="0" bottom="1150" width="1080" height="60" custom_class="PN_101_back" back_color="00C4C4C4" back_image="/BIZ/103/06/PUB/low_top_bg_60x1080.png" border="0" vertscrollbar_style="0" horzscrollbar_style="0" boxshadow_type="1" title_font="맑은 고딕,9,0,0,0,0">
					<pushbutton control_id="884" x="341" y="7" right="338" bottom="7" width="401" height="46" style_class="0" custom_class="PB_106_title" text="" font="맑은 고딕,9,0,0,0,0" back_color="00C4C4C4" transparent="1" border="4" image_normal="/BIZ/103/06/PUB/logo_train.png" imagesize="2" hover_font="맑은 고딕,9,0,0,0,0" version="1.1"/>
				</panel>
				<pushbutton control_id="1069" x="253" y="409" right="602" bottom="726" width="225" height="75" style_class="0" custom_class="PB_106_map" text="서울" font="Noto Sans CJK KR Bold,36,1,0,0,0" transparent="1" border="4" image_normal="/BIZ/103/06/PUB/img_location.png" imagesize="2" box_shadow_effect="0" text_margin="30,0,0,0" hover_font="맑은 고딕,9,0,0,0,0" letter_spacing="-2.4px" version="1.1"/>
				<pushbutton control_id="1095" x="602" y="409" right="253" bottom="726" width="225" height="75" style_class="0" custom_class="PB_106_map" text="부산" font="Noto Sans CJK KR Bold,36,1,0,0,0" transparent="1" border="4" image_normal="/BIZ/103/06/PUB/img_location.png" imagesize="2" box_shadow_effect="0" text_margin="30,0,0,0" hover_font="맑은 고딕,9,0,0,0,0" letter_spacing="-2.4px" version="1.1"/>
				<panel control_id="1083" semantic_tag="0" x="60" y="499" right="60" bottom="441" width="960" height="270" transparent="1" back_image="/BIZ/103/06/PUB/table_G_960x270.png" back_imagesize="1" border="0" title_font="맑은 고딕,9,0,0,0,0">
					<text control_id="1096" autosize="0" x="27" y="0" right="779" bottom="203" width="154" height="67" custom_class="TX_101_contents" text="출발일" font="Noto Sans KR Regular,31.5,0,0,0,0" fore_color="000A0A0A" transparent="1" horz_align="1" line_height="72" version="1.1"/>
					<text control_id="1122" autosize="0" x="27" y="65" right="779" bottom="138" width="154" height="67" custom_class="TX_101_contents" text="출발시간" font="Noto Sans KR Regular,31.5,0,0,0,0" fore_color="000A0A0A" transparent="1" horz_align="1" line_height="72" version="1.1"/>
					<text control_id="1125" autosize="0" x="27" y="130" right="779" bottom="73" width="154" height="67" custom_class="TX_101_contents" text="좌석" font="Noto Sans KR Regular,31.5,0,0,0,0" fore_color="000A0A0A" transparent="1" horz_align="1" line_height="72" version="1.1"/>
					<text control_id="1126" autosize="0" x="27" y="198" right="779" bottom="5" width="154" height="67" custom_class="TX_101_contents" text="인원" font="Noto Sans KR Regular,31.5,0,0,0,0" fore_color="000A0A0A" transparent="1" horz_align="1" line_height="72" version="1.1"/>
					<text control_id="1127" autosize="0" x="248" y="4" right="74" bottom="204" width="638" height="62" custom_class="TX_101_contents" text="2024.12.10.화" font="Noto Sans KR Medium,31.5,500,0,0,0" fore_color="000A0A0A" transparent="1" horz_align="1" line_height="72" version="1.1"/>
					<text control_id="1132" autosize="0" x="295" y="65" right="557" bottom="143" width="108" height="62" custom_class="TX_101_contents" text="12:50" font="Noto Sans KR Medium,31.5,500,0,0,0" fore_color="000A0A0A" transparent="1" horz_align="1" line_height="72" version="1.1"/>
					<text control_id="1134" autosize="0" x="248" y="138" right="74" bottom="70" width="638" height="62" custom_class="TX_101_contents" text="14A, 14B, 13A, 13B" font="Noto Sans KR Medium,31.5,500,0,0,0" fore_color="000A0A0A" transparent="1" horz_align="1" line_height="72" version="1.1"/>
					<text control_id="1135" autosize="0" x="248" y="204" right="74" bottom="4" width="638" height="62" custom_class="TX_101_contents" text="성인·청소년 2명, 어린이1명, 경로1명" font="Noto Sans KR Medium,31.5,500,0,0,0" fore_color="000A0A0A" transparent="1" horz_align="1" line_height="72" version="1.1"/>
					<text control_id="1133" autosize="0" x="773" y="65" right="79" bottom="143" width="108" height="62" custom_class="TX_101_contents" text="15:06" font="Noto Sans KR Medium,31.5,500,0,0,0" fore_color="000A0A0A" transparent="1" horz_align="1" line_height="72" version="1.1"/>
					<text control_id="1123" autosize="0" x="503" y="69" right="303" bottom="139" width="154" height="62" custom_class="TX_101_contents" text="도착시간" font="Noto Sans KR Regular,31.5,0,0,0,0" fore_color="000A0A0A" transparent="1" horz_align="1" line_height="72" version="1.1"/>
				</panel>
				<panel control_id="885" semantic_tag="0" x="60" y="782" right="64" bottom="273" width="956" height="155" custom_class="PN_101_payMent" transparent="1" back_image="/BIZ/103/06/PUB/table_B_960x205.png" back_imagesize="1" border="0" title_font="맑은 고딕,9,0,0,0,0">
					<text control_id="135" autosize="0" x="398" y="0" right="394" bottom="93" width="164" height="62" text="결제 금액" font="Noto Sans KR Medium,31.5,500,0,0,0" fore_color="00FFFFFF" back_color="00D27416" transparent="1" horz_align="1" version="1.1"/>
					<text control_id="1187" autosize="0" x="365" y="74" right="326" bottom="7" width="265" height="74" custom_class="TX_101_subContents" text="191,400 원" font="Noto Sans CJK KR Bold,37.5,1,0,0,0" fore_color="00D27416" transparent="1" letter_spacing="-2.5px" version="1.1"/>
				</panel>
				<pushbutton control_id="190" x="290" y="966" right="290" bottom="149" width="500" height="95" style_class="0" custom_class="PB_101_com" text="결제하기" font="Noto Sans KR Medium,31.5,500,0,0,0" fore_color="00F8F8F8" transparent="1" border="4" border_color="00FFFFFF" image_normal="/BIZ/103/06/PUB/bin_bt_B_600x125.png" image_down="/BIZ/103/06/PUB/bin_bt_B_600x125_o.png" imagesize="1" box_shadow_effect="0" line_height="66" hover_font="Noto Sans CJK KR,34,500,0,0,0" down_color_use="4" down_forecolor="00F8F8F8" down_backcolor="00F1F1F1" down_bordercolor="00FFFFFF" disable_backcolor="00F1F1F1" version="1.1" on_click="eventfunc:btn_clo_on_click(objInst)"/>
				<text control_id="1188" autosize="0" x="519" y="432" right="518" bottom="745" width="43" height="33" custom_class="TX_101_contents" text="" font="맑은 고딕,9,0,0,0,0" back_image="/BIZ/103/06/PUB/ico_arrow.png" back_imagesize="2" version="1.1"/>
			</panel>
		</panel>
	</map>
</map_list>
