﻿<?xml version="1.0" encoding="UTF-8"?>
<map_list>
	<map>
		<screen version="2.0" scriptcode="java" title="[저]무인발권기_출발시간대" directory="/BIZ/103/06LP/" screenid="10306004" last_update_date="2024-11-05 10:07:28" width="1080" width_type="0" height="1920" height_type="0" canvas_height="2120" on_load="eventfunc:screen_on_load()" funclist="screen_on_load"/>
		<panel control_id="0" semantic_tag="0" x="0" y="0" right="0" bottom="0" width="1080" height="1920" back_color="00807D79" border="0" vertscrollbar_style="0" horzscrollbar_style="0" title_font="맑은 고딕,9,0,0,0,0">
			<panel control_id="1" semantic_tag="0" x="0" y="710" right="0" bottom="0" width="1080" height="1210" back_color="00F6F6F6" border="0" vertscrollbar_style="0" horzscrollbar_style="0" title_font="맑은 고딕,9,0,0,0,0">
				<tab_order order_option="0" order_info="6,233,892,977,986,1096,1098,1100,1102,1104,1095,1097,1099,1101,1103,1105,1106,1107,1110,1112,1114,1116,1118,1109,1111,1113,1115,1117,1119,7"/>
				<text control_id="215" autosize="0" x="282" y="301" right="282" bottom="835" width="516" height="74" text="(3/6)&lt;font color=&quot;#1674D2&quot;&gt;출발시간대&lt;/font&gt;를 선택하세요" font="Noto Sans CJK KR Bold,37.5,1,0,0,0" fore_color="000A0A0A" back_color="00F6F6F6" transparent="1" letter_spacing="-3px" version="1.1"/>
				<panel control_id="7" semantic_tag="0" x="0" y="1095" right="0" bottom="0" width="1080" height="115" border="0" title_font="맑은 고딕,9,0,0,0,0">
					<tab_order order_option="0" order_info="236,237,235,48,230"/>
					<pushbutton control_id="230" name="btn_Acc" x="658" y="18" right="222" bottom="17" width="200" height="80" style_class="0" text="접근성" font="Noto Sans KR Medium,31.5,500,0,0,0" fore_color="00FFFFFF" transparent="1" border="4" border_color="00E2E2E2" border_radius="44" image_normal="/BIZ/101/01/PUB/lowsc_bt.png" image_down="/BIZ/101/01/PUB/lowsc_bt_o.png" imagesize="1" box_shadow_effect="0" horz_align="0" line_height="62" text_margin="61,27,9,9" text_wordellipsis="0" hover_font="맑은 고딕,9,0,0,0,0" down_color_use="2" down_forecolor="00F8F8F8" letter_spacing="-2.1px" version="1.1"/>
					<pushbutton control_id="48" name="btn_Prev" x="226" y="18" right="654" bottom="17" width="200" height="80" style_class="0" text="이전" font="Noto Sans KR Medium,31.5,500,0,0,0" fore_color="000A0A0A" back_color="00F0FFFF" transparent="1" border="4" border_color="0024C5FF" border_radius="45" image_normal="/BIZ/101/01/PUB/back_bt.png" image_focus="/BIZ/101/01/PUB/back_bt_foc.png" image_down="/BIZ/101/01/PUB/back_bt_o.png" imagesize="1" image_vert_align="1" box_shadow_effect="0" line_height="62" text_margin="70,54,9,9" hover_font="맑은 고딕,9,0,0,0,0" down_color_use="3" down_backcolor="0019AADE" letter_spacing="-2.1px" version="1.1"/>
					<pushbutton control_id="235" name="btn_Home" x="15" y="18" right="865" bottom="17" width="200" height="80" style_class="0" text="처음으로" font="Noto Sans KR Medium,31.5,500,0,0,0" fore_color="000A0A0A" back_color="00FBFBFB" border="4" border_color="007A665E" border_radius="35,35,35,35" image_normal="/BIZ/101/01/PUB/home_bt_G_200x70.png" image_down="/BIZ/101/01/PUB/home_bt_G_o.png" imagesize="1" image_vert_align="1" box_shadow_effect="0" horz_align="0" line_height="62" text_margin="40,12,9,9" hover_font="맑은 고딕,9,0,0,0,0" down_color_use="3" down_backcolor="006D574E" letter_spacing="-2.1px" version="1.1"/>
					<pushbutton control_id="236" name="btn_Flag" x="500" y="16" right="500" bottom="19" width="80" height="80" style_class="0" text="" font="Noto Sans CJK KR,32,0,0,0,0" fore_color="000A0A0A" transparent="1" border="4" border_color="00E2E2E2" border_radius="44" image_normal="/BIZ/101/01/PUB/language_lound_bt.png" image_down="/BIZ/101/01/PUB/language_lound_kr_bt_o.png" imagesize="1" box_shadow_effect="0" horz_align="2" line_height="62" text_margin="" text_wordellipsis="0" hover_font="맑은 고딕,9,0,0,0,0" down_color_use="2" down_forecolor="00F8F8F8" version="1.1"/>
					<pushbutton control_id="237" name="btn_Call" x="867" y="16" right="13" bottom="19" width="200" height="80" style_class="0" text="직원호출" font="Noto Sans KR Medium,31.5,500,0,0,0" fore_color="00FFFFFF" back_color="00FBFBFB" border="4" border_color="000000D1" border_radius="35" image_normal="/BIZ/101/01/PUB/call_bt_R_200x80.png" image_down="/BIZ/101/01/PUB/call_bt_R_200x80_o.png" imagesize="1" image_vert_align="1" box_shadow_effect="0" horz_align="0" line_height="62" text_margin="38,14,9,9" hover_font="맑은 고딕,9,0,0,0,0" down_color_use="3" down_backcolor="0011119C" letter_spacing="-2.1px" version="1.1"/>
				</panel>
				<panel control_id="892" semantic_tag="0" x="0" y="210" right="0" bottom="925" width="1080" height="75" custom_class="PN_106_T" back_color="00373737" border_color="00373737" border_ex="0,1,00373737,,0,0-0-0-0,0,0,1,0,00FFFFFF,00E1E1E1^1,1,00373737,1^1,0,00373737,1^1,1,00373737,1^1,0,00373737,1" vertscrollbar_style="0" horzscrollbar_style="0" title_font="맑은 고딕,9,0,0,0,0">
					<text control_id="894" autosize="0" x="420" y="6" right="192" bottom="5" width="468" height="62" text="2024년 12월 10일 화요일" font="Noto Sans KR Regular,31.5,0,0,0,0" fore_color="00FFFFFF" back_color="00373737" transparent="1" version="1.1"/>
					<text control_id="895" autosize="0" x="912" y="-1" right="34" bottom="0" width="134" height="74" text="13:55" font="Noto Sans KR Bold,37.5,1,0,0,0" fore_color="00FFFFFF" back_color="00373737" transparent="1" version="1.1"/>
				</panel>
				<panel control_id="233" semantic_tag="0" x="0" y="60" right="0" bottom="1000" width="1080" height="150" custom_class="PN_101_bgG" back_color="00DFDDDC" back_image="/BIZ/101/01/PUB/bg_G_1080x150.png" back_imagesize="1" border="0" vertscrollbar_style="0" horzscrollbar_style="0" title_font="맑은 고딕,9,0,0,0,0">
					<tab_order order_option="0" order_info="891"/>
					<text control_id="217" autosize="0" x="44" y="78" right="894" bottom="10" width="142" height="62" custom_class="TX_101_stepDone" text="기본선택" font="Noto Sans KR Regular,31.5,0,0,0,0" fore_color="000A0A0A" back_color="00DFDDDC" transparent="1" horz_align="1" letter_spacing="-4.2px" version="1.1"/>
					<text control_id="218" autosize="0" x="259" y="78" right="679" bottom="10" width="142" height="62" custom_class="TX_101_step" text="옵션선택" font="Noto Sans KR Regular,31.5,0,0,0,0" fore_color="006C5E5A" back_color="00DFDDDC" transparent="1" horz_align="1" letter_spacing="-2.1px" version="1.1"/>
					<text control_id="219" autosize="0" x="469" y="78" right="469" bottom="10" width="142" height="62" custom_class="TX_101_step" text="내역확인" font="Noto Sans KR Regular,31.5,0,0,0,0" fore_color="006C5E5A" back_color="00DFDDDC" transparent="1" horz_align="1" letter_spacing="-4.2px" version="1.1"/>
					<text control_id="222" autosize="0" x="688" y="78" right="250" bottom="10" width="142" height="62" custom_class="TX_101_step" text="결제하기" font="Noto Sans KR Regular,31.5,0,0,0,0" fore_color="006C5E5A" back_color="00DFDDDC" transparent="1" horz_align="1" letter_spacing="-2.1px" version="1.1"/>
					<text control_id="223" autosize="0" x="940" y="78" right="64" bottom="10" width="76" height="62" custom_class="TX_101_step" text="완료" font="Noto Sans KR Regular,31.5,0,0,0,0" fore_color="006C5E5A" back_color="00DFDDDC" transparent="1" horz_align="1" letter_spacing="-2.1px" version="1.1"/>
					<panel control_id="891" semantic_tag="0" x="76" y="7" right="72" bottom="69" width="932" height="74" custom_class="PN_101_stepBar_1" back_color="00DFDFDF" transparent="1" back_image="/BIZ/101/01/PUB/comn_5step_B_bar_1.png" border="0" title_font="맑은 고딕,9,0,0,0,0"></panel>
				</panel>
				<panel control_id="6" semantic_tag="0" x="0" y="0" right="0" bottom="1150" width="1080" height="60" custom_class="PN_101_back" back_color="00C4C4C4" back_image="/BIZ/103/06/PUB/low_top_bg_60x1080.png" border="0" vertscrollbar_style="0" horzscrollbar_style="0" boxshadow_type="1" title_font="맑은 고딕,9,0,0,0,0">
					<pushbutton control_id="884" x="341" y="7" right="338" bottom="7" width="401" height="46" style_class="0" custom_class="PB_106_title" text="" font="맑은 고딕,9,0,0,0,0" back_color="00C4C4C4" transparent="1" border="4" image_normal="/BIZ/103/06/PUB/logo_train.png" imagesize="2" hover_font="맑은 고딕,9,0,0,0,0" version="1.1"/>
				</panel>
				<panel control_id="977" semantic_tag="0" x="90" y="475" right="90" bottom="734" width="900" height="1" custom_class="PN_106_line" border_color="000A0A0A" border_ex="0,1,000A0A0A,,0,0-0-0-0,0,0,1,0,00FFFFFF,00E1E1E1^1,1,000A0A0A,1^1,0,00B4B4B4,1^1,0,00B4B4B4,1^1,0,00B4B4B4,1" title_font="맑은 고딕,9,0,0,0,0"></panel>
				<pushbutton control_id="986" x="88" y="499" right="850" bottom="621" width="142" height="90" style_class="0" custom_class="PB_106_pre_1" text="00:00" font="Noto Sans CJK KR Medium,33.8,500,0,0,0" transparent="1" border="4" image_normal="/BIZ/103/06/PUB/bin_Wline_bt_160x90.png" image_down="/BIZ/103/06/PUB/bin_Wline_bt_160x90_o.png" imagesize="1" box_shadow_effect="0" text_margin="" hover_font="맑은 고딕,9,0,0,0,0" version="1.1"/>
				<text control_id="989" autosize="0" x="91" y="398" right="906" bottom="746" width="83" height="66" custom_class="TX_101_contents" text="오전" font="Noto Sans CJK KR Bold,33.8,1,0,0,0" fore_color="000A0A0A" back_color="00F6F6F6" transparent="1" letter_spacing="-2.75px" version="1.1"/>
				<pushbutton control_id="1095" x="88" y="599" right="850" bottom="521" width="142" height="90" style_class="0" custom_class="PB_106_pre_1" text="06:00" font="Noto Sans CJK KR Medium,33.8,500,0,0,0" transparent="1" border="4" image_normal="/BIZ/103/06/PUB/bin_Wline_bt_160x90.png" image_down="/BIZ/103/06/PUB/bin_Wline_bt_160x90_o.png" imagesize="1" box_shadow_effect="0" text_margin="" hover_font="맑은 고딕,9,0,0,0,0" version="1.1"/>
				<pushbutton control_id="1096" x="240" y="499" right="698" bottom="621" width="142" height="90" style_class="0" custom_class="PB_106_pre_1" text="01:00" font="Noto Sans CJK KR Medium,33.8,500,0,0,0" transparent="1" border="4" image_normal="/BIZ/103/06/PUB/bin_Wline_bt_160x90.png" image_down="/BIZ/103/06/PUB/bin_Wline_bt_160x90_o.png" imagesize="1" box_shadow_effect="0" text_margin="" hover_font="맑은 고딕,9,0,0,0,0" version="1.1"/>
				<pushbutton control_id="1097" x="240" y="599" right="698" bottom="521" width="142" height="90" style_class="0" custom_class="PB_106_pre_1" text="07:00" font="Noto Sans CJK KR Medium,33.8,500,0,0,0" transparent="1" border="4" image_normal="/BIZ/103/06/PUB/bin_Wline_bt_160x90.png" image_down="/BIZ/103/06/PUB/bin_Wline_bt_160x90_o.png" imagesize="1" box_shadow_effect="0" text_margin="" hover_font="맑은 고딕,9,0,0,0,0" version="1.1"/>
				<pushbutton control_id="1098" x="393" y="499" right="545" bottom="621" width="142" height="90" style_class="0" custom_class="PB_106_pre_1" text="02:00" font="Noto Sans CJK KR Medium,33.8,500,0,0,0" transparent="1" border="4" image_normal="/BIZ/103/06/PUB/bin_Wline_bt_160x90.png" image_down="/BIZ/103/06/PUB/bin_Wline_bt_160x90_o.png" imagesize="1" box_shadow_effect="0" text_margin="" hover_font="맑은 고딕,9,0,0,0,0" version="1.1"/>
				<pushbutton control_id="1099" x="393" y="599" right="545" bottom="521" width="142" height="90" style_class="0" custom_class="PB_106_pre_1" text="08:00" font="Noto Sans CJK KR Medium,33.8,500,0,0,0" transparent="1" border="4" image_normal="/BIZ/103/06/PUB/bin_Wline_bt_160x90.png" image_down="/BIZ/103/06/PUB/bin_Wline_bt_160x90_o.png" imagesize="1" box_shadow_effect="0" text_margin="" hover_font="맑은 고딕,9,0,0,0,0" version="1.1"/>
				<pushbutton control_id="1100" x="545" y="499" right="393" bottom="621" width="142" height="90" style_class="0" custom_class="PB_106_pre_1" text="03:00" font="Noto Sans CJK KR Medium,33.8,500,0,0,0" transparent="1" border="4" image_normal="/BIZ/103/06/PUB/bin_Wline_bt_160x90.png" image_down="/BIZ/103/06/PUB/bin_Wline_bt_160x90_o.png" imagesize="1" box_shadow_effect="0" text_margin="" hover_font="맑은 고딕,9,0,0,0,0" version="1.1"/>
				<pushbutton control_id="1101" x="545" y="599" right="393" bottom="521" width="142" height="90" style_class="0" custom_class="PB_106_pre_1" text="09:00" font="Noto Sans CJK KR Medium,33.8,500,0,0,0" transparent="1" border="4" image_normal="/BIZ/103/06/PUB/bin_Wline_bt_160x90.png" image_down="/BIZ/103/06/PUB/bin_Wline_bt_160x90_o.png" imagesize="1" box_shadow_effect="0" text_margin="" hover_font="맑은 고딕,9,0,0,0,0" version="1.1"/>
				<pushbutton control_id="1102" x="698" y="499" right="240" bottom="621" width="142" height="90" style_class="0" custom_class="PB_106_pre_1" text="04:00" font="Noto Sans CJK KR Medium,33.8,500,0,0,0" transparent="1" border="4" image_normal="/BIZ/103/06/PUB/bin_Wline_bt_160x90.png" image_down="/BIZ/103/06/PUB/bin_Wline_bt_160x90_o.png" imagesize="1" box_shadow_effect="0" text_margin="" hover_font="맑은 고딕,9,0,0,0,0" version="1.1"/>
				<pushbutton control_id="1103" x="698" y="599" right="240" bottom="521" width="142" height="90" style_class="0" custom_class="PB_106_pre_1" text="10:00" font="Noto Sans CJK KR Medium,33.8,500,0,0,0" transparent="1" border="4" image_normal="/BIZ/103/06/PUB/bin_Wline_bt_160x90.png" image_down="/BIZ/103/06/PUB/bin_Wline_bt_160x90_o.png" imagesize="1" box_shadow_effect="0" text_margin="" hover_font="맑은 고딕,9,0,0,0,0" version="1.1"/>
				<pushbutton control_id="1104" x="850" y="499" right="88" bottom="621" width="142" height="90" style_class="0" custom_class="PB_106_pre_1" text="05:00" font="Noto Sans CJK KR Medium,33.8,500,0,0,0" transparent="1" border="4" image_normal="/BIZ/103/06/PUB/bin_Wline_bt_160x90.png" image_down="/BIZ/103/06/PUB/bin_Wline_bt_160x90_o.png" imagesize="1" box_shadow_effect="0" text_margin="" hover_font="맑은 고딕,9,0,0,0,0" version="1.1"/>
				<pushbutton control_id="1105" x="850" y="599" right="88" bottom="521" width="142" height="90" style_class="0" custom_class="PB_106_pre_1" text="11:00" font="Noto Sans CJK KR Medium,33.8,500,0,0,0" transparent="1" border="4" image_normal="/BIZ/103/06/PUB/bin_Wline_bt_160x90.png" image_down="/BIZ/103/06/PUB/bin_Wline_bt_160x90_o.png" imagesize="1" box_shadow_effect="0" text_margin="" hover_font="맑은 고딕,9,0,0,0,0" version="1.1"/>
				<panel control_id="1106" semantic_tag="0" x="90" y="825" right="90" bottom="384" width="900" height="1" custom_class="PN_106_line" border_color="000A0A0A" border_ex="0,1,000A0A0A,,0,0-0-0-0,0,0,1,0,00FFFFFF,00E1E1E1^1,1,000A0A0A,1^1,0,00B4B4B4,1^1,0,00B4B4B4,1^1,0,00B4B4B4,1" title_font="맑은 고딕,9,0,0,0,0"></panel>
				<pushbutton control_id="1107" x="88" y="849" right="850" bottom="271" width="142" height="90" style_class="0" custom_class="PB_106_pre_1" text="12:00" font="Noto Sans CJK KR Medium,33.8,500,0,0,0" transparent="1" border="4" image_normal="/BIZ/103/06/PUB/bin_Wline_bt_160x90-1.png" image_down="/BIZ/103/06/PUB/bin_Wline_bt_160x90_o.png" imagesize="1" box_shadow_effect="0" text_margin="" hover_font="맑은 고딕,9,0,0,0,0" version="1.1"/>
				<text control_id="1108" autosize="0" x="88" y="748" right="909" bottom="396" width="83" height="66" custom_class="TX_101_contents" text="오후" font="Noto Sans CJK KR Bold,33.8,1,0,0,0" fore_color="000A0A0A" back_color="00F6F6F6" transparent="1" letter_spacing="-2.75px" version="1.1"/>
				<pushbutton control_id="1109" x="88" y="949" right="850" bottom="171" width="142" height="90" style_class="0" custom_class="PB_106_pre_1" text="18:00" font="Noto Sans CJK KR Medium,33.8,500,0,0,0" transparent="1" border="4" image_normal="/BIZ/103/06/PUB/bin_Wline_bt_160x90-1.png" image_down="/BIZ/103/06/PUB/bin_Wline_bt_160x90_o.png" imagesize="1" box_shadow_effect="0" text_margin="" hover_font="맑은 고딕,9,0,0,0,0" version="1.1"/>
				<pushbutton control_id="1110" x="240" y="849" right="698" bottom="271" width="142" height="90" style_class="0" custom_class="PB_106_pre_1" text="13:00" font="Noto Sans CJK KR Medium,33.8,500,0,0,0" transparent="1" border="4" image_normal="/BIZ/103/06/PUB/bin_Wline_bt_160x90-1.png" image_down="/BIZ/103/06/PUB/bin_Wline_bt_160x90_o.png" imagesize="1" box_shadow_effect="0" text_margin="" hover_font="맑은 고딕,9,0,0,0,0" version="1.1"/>
				<pushbutton control_id="1111" x="240" y="949" right="698" bottom="171" width="142" height="90" style_class="0" custom_class="PB_106_pre_1" text="19:00" font="Noto Sans CJK KR Medium,33.8,500,0,0,0" transparent="1" border="4" image_normal="/BIZ/103/06/PUB/bin_Wline_bt_160x90-1.png" image_down="/BIZ/103/06/PUB/bin_Wline_bt_160x90_o.png" imagesize="1" box_shadow_effect="0" text_margin="" hover_font="맑은 고딕,9,0,0,0,0" version="1.1"/>
				<pushbutton control_id="1112" x="393" y="849" right="545" bottom="271" width="142" height="90" style_class="0" custom_class="PB_106_pre_1" text="14:00" font="Noto Sans CJK KR Medium,33.8,500,0,0,0" transparent="1" border="4" image_normal="/BIZ/103/06/PUB/bin_Wline_bt_160x90-1.png" image_down="/BIZ/103/06/PUB/bin_Wline_bt_160x90_o.png" imagesize="1" box_shadow_effect="0" text_margin="" hover_font="맑은 고딕,9,0,0,0,0" version="1.1"/>
				<pushbutton control_id="1113" x="393" y="949" right="545" bottom="171" width="142" height="90" style_class="0" custom_class="PB_106_pre_1" text="20:00" font="Noto Sans CJK KR Medium,33.8,500,0,0,0" transparent="1" border="4" image_normal="/BIZ/103/06/PUB/bin_Wline_bt_160x90-1.png" image_down="/BIZ/103/06/PUB/bin_Wline_bt_160x90_o.png" imagesize="1" box_shadow_effect="0" text_margin="" hover_font="맑은 고딕,9,0,0,0,0" version="1.1"/>
				<pushbutton control_id="1114" x="545" y="849" right="393" bottom="271" width="142" height="90" style_class="0" custom_class="PB_106_pre_1" text="15:00" font="Noto Sans CJK KR Medium,33.8,500,0,0,0" transparent="1" border="4" image_normal="/BIZ/103/06/PUB/bin_Wline_bt_160x90-1.png" image_down="/BIZ/103/06/PUB/bin_Wline_bt_160x90_o.png" imagesize="1" box_shadow_effect="0" text_margin="" hover_font="맑은 고딕,9,0,0,0,0" version="1.1"/>
				<pushbutton control_id="1115" x="545" y="949" right="393" bottom="171" width="142" height="90" style_class="0" custom_class="PB_106_pre_1" text="21:00" font="Noto Sans CJK KR Medium,33.8,500,0,0,0" transparent="1" border="4" image_normal="/BIZ/103/06/PUB/bin_Wline_bt_160x90-1.png" image_down="/BIZ/103/06/PUB/bin_Wline_bt_160x90_o.png" imagesize="1" box_shadow_effect="0" text_margin="" hover_font="맑은 고딕,9,0,0,0,0" version="1.1"/>
				<pushbutton control_id="1116" x="698" y="849" right="240" bottom="271" width="142" height="90" style_class="0" custom_class="PB_106_pre_1" text="16:00" font="Noto Sans CJK KR Medium,33.8,500,0,0,0" transparent="1" border="4" image_normal="/BIZ/103/06/PUB/bin_Wline_bt_160x90-1.png" image_down="/BIZ/103/06/PUB/bin_Wline_bt_160x90_o.png" imagesize="1" box_shadow_effect="0" text_margin="" hover_font="맑은 고딕,9,0,0,0,0" version="1.1"/>
				<pushbutton control_id="1117" x="698" y="949" right="240" bottom="171" width="142" height="90" style_class="0" custom_class="PB_106_pre_1" text="22:00" font="Noto Sans CJK KR Medium,33.8,500,0,0,0" transparent="1" border="4" image_normal="/BIZ/103/06/PUB/bin_Wline_bt_160x90-1.png" image_down="/BIZ/103/06/PUB/bin_Wline_bt_160x90_o.png" imagesize="1" box_shadow_effect="0" text_margin="" hover_font="맑은 고딕,9,0,0,0,0" version="1.1"/>
				<pushbutton control_id="1118" x="850" y="849" right="88" bottom="271" width="142" height="90" style_class="0" custom_class="PB_106_pre_1" text="17:00" font="Noto Sans CJK KR Medium,33.8,500,0,0,0" transparent="1" border="4" image_normal="/BIZ/103/06/PUB/bin_Wline_bt_160x90-1.png" image_down="/BIZ/103/06/PUB/bin_Wline_bt_160x90_o.png" imagesize="1" box_shadow_effect="0" text_margin="" hover_font="맑은 고딕,9,0,0,0,0" version="1.1"/>
				<pushbutton control_id="1119" x="850" y="949" right="88" bottom="171" width="142" height="90" style_class="0" custom_class="PB_106_pre_1" text="23:00" font="Noto Sans CJK KR Medium,33.8,500,0,0,0" transparent="1" border="4" image_normal="/BIZ/103/06/PUB/bin_Wline_bt_160x90-1.png" image_down="/BIZ/103/06/PUB/bin_Wline_bt_160x90_o.png" imagesize="1" box_shadow_effect="0" text_margin="" hover_font="맑은 고딕,9,0,0,0,0" version="1.1"/>
			</panel>
		</panel>
	</map>
</map_list>
