﻿<?xml version="1.0" encoding="UTF-8"?>
<map_list>
	<map>
		<screen version="2.0" scriptcode="java" title="[저]무인발권기_결제방법" directory="/BIZ/103/06LP/" screenid="10306012" last_update_date="2024-11-05 10:06:00" width="1080" width_type="0" height="1920" height_type="0" canvas_height="2120" on_load="eventfunc:screen_on_load()" funclist="screen_on_load"/>
		<panel control_id="0" semantic_tag="0" x="0" y="0" right="0" bottom="0" width="1080" height="1920" back_color="00807D79" border="0" vertscrollbar_style="0" horzscrollbar_style="0" title_font="맑은 고딕,9,0,0,0,0">
			<panel control_id="1" semantic_tag="0" x="0" y="710" right="0" bottom="0" width="1080" height="1210" back_color="00F6F6F6" border="0" vertscrollbar_style="0" horzscrollbar_style="0" title_font="맑은 고딕,9,0,0,0,0">
				<tab_order order_option="0" order_info="6,233,892,1187,1190,1191,1192,1193,1194,1195,1197,7"/>
				<text control_id="215" autosize="0" x="282" y="301" right="282" bottom="835" width="516" height="74" text="&lt;font color=&quot;#1674D2&quot;&gt;결제 방법&lt;/font&gt;을 선택하세요" font="Noto Sans CJK KR Bold,37.5,1,0,0,0" fore_color="000A0A0A" back_color="00F6F6F6" transparent="1" letter_spacing="-3px" version="1.1"/>
				<panel control_id="7" semantic_tag="0" x="0" y="1095" right="0" bottom="0" width="1080" height="115" border="0" title_font="맑은 고딕,9,0,0,0,0">
					<tab_order order_option="0" order_info="236,237,235,48,230"/>
					<pushbutton control_id="230" name="btn_Acc" x="658" y="18" right="222" bottom="17" width="200" height="80" style_class="0" text="접근성" font="Noto Sans KR Medium,31.5,500,0,0,0" fore_color="00FFFFFF" transparent="1" border="4" border_color="00E2E2E2" border_radius="44" image_normal="/BIZ/101/01/PUB/lowsc_bt.png" image_down="/BIZ/101/01/PUB/lowsc_bt_o.png" imagesize="1" box_shadow_effect="0" horz_align="0" line_height="62" text_margin="61,27,9,9" text_wordellipsis="0" hover_font="맑은 고딕,9,0,0,0,0" down_color_use="2" down_forecolor="00F8F8F8" letter_spacing="-2.1px" version="1.1"/>
					<pushbutton control_id="48" name="btn_Prev" x="226" y="18" right="654" bottom="17" width="200" height="80" style_class="0" text="이전" font="Noto Sans KR Medium,31.5,500,0,0,0" fore_color="000A0A0A" back_color="00F0FFFF" transparent="1" border="4" border_color="0024C5FF" border_radius="45" image_normal="/BIZ/101/01/PUB/back_bt.png" image_focus="/BIZ/101/01/PUB/back_bt_foc.png" image_down="/BIZ/101/01/PUB/back_bt_o.png" imagesize="1" image_vert_align="1" box_shadow_effect="0" line_height="62" text_margin="70,54,9,9" hover_font="맑은 고딕,9,0,0,0,0" down_color_use="3" down_backcolor="0019AADE" letter_spacing="-2.1px" version="1.1"/>
					<pushbutton control_id="235" name="btn_Home" x="15" y="18" right="865" bottom="17" width="200" height="80" style_class="0" text="처음으로" font="Noto Sans KR Medium,31.5,500,0,0,0" fore_color="000A0A0A" back_color="00FBFBFB" border="4" border_color="007A665E" border_radius="35,35,35,35" image_normal="/BIZ/101/01/PUB/home_bt_G_200x70.png" image_down="/BIZ/101/01/PUB/home_bt_G_o.png" imagesize="1" image_vert_align="1" box_shadow_effect="0" horz_align="0" line_height="62" text_margin="40,12,9,9" hover_font="맑은 고딕,9,0,0,0,0" down_color_use="3" down_backcolor="006D574E" letter_spacing="-2.1px" version="1.1"/>
					<pushbutton control_id="236" name="btn_Flag" x="500" y="16" right="500" bottom="19" width="80" height="80" style_class="0" text="" font="Noto Sans CJK KR,32,0,0,0,0" fore_color="000A0A0A" transparent="1" border="4" border_color="00E2E2E2" border_radius="44" image_normal="/BIZ/101/01/PUB/language_lound_bt.png" image_down="/BIZ/101/01/PUB/language_lound_kr_bt_o.png" imagesize="1" box_shadow_effect="0" horz_align="2" line_height="62" text_margin="" text_wordellipsis="0" hover_font="맑은 고딕,9,0,0,0,0" down_color_use="2" down_forecolor="00F8F8F8" version="1.1"/>
					<pushbutton control_id="237" name="btn_Call" x="867" y="16" right="13" bottom="19" width="200" height="80" style_class="0" text="직원호출" font="Noto Sans KR Medium,31.5,500,0,0,0" fore_color="00FFFFFF" back_color="00FBFBFB" border="4" border_color="000000D1" border_radius="35" image_normal="/BIZ/101/01/PUB/call_bt_R_200x80.png" image_down="/BIZ/101/01/PUB/call_bt_R_200x80_o.png" imagesize="1" image_vert_align="1" box_shadow_effect="0" horz_align="0" line_height="62" text_margin="38,14,9,9" hover_font="맑은 고딕,9,0,0,0,0" down_color_use="3" down_backcolor="0011119C" letter_spacing="-2.1px" version="1.1"/>
				</panel>
				<panel control_id="892" semantic_tag="0" x="0" y="210" right="0" bottom="925" width="1080" height="75" custom_class="PN_106_T" back_color="00373737" border_color="00373737" border_ex="0,1,00373737,,0,0-0-0-0,0,0,1,0,00FFFFFF,00E1E1E1^1,1,00373737,1^1,0,00373737,1^1,1,00373737,1^1,0,00373737,1" vertscrollbar_style="0" horzscrollbar_style="0" title_font="맑은 고딕,9,0,0,0,0">
					<text control_id="894" autosize="0" x="420" y="6" right="192" bottom="5" width="468" height="62" text="2024년 12월 10일 화요일" font="Noto Sans KR Regular,31.5,0,0,0,0" fore_color="00FFFFFF" back_color="00373737" transparent="1" version="1.1"/>
					<text control_id="895" autosize="0" x="912" y="-1" right="34" bottom="0" width="134" height="74" text="13:55" font="Noto Sans KR Bold,37.5,1,0,0,0" fore_color="00FFFFFF" back_color="00373737" transparent="1" version="1.1"/>
				</panel>
				<panel control_id="233" semantic_tag="0" x="0" y="60" right="0" bottom="1000" width="1080" height="150" custom_class="PN_101_bgG" back_color="00DFDDDC" back_image="/BIZ/101/01/PUB/bg_G_1080x150.png" back_imagesize="1" border="0" vertscrollbar_style="0" horzscrollbar_style="0" title_font="맑은 고딕,9,0,0,0,0">
					<tab_order order_option="0" order_info="891"/>
					<text control_id="217" autosize="0" x="44" y="78" right="894" bottom="10" width="142" height="62" custom_class="TX_101_stepDone" text="기본선택" font="Noto Sans KR Regular,31.5,0,0,0,0" fore_color="000A0A0A" back_color="00DFDDDC" transparent="1" horz_align="1" letter_spacing="-4.2px" version="1.1"/>
					<text control_id="218" autosize="0" x="259" y="78" right="679" bottom="10" width="142" height="62" custom_class="TX_101_stepDone" text="옵션선택" font="Noto Sans KR Regular,31.5,0,0,0,0" fore_color="000A0A0A" back_color="00DFDDDC" transparent="1" horz_align="1" letter_spacing="-2.1px" version="1.1"/>
					<text control_id="219" autosize="0" x="469" y="78" right="469" bottom="10" width="142" height="62" custom_class="TX_101_stepDone" text="내역확인" font="Noto Sans KR Regular,31.5,0,0,0,0" fore_color="000A0A0A" back_color="00DFDDDC" transparent="1" horz_align="1" letter_spacing="-4.2px" version="1.1"/>
					<text control_id="222" autosize="0" x="688" y="78" right="250" bottom="10" width="142" height="62" custom_class="TX_101_stepDone" text="결제하기" font="Noto Sans KR Regular,31.5,0,0,0,0" fore_color="000A0A0A" back_color="00DFDDDC" transparent="1" horz_align="1" letter_spacing="-2.1px" version="1.1"/>
					<text control_id="223" autosize="0" x="940" y="78" right="64" bottom="10" width="76" height="62" custom_class="TX_101_step" text="완료" font="Noto Sans KR Regular,31.5,0,0,0,0" fore_color="006C5E5A" back_color="00DFDDDC" transparent="1" horz_align="1" letter_spacing="-2.1px" version="1.1"/>
					<panel control_id="891" semantic_tag="0" x="76" y="7" right="72" bottom="69" width="932" height="74" custom_class="PN_101_stepBar_4" back_color="00DFDFDF" transparent="1" back_image="/BIZ/101/01/PUB/comn_5step_B_bar_4.png" border="0" title_font="맑은 고딕,9,0,0,0,0"></panel>
				</panel>
				<panel control_id="6" semantic_tag="0" x="0" y="0" right="0" bottom="1150" width="1080" height="60" custom_class="PN_101_back" back_color="00C4C4C4" back_image="/BIZ/103/06/PUB/low_top_bg_60x1080.png" border="0" vertscrollbar_style="0" horzscrollbar_style="0" boxshadow_type="1" title_font="맑은 고딕,9,0,0,0,0">
					<pushbutton control_id="884" x="341" y="7" right="338" bottom="7" width="401" height="46" style_class="0" custom_class="PB_106_title" text="" font="맑은 고딕,9,0,0,0,0" back_color="00C4C4C4" transparent="1" border="4" image_normal="/BIZ/103/06/PUB/logo_train.png" imagesize="2" hover_font="맑은 고딕,9,0,0,0,0" version="1.1"/>
				</panel>
				<panel control_id="1187" semantic_tag="0" x="0" y="396" right="0" bottom="669" width="1080" height="145" custom_class="PN_102_rec" back_color="00D27416" title_font="맑은 고딕,9,0,0,0,0">
					<tab_order order_option="0" order_info="450"/>
					<text control_id="1189" autosize="0" x="208" y="30" right="628" bottom="39" width="242" height="74" text="총 결제금액 " font="Noto Sans KR Regular,37.5,0,0,0,0" fore_color="00F8F8F8" back_color="00D47416" transparent="1" letter_spacing="-3px" version="1.1"/>
					<numericex_field control_id="450" autosize="0" x="607" y="10" right="220" bottom="22" width="251" height="111" font="Noto Sans KR Medium,56.3,500,0,0,0" fore_color="00FFFFFF" back_color="00D47416" back_color_opacity="0" transparent="1" border="0" letter_spacing="-3.75px" enable="0" default_value="40700" pattern="ZZZ,ZZZ,ZZZ,ZZZ,ZZ9"/>
					<line control_id="332" x1="516" y1="48" x2="516" y2="95" right="562" bottom="48" line_color="00FFFFFF"/>
					<text control_id="451" autosize="0" x="857" y="25" right="166" bottom="29" width="55" height="89" text="원" font="Noto Sans KR Medium,45,500,0,0,0" fore_color="00FFFFFF" back_color="00D47416" back_color_opacity="0" border_radius="0,0,0,0" border_ex="0,0,00B4B4B4,,0,,0,0,1,0,00FFFFFF,00E1E1E1^0,0,00B4B4B4,1^0,0,00B4B4B4,1^0,1,007C726E,1^0,0,00B4B4B4,1" letter_spacing="-3.75px" version="1.1"/>
				</panel>
				<pushbutton control_id="1190" x="191" y="557" right="663" bottom="431" width="226" height="222" style_class="0" custom_class="PB_105_cade" text="신용카드" font="Noto Sans CJK KR Bold,31.5,1,0,0,0" border="4" border_radius="15" image_normal="/BIZ/103/06/PUB/pay_card_bt_285x280.png" image_down="/BIZ/103/06/PUB/pay_card_bt_285x280_o.png" imagesize="1" image_vert_align="1" vert_align="2" line_height="55" text_margin="0,0,0,34" hover_font="맑은 고딕,9,0,0,0,0" letter_spacing="-2.1px" version="1.1"/>
				<pushbutton control_id="1191" x="426" y="557" right="428" bottom="431" width="226" height="222" style_class="0" custom_class="PB_105_NIA" text="NIA페이" font="Noto Sans CJK KR Bold,31.5,1,0,0,0" border="4" border_radius="15" image_normal="/BIZ/103/06/PUB/pay_pay_bt_285x280.png" image_down="/BIZ/103/06/PUB/pay_pay_bt_285x280_o.png" imagesize="1" image_vert_align="1" vert_align="2" line_height="55" text_margin="0,0,0,34" hover_font="맑은 고딕,9,0,0,0,0" letter_spacing="-2.1px" version="1.1"/>
				<pushbutton control_id="1192" x="664" y="557" right="190" bottom="431" width="226" height="222" style_class="0" custom_class="PB_105_mobile" text="모바일쿠폰" font="Noto Sans CJK KR Bold,31.5,1,0,0,0" border="4" border_radius="15" image_normal="/BIZ/103/06/PUB/pay_m_coupon_bt_285x280.png" image_down="/BIZ/103/06/PUB/pay_m_coupon_bt_285x280_o.png" imagesize="1" image_horz_align="1" image_vert_align="1" vert_align="2" line_height="55" text_margin="0,0,0,34" hover_font="맑은 고딕,9,0,0,0,0" letter_spacing="-2.1px" version="1.1"/>
				<pushbutton control_id="1193" x="191" y="789" right="663" bottom="199" width="226" height="222" style_class="0" custom_class="PB_105_cade" text="현금" font="Noto Sans CJK KR Bold,31.5,1,0,0,0" border="4" border_radius="15" image_normal="/BIZ/103/06/PUB/pay_cash_bt_285x280.png" image_down="/BIZ/103/06/PUB/pay_cash_bt_285x280_o.png" imagesize="1" image_vert_align="1" vert_align="2" line_height="55" text_margin="0,0,0,34" hover_font="맑은 고딕,9,0,0,0,0" letter_spacing="-2.1px" version="1.1"/>
				<pushbutton control_id="1194" x="426" y="789" right="428" bottom="199" width="226" height="222" style_class="0" custom_class="PB_105_barcode" text="바코드할인" font="Noto Sans CJK KR Bold,31.5,1,0,0,0" border="4" border_radius="15" image_normal="/BIZ/103/06/PUB/pay_barcode_bt_285x280.png" image_down="/BIZ/103/06/PUB/pay_barcode_bt_285x280_o.png" imagesize="1" image_vert_align="1" vert_align="2" line_height="55" text_margin="0,0,0,34" hover_font="맑은 고딕,9,0,0,0,0" letter_spacing="-2.1px" version="1.1"/>
				<pushbutton control_id="1195" x="664" y="789" right="190" bottom="199" width="226" height="222" style_class="0" custom_class="PB_105_gift" text="기프트카드" font="Noto Sans CJK KR Bold,31.5,1,0,0,0" border="4" border_radius="15" image_normal="/BIZ/103/06/PUB/pay_giftcard_bt_285x280.png" image_down="/BIZ/103/06/PUB/pay_giftcard_bt_285x280_o.png" imagesize="1" image_horz_align="1" image_vert_align="1" vert_align="2" line_height="55" text_margin="0,0,0,34" hover_font="맑은 고딕,9,0,0,0,0" letter_spacing="-2.1px" version="1.1"/>
				<panel control_id="1197" semantic_tag="0" x="205" y="1028" right="831" bottom="135" width="44" height="47" custom_class="PN_106_w" transparent="1" back_image="/BIZ/103/06/PUB/pay_giftcard_sub_ico.png" border="0" title_font="맑은 고딕,9,0,0,0,0"></panel>
				<text control_id="1198" autosize="0" x="257" y="1020" right="631" bottom="128" width="192" height="62" custom_class="TX_101_contents" text="기프트 카드" font="Noto Sans CJK KR Medium,31.5,500,0,0,0" fore_color="00292929" transparent="1" letter_spacing="-2.1px" version="1.1"/>
				<text control_id="1199" autosize="0" x="464" y="1020" right="204" bottom="128" width="412" height="62" custom_class="TX_101_contents" text=": 금액이 충전 된 실물 카드" font="Noto Sans CJK KR Light,31.5,300,0,0,0" fore_color="00292929" transparent="1" letter_spacing="-2.1px" version="1.1"/>
			</panel>
		</panel>
	</map>
</map_list>
