﻿<?xml version="1.0" encoding="UTF-8"?>
<map_list>
	<map>
		<screen version="2.0" scriptcode="java" title="[저]무인발권기_카드투입구" directory="/BIZ/103/06LP/" screenid="10306013" last_update_date="2024-11-05 10:10:49" width="1080" width_type="0" height="1920" height_type="0" canvas_height="2120" on_load="eventfunc:screen_on_load()" funclist="screen_on_load"/>
		<panel control_id="0" semantic_tag="0" x="0" y="0" right="0" bottom="0" width="1080" height="1920" back_color="00807D79" border="0" vertscrollbar_style="0" horzscrollbar_style="0" title_font="맑은 고딕,9,0,0,0,0">
			<panel control_id="1" semantic_tag="0" x="0" y="710" right="0" bottom="0" width="1080" height="1210" back_color="00F6F6F6" border="0" vertscrollbar_style="0" horzscrollbar_style="0" title_font="맑은 고딕,9,0,0,0,0">
				<tab_order order_option="0" order_info="6,233,892,1176,190,7"/>
				<panel control_id="7" semantic_tag="0" x="0" y="1095" right="0" bottom="0" width="1080" height="115" border="0" title_font="맑은 고딕,9,0,0,0,0">
					<tab_order order_option="0" order_info="236,237,230"/>
					<pushbutton control_id="230" name="btn_Acc" x="658" y="18" right="222" bottom="17" width="200" height="80" style_class="0" text="접근성" font="Noto Sans KR Medium,31.5,500,0,0,0" fore_color="00FFFFFF" transparent="1" border="4" border_color="00E2E2E2" border_radius="44" image_normal="/BIZ/101/01/PUB/lowsc_bt.png" image_down="/BIZ/101/01/PUB/lowsc_bt_o.png" imagesize="1" box_shadow_effect="0" horz_align="0" line_height="62" text_margin="61,27,9,9" text_wordellipsis="0" hover_font="맑은 고딕,9,0,0,0,0" down_color_use="2" down_forecolor="00F8F8F8" letter_spacing="-2.1px" version="1.1"/>
					<pushbutton control_id="236" name="btn_Flag" x="500" y="16" right="500" bottom="19" width="80" height="80" style_class="0" text="" font="Noto Sans CJK KR,32,0,0,0,0" fore_color="000A0A0A" transparent="1" border="4" border_color="00E2E2E2" border_radius="44" image_normal="/BIZ/101/01/PUB/language_lound_bt.png" image_down="/BIZ/101/01/PUB/language_lound_kr_bt_o.png" imagesize="1" box_shadow_effect="0" horz_align="2" line_height="62" text_margin="" text_wordellipsis="0" hover_font="맑은 고딕,9,0,0,0,0" down_color_use="2" down_forecolor="00F8F8F8" version="1.1"/>
					<pushbutton control_id="237" name="btn_Call" x="867" y="16" right="13" bottom="19" width="200" height="80" style_class="0" text="직원호출" font="Noto Sans KR Medium,31.5,500,0,0,0" fore_color="00FFFFFF" back_color="00FBFBFB" border="4" border_color="000000D1" border_radius="35" image_normal="/BIZ/101/01/PUB/call_bt_R_200x80.png" image_down="/BIZ/101/01/PUB/call_bt_R_200x80_o.png" imagesize="1" image_vert_align="1" box_shadow_effect="0" horz_align="0" line_height="62" text_margin="38,14,9,9" hover_font="맑은 고딕,9,0,0,0,0" down_color_use="3" down_backcolor="0011119C" letter_spacing="-2.1px" version="1.1"/>
				</panel>
				<panel control_id="892" semantic_tag="0" x="0" y="210" right="0" bottom="925" width="1080" height="75" custom_class="PN_106_T" back_color="00373737" border_color="00373737" border_ex="0,1,00373737,,0,0-0-0-0,0,0,1,0,00FFFFFF,00E1E1E1^1,1,00373737,1^1,0,00373737,1^1,1,00373737,1^1,0,00373737,1" vertscrollbar_style="0" horzscrollbar_style="0" title_font="맑은 고딕,9,0,0,0,0">
					<text control_id="894" autosize="0" x="420" y="6" right="192" bottom="5" width="468" height="62" text="2024년 12월 10일 화요일" font="Noto Sans KR Regular,31.5,0,0,0,0" fore_color="00FFFFFF" back_color="00373737" transparent="1" version="1.1"/>
					<text control_id="895" autosize="0" x="912" y="-1" right="34" bottom="0" width="134" height="74" text="13:55" font="Noto Sans KR Bold,37.5,1,0,0,0" fore_color="00FFFFFF" back_color="00373737" transparent="1" version="1.1"/>
				</panel>
				<panel control_id="233" semantic_tag="0" x="0" y="60" right="0" bottom="1000" width="1080" height="150" custom_class="PN_101_bgG" back_color="00DFDDDC" back_image="/BIZ/101/01/PUB/bg_G_1080x150.png" back_imagesize="1" border="0" vertscrollbar_style="0" horzscrollbar_style="0" title_font="맑은 고딕,9,0,0,0,0">
					<tab_order order_option="0" order_info="891"/>
					<text control_id="217" autosize="0" x="44" y="78" right="894" bottom="10" width="142" height="62" custom_class="TX_101_stepDone" text="기본선택" font="Noto Sans KR Regular,31.5,0,0,0,0" fore_color="000A0A0A" back_color="00DFDDDC" transparent="1" horz_align="1" letter_spacing="-4.2px" version="1.1"/>
					<text control_id="218" autosize="0" x="259" y="78" right="679" bottom="10" width="142" height="62" custom_class="TX_101_stepDone" text="옵션선택" font="Noto Sans KR Regular,31.5,0,0,0,0" fore_color="000A0A0A" back_color="00DFDDDC" transparent="1" horz_align="1" letter_spacing="-2.1px" version="1.1"/>
					<text control_id="219" autosize="0" x="469" y="78" right="469" bottom="10" width="142" height="62" custom_class="TX_101_stepDone" text="내역확인" font="Noto Sans KR Regular,31.5,0,0,0,0" fore_color="000A0A0A" back_color="00DFDDDC" transparent="1" horz_align="1" letter_spacing="-4.2px" version="1.1"/>
					<text control_id="222" autosize="0" x="688" y="78" right="250" bottom="10" width="142" height="62" custom_class="TX_101_stepDone" text="결제하기" font="Noto Sans KR Regular,31.5,0,0,0,0" fore_color="000A0A0A" back_color="00DFDDDC" transparent="1" horz_align="1" letter_spacing="-2.1px" version="1.1"/>
					<text control_id="223" autosize="0" x="940" y="78" right="64" bottom="10" width="76" height="62" custom_class="TX_101_step" text="완료" font="Noto Sans KR Regular,31.5,0,0,0,0" fore_color="006C5E5A" back_color="00DFDDDC" transparent="1" horz_align="1" letter_spacing="-2.1px" version="1.1"/>
					<panel control_id="891" semantic_tag="0" x="76" y="7" right="72" bottom="69" width="932" height="74" custom_class="PN_101_stepBar_4" back_color="00DFDFDF" transparent="1" back_image="/BIZ/101/01/PUB/comn_5step_B_bar_4.png" border="0" title_font="맑은 고딕,9,0,0,0,0"></panel>
				</panel>
				<panel control_id="6" semantic_tag="0" x="0" y="0" right="0" bottom="1150" width="1080" height="60" custom_class="PN_101_back" back_color="00C4C4C4" back_image="/BIZ/103/06/PUB/low_top_bg_60x1080.png" border="0" vertscrollbar_style="0" horzscrollbar_style="0" boxshadow_type="1" title_font="맑은 고딕,9,0,0,0,0">
					<pushbutton control_id="884" x="341" y="7" right="338" bottom="7" width="401" height="46" style_class="0" custom_class="PB_106_title" text="" font="맑은 고딕,9,0,0,0,0" back_color="00C4C4C4" transparent="1" border="4" image_normal="/BIZ/103/06/PUB/logo_train.png" imagesize="2" hover_font="맑은 고딕,9,0,0,0,0" version="1.1"/>
				</panel>
				<text control_id="1131" autosize="0" x="234" y="301" right="252" bottom="770" width="594" height="139" custom_class="TX_101_contents" text="신용카드를&lt;font class=&quot;TX_101_subContents&quot; color=&quot;#1674D2&quot;&gt; 우측 하단의&lt;/font&gt; &#x0D;&#x0A;&lt;font class=&quot;TX_101_subContents&quot; color=&quot;#1674D2&quot;&gt;카드투입구&lt;/font&gt; 에 끝까지 넣으세요" font="Noto Sans CJK KR Bold,37.5,1,0,0,0" fore_color="000A0A0A" transparent="1" horz_align="1" line_height="65" letter_spacing="-2.5px" version="1.1"/>
				<panel control_id="1176" semantic_tag="0" x="243" y="452" right="243" bottom="281" width="594" height="477" transparent="1" back_image="/BIZ/101/02/PUB/pay_kiosk_img.png" back_imagesize="1" border="0" title_font="맑은 고딕,9,0,0,0,0"></panel>
				<pushbutton control_id="190" x="290" y="966" right="290" bottom="149" width="500" height="95" style_class="0" custom_class="PB_101_com" text="취소" font="Noto Sans KR Medium,31.5,500,0,0,0" fore_color="00F8F8F8" transparent="1" border="4" border_color="00FFFFFF" image_normal="/BIZ/103/06/PUB/bin_bt_B_600x125.png" image_down="/BIZ/103/06/PUB/bin_bt_B_600x125_o.png" imagesize="1" box_shadow_effect="0" line_height="66" hover_font="Noto Sans CJK KR,34,500,0,0,0" down_color_use="4" down_forecolor="00F8F8F8" down_backcolor="00F1F1F1" down_bordercolor="00FFFFFF" disable_backcolor="00F1F1F1" version="1.1" on_click="eventfunc:btn_clo_on_click(objInst)"/>
			</panel>
		</panel>
	</map>
</map_list>
