﻿<?xml version="1.0" encoding="UTF-8"?>
<map_list>
	<map>
		<screen version="2.0" scriptcode="java" title="[저]무인발권기_좌석(2)" directory="/BIZ/103/06LP/" screenid="10306010" last_update_date="2024-11-05 10:06:30" width="1080" width_type="0" height="1920" height_type="0" canvas_height="2120" on_load="eventfunc:screen_on_load()" funclist="screen_on_load"/>
		<panel control_id="0" semantic_tag="0" x="0" y="0" right="0" bottom="0" width="1080" height="1920" back_color="00807D79" border="0" vertscrollbar_style="0" horzscrollbar_style="0" title_font="맑은 고딕,9,0,0,0,0">
			<panel control_id="1" semantic_tag="0" x="0" y="710" right="0" bottom="0" width="1080" height="1210" back_color="00F6F6F6" border="0" vertscrollbar_style="0" horzscrollbar_style="0" title_font="맑은 고딕,9,0,0,0,0">
				<tab_order order_option="0" order_info="6,233,892,1085,1069,986,1068,1092,1091,1094,1080,1093,1086,1087,1096,1097,1071,1074,1009,170,114,1012,7"/>
				<text control_id="215" autosize="0" x="282" y="301" right="282" bottom="835" width="516" height="74" text="(2/2)&lt;font color=&quot;#1674D2&quot;&gt;좌석&lt;/font&gt;을 선택하세요" font="Noto Sans CJK KR Bold,37.5,1,0,0,0" fore_color="000A0A0A" back_color="00F6F6F6" transparent="1" letter_spacing="-3px" version="1.1"/>
				<panel control_id="7" semantic_tag="0" x="0" y="1095" right="0" bottom="0" width="1080" height="115" border="0" title_font="맑은 고딕,9,0,0,0,0">
					<tab_order order_option="0" order_info="236,237,235,48,230"/>
					<pushbutton control_id="230" name="btn_Acc" x="658" y="18" right="222" bottom="17" width="200" height="80" style_class="0" text="접근성" font="Noto Sans KR Medium,31.5,500,0,0,0" fore_color="00FFFFFF" transparent="1" border="4" border_color="00E2E2E2" border_radius="44" image_normal="/BIZ/101/01/PUB/lowsc_bt.png" image_down="/BIZ/101/01/PUB/lowsc_bt_o.png" imagesize="1" box_shadow_effect="0" horz_align="0" line_height="62" text_margin="61,27,9,9" text_wordellipsis="0" hover_font="맑은 고딕,9,0,0,0,0" down_color_use="2" down_forecolor="00F8F8F8" letter_spacing="-2.1px" version="1.1"/>
					<pushbutton control_id="48" name="btn_Prev" x="226" y="18" right="654" bottom="17" width="200" height="80" style_class="0" text="이전" font="Noto Sans KR Medium,31.5,500,0,0,0" fore_color="000A0A0A" back_color="00F0FFFF" transparent="1" border="4" border_color="0024C5FF" border_radius="45" image_normal="/BIZ/101/01/PUB/back_bt.png" image_focus="/BIZ/101/01/PUB/back_bt_foc.png" image_down="/BIZ/101/01/PUB/back_bt_o.png" imagesize="1" image_vert_align="1" box_shadow_effect="0" line_height="62" text_margin="70,54,9,9" hover_font="맑은 고딕,9,0,0,0,0" down_color_use="3" down_backcolor="0019AADE" letter_spacing="-2.1px" version="1.1"/>
					<pushbutton control_id="235" name="btn_Home" x="15" y="18" right="865" bottom="17" width="200" height="80" style_class="0" text="처음으로" font="Noto Sans KR Medium,31.5,500,0,0,0" fore_color="000A0A0A" back_color="00FBFBFB" border="4" border_color="007A665E" border_radius="35,35,35,35" image_normal="/BIZ/101/01/PUB/home_bt_G_200x70.png" image_down="/BIZ/101/01/PUB/home_bt_G_o.png" imagesize="1" image_vert_align="1" box_shadow_effect="0" horz_align="0" line_height="62" text_margin="40,12,9,9" hover_font="맑은 고딕,9,0,0,0,0" down_color_use="3" down_backcolor="006D574E" letter_spacing="-2.1px" version="1.1"/>
					<pushbutton control_id="236" name="btn_Flag" x="500" y="16" right="500" bottom="19" width="80" height="80" style_class="0" text="" font="Noto Sans CJK KR,32,0,0,0,0" fore_color="000A0A0A" transparent="1" border="4" border_color="00E2E2E2" border_radius="44" image_normal="/BIZ/101/01/PUB/language_lound_bt.png" image_down="/BIZ/101/01/PUB/language_lound_kr_bt_o.png" imagesize="1" box_shadow_effect="0" horz_align="2" line_height="62" text_margin="" text_wordellipsis="0" hover_font="맑은 고딕,9,0,0,0,0" down_color_use="2" down_forecolor="00F8F8F8" version="1.1"/>
					<pushbutton control_id="237" name="btn_Call" x="867" y="16" right="13" bottom="19" width="200" height="80" style_class="0" text="직원호출" font="Noto Sans KR Medium,31.5,500,0,0,0" fore_color="00FFFFFF" back_color="00FBFBFB" border="4" border_color="000000D1" border_radius="35" image_normal="/BIZ/101/01/PUB/call_bt_R_200x80.png" image_down="/BIZ/101/01/PUB/call_bt_R_200x80_o.png" imagesize="1" image_vert_align="1" box_shadow_effect="0" horz_align="0" line_height="62" text_margin="38,14,9,9" hover_font="맑은 고딕,9,0,0,0,0" down_color_use="3" down_backcolor="0011119C" letter_spacing="-2.1px" version="1.1"/>
				</panel>
				<panel control_id="892" semantic_tag="0" x="0" y="210" right="0" bottom="925" width="1080" height="75" custom_class="PN_106_T" back_color="00373737" border_color="00373737" border_ex="0,1,00373737,,0,0-0-0-0,0,0,1,0,00FFFFFF,00E1E1E1^1,1,00373737,1^1,0,00373737,1^1,1,00373737,1^1,0,00373737,1" vertscrollbar_style="0" horzscrollbar_style="0" title_font="맑은 고딕,9,0,0,0,0">
					<text control_id="894" autosize="0" x="420" y="6" right="192" bottom="5" width="468" height="62" text="2024년 12월 10일 화요일" font="Noto Sans KR Regular,31.5,0,0,0,0" fore_color="00FFFFFF" back_color="00373737" transparent="1" version="1.1"/>
					<text control_id="895" autosize="0" x="912" y="-1" right="34" bottom="0" width="134" height="74" text="13:55" font="Noto Sans KR Bold,37.5,1,0,0,0" fore_color="00FFFFFF" back_color="00373737" transparent="1" version="1.1"/>
				</panel>
				<panel control_id="233" semantic_tag="0" x="0" y="60" right="0" bottom="1000" width="1080" height="150" custom_class="PN_101_bgG" back_color="00DFDDDC" back_image="/BIZ/101/01/PUB/bg_G_1080x150.png" back_imagesize="1" border="0" vertscrollbar_style="0" horzscrollbar_style="0" title_font="맑은 고딕,9,0,0,0,0">
					<tab_order order_option="0" order_info="891"/>
					<text control_id="217" autosize="0" x="44" y="78" right="894" bottom="10" width="142" height="62" custom_class="TX_101_stepDone" text="기본선택" font="Noto Sans KR Regular,31.5,0,0,0,0" fore_color="000A0A0A" back_color="00DFDDDC" transparent="1" horz_align="1" letter_spacing="-4.2px" version="1.1"/>
					<text control_id="218" autosize="0" x="259" y="78" right="679" bottom="10" width="142" height="62" custom_class="TX_101_stepDone" text="옵션선택" font="Noto Sans KR Regular,31.5,0,0,0,0" fore_color="000A0A0A" back_color="00DFDDDC" transparent="1" horz_align="1" letter_spacing="-2.1px" version="1.1"/>
					<text control_id="219" autosize="0" x="469" y="78" right="469" bottom="10" width="142" height="62" custom_class="TX_101_step" text="내역확인" font="Noto Sans KR Regular,31.5,0,0,0,0" fore_color="006C5E5A" back_color="00DFDDDC" transparent="1" horz_align="1" letter_spacing="-4.2px" version="1.1"/>
					<text control_id="222" autosize="0" x="688" y="78" right="250" bottom="10" width="142" height="62" custom_class="TX_101_step" text="결제하기" font="Noto Sans KR Regular,31.5,0,0,0,0" fore_color="006C5E5A" back_color="00DFDDDC" transparent="1" horz_align="1" letter_spacing="-2.1px" version="1.1"/>
					<text control_id="223" autosize="0" x="940" y="78" right="64" bottom="10" width="76" height="62" custom_class="TX_101_step" text="완료" font="Noto Sans KR Regular,31.5,0,0,0,0" fore_color="006C5E5A" back_color="00DFDDDC" transparent="1" horz_align="1" letter_spacing="-2.1px" version="1.1"/>
					<panel control_id="891" semantic_tag="0" x="76" y="7" right="72" bottom="69" width="932" height="74" custom_class="PN_101_stepBar_2" back_color="00DFDFDF" transparent="1" back_image="/BIZ/101/01/PUB/comn_5step_B_bar_2.png" border="0" title_font="맑은 고딕,9,0,0,0,0"></panel>
				</panel>
				<panel control_id="6" semantic_tag="0" x="0" y="0" right="0" bottom="1150" width="1080" height="60" custom_class="PN_101_back" back_color="00C4C4C4" back_image="/BIZ/103/06/PUB/low_top_bg_60x1080.png" border="0" vertscrollbar_style="0" horzscrollbar_style="0" boxshadow_type="1" title_font="맑은 고딕,9,0,0,0,0">
					<pushbutton control_id="884" x="341" y="7" right="338" bottom="7" width="401" height="46" style_class="0" custom_class="PB_106_title" text="" font="맑은 고딕,9,0,0,0,0" back_color="00C4C4C4" transparent="1" border="4" image_normal="/BIZ/103/06/PUB/logo_train.png" imagesize="2" hover_font="맑은 고딕,9,0,0,0,0" version="1.1"/>
				</panel>
				<pushbutton control_id="986" x="307" y="384" right="343" bottom="746" width="430" height="80" style_class="0" custom_class="PB_106_seat" text="1호차" font="Noto Sans CJK KR Bold,33.8,1,0,0,0" fore_color="000A0A0A" transparent="1" border="4" image_normal="/BIZ/103/06/PUB/bin_Wline_bt_300x115.png" image_down="/BIZ/103/06/PUB/bin_Wline_bt_300x115_o.png" imagesize="1" box_shadow_effect="0" horz_align="0" text_margin="72,0,0,0" hover_font="맑은 고딕,9,0,0,0,0" version="1.1"/>
				<pushbutton control_id="1068" x="778" y="384" right="222" bottom="746" width="80" height="80" style_class="0" custom_class="PB_106_L" text="" font="Noto Sans CJK KR Medium,31.5,500,0,0,0" transparent="1" border="4" image_normal="/BIZ/103/06/PUB/next_bt_G_80x80.png" image_down="/BIZ/103/06/PUB/next_bt_G_80x80_o.png" imagesize="2" box_shadow_effect="0" text_margin="30,0,0,0" hover_font="맑은 고딕,9,0,0,0,0" version="1.1"/>
				<pushbutton control_id="1069" x="198" y="384" right="802" bottom="746" width="80" height="80" style_class="0" custom_class="PB_106_R" text="" font="Noto Sans CJK KR Medium,31.5,500,0,0,0" transparent="1" border="4" image_normal="/BIZ/103/06/PUB/pre_bt_G_80x80.png" image_down="/BIZ/103/06/PUB/pre_bt_G_80x80_o.png" imagesize="2" box_shadow_effect="0" text_margin="30,0,0,0" hover_font="맑은 고딕,9,0,0,0,0" version="1.1"/>
				<text control_id="1070" autosize="0" x="495" y="393" right="408" bottom="755" width="177" height="62" custom_class="TX_101_subContents" text="잔여석 60" font="Noto Sans CJK KR Bold,31.5,1,0,0,0" fore_color="00D27416" transparent="1" letter_spacing="-2.1px" version="1.1"/>
				<pushbutton control_id="1085" x="881" y="299" right="24" bottom="841" width="175" height="70" style_class="0" custom_class="PB_106_fre" text="운임요금" font="Noto Sans CJK KR Medium,31.5,500,0,0,0" fore_color="000A0A0A" back_color="00F6F6F6" transparent="1" border="4" image_normal="/BIZ/103/06/PUB/bin_bt_W_175x70.png" image_down="/BIZ/103/06/PUB/bin_bt_W_175x70_o.png" imagesize="2" box_shadow_effect="0" text_margin="" hover_font="맑은 고딕,9,0,0,0,0" letter_spacing="-2.1px" version="1.1"/>
				<panel control_id="1080" semantic_tag="0" x="0" y="476" right="220" bottom="439" width="860" height="295" custom_class="PN_106_WB" back_image="/BIZ/103/06/PUB/train_seat.png" border="0" title_font="맑은 고딕,9,0,0,0,0"></panel>
				<pushbutton control_id="1086" x="878" y="617" right="22" bottom="523" width="180" height="70" style_class="0" text="확대" font="Noto Sans CJK KR Medium,31.5,500,0,0,0" fore_color="00FFFFFF" back_color="00F6F6F6" transparent="1" border="4" image_normal="/BIZ/103/06/PUB/zoomin_bt_DG_230x80.png" image_down="/BIZ/103/06/PUB/zoomin_bt_DG_230x80_o.png" imagesize="1" box_shadow_effect="0" text_margin="" hover_font="맑은 고딕,9,0,0,0,0" letter_spacing="-2.1px" version="1.1"/>
				<pushbutton control_id="1087" x="878" y="696" right="22" bottom="444" width="180" height="70" style_class="0" text="축소" font="Noto Sans CJK KR Medium,31.5,500,0,0,0" fore_color="00FFFFFF" back_color="00F6F6F6" transparent="1" border="4" image_normal="/BIZ/103/06/PUB/zoomout_bt_DG_230x80.png" image_down="/BIZ/103/06/PUB/zoomout_bt_DG_230x80_o.png" imagesize="1" box_shadow_effect="0" text_margin="" hover_font="맑은 고딕,9,0,0,0,0" letter_spacing="-2.1px" version="1.1"/>
				<text control_id="1010" autosize="0" x="103" y="869" right="829" bottom="279" width="148" height="62" custom_class="TX_101_contents" text="선택인원" font="Noto Sans CJK KR Medium,31.5,500,0,0,0" fore_color="000A0A0A" back_color="00F6F6F6" transparent="1" letter_spacing="-2.1px" version="1.1"/>
				<text control_id="1011" autosize="0" x="103" y="1026" right="858" bottom="122" width="119" height="62" custom_class="TX_101_contents" text="총인원" font="Noto Sans CJK KR Medium,31.5,500,0,0,0" fore_color="00D27416" back_color="00F6F6F6" transparent="1" letter_spacing="-2.1px" version="1.1"/>
				<panel control_id="1012" semantic_tag="0" x="78" y="958" right="269" bottom="251" width="733" height="1" border_color="00C2C2C2" border_ex="0,1,00C2C2C2,,0,0-0-0-0,0,0,1,0,00FFFFFF,00E1E1E1^1,1,00C2C2C2,1^1,0,00B4B4B4,1^1,0,00B4B4B4,1^1,0,00B4B4B4,1" title_font="맑은 고딕,9,0,0,0,0"></panel>
				<text control_id="1013" autosize="0" x="552" y="839" right="282" bottom="254" width="246" height="117" custom_class="TX_101_contents" text="성인·청소년2, &#x0D;&#x0A;어린이1, 경로1" font="Noto Sans CJK KR Medium,31.5,500,0,0,0" fore_color="000A0A0A" back_color="00F6F6F6" transparent="1" horz_align="2" line_height="55" letter_spacing="-2.1px" version="1.1"/>
				<text control_id="1014" autosize="0" x="720" y="1026" right="335" bottom="122" width="25" height="62" custom_class="TX_101_subContents" text="4" font="Noto Sans CJK KR Bold,31.5,1,0,0,0" fore_color="00D27416" back_color="00F6F6F6" transparent="1" horz_align="2" letter_spacing="-2.1px" version="1.1"/>
				<text control_id="1015" autosize="0" x="759" y="1026" right="282" bottom="122" width="39" height="62" custom_class="TX_101_subContents" text="명" font="Noto Sans CJK KR Medium,31.5,500,0,0,0" fore_color="00D27416" back_color="00F6F6F6" transparent="1" horz_align="2" letter_spacing="-2.1px" version="1.1"/>
				<pushbutton control_id="114" x="872" y="946" right="20" bottom="124" width="188" height="140" style_class="0" custom_class="PB_106_ord" text="선택완료" font="Noto Sans KR Medium,35.3,500,0,0,0" fore_color="00FFFFFF" back_color="00F2F2F2" transparent="1" border="4" border_radius="15" image_normal="/BIZ/103/06/PUB/bin_bt_B_250x216.png" image_down="/BIZ/103/06/PUB/bin_bt_B_250x216_o.png" imagesize="1" box_shadow_effect="0" line_height="70" hover_font="Noto Sans CJK KR,35,1,0,0,0" down_color_use="1" down_forecolor="00F8F8F8" down_backcolor="00F2F2F2" version="1.1"/>
				<pushbutton control_id="170" x="874" y="846" right="18" bottom="274" width="188" height="90" style_class="0" custom_class="PB_106_can" text="취소" font="Noto Sans KR Medium,35.3,500,0,0,0" fore_color="00FFFFFF" back_color="00F2F2F2" transparent="1" border="4" border_radius="15" image_normal="/BIZ/103/06/PUB/bin_bt_G_250x105.png" image_down="/BIZ/103/06/PUB/bin_bt_G_250x100_o.png" imagesize="1" box_shadow_effect="0" line_height="70" hover_font="Noto Sans CJK KR,35,1,0,0,0" down_color_use="1" down_forecolor="00F8F8F8" down_backcolor="00F2F2F2" version="1.1"/>
				<text control_id="1148" autosize="0" x="103" y="964" right="828" bottom="184" width="149" height="62" custom_class="TX_101_contents" text="결제금액" font="Noto Sans CJK KR Medium,31.5,500,0,0,0" fore_color="00D27416" back_color="00F6F6F6" transparent="1" letter_spacing="-2.1px" version="1.1"/>
				<text control_id="1149" autosize="0" x="596" y="964" right="335" bottom="184" width="149" height="62" custom_class="TX_101_subContents" text="191,400" font="Noto Sans CJK KR Bold,31.5,1,0,0,0" fore_color="00D27416" back_color="00F6F6F6" transparent="1" horz_align="2" letter_spacing="-2.1px" version="1.1"/>
				<text control_id="1150" autosize="0" x="759" y="964" right="282" bottom="184" width="39" height="62" custom_class="TX_101_subContents" text="원" font="Noto Sans CJK KR Medium,31.5,500,0,0,0" fore_color="00D27416" back_color="00F6F6F6" transparent="1" horz_align="2" letter_spacing="-2.1px" version="1.1"/>
				<panel control_id="1071" semantic_tag="0" x="21" y="794" right="1036" bottom="393" width="23" height="23" custom_class="PN_106_WB" border_color="00707070" title_font="맑은 고딕,9,0,0,0,0"></panel>
				<panel control_id="1074" semantic_tag="0" x="244" y="794" right="813" bottom="393" width="23" height="23" back_color="00CFCFCF" border_color="00707070" title_font="맑은 고딕,9,0,0,0,0"></panel>
				<text control_id="1075" autosize="0" x="58" y="774" right="874" bottom="374" width="148" height="62" custom_class="TX_101_contents TX_106_tit" text="선택가능" font="Noto Sans KR Medium,31.5,500,0,0,0" back_color="00F6F6F6" transparent="1" letter_spacing="-2.1px" version="1.1"/>
				<text control_id="1078" autosize="0" x="281" y="774" right="651" bottom="374" width="148" height="62" custom_class="TX_101_contents" text="선택불가" font="Noto Sans KR Medium,31.5,500,0,0,0" back_color="00F6F6F6" transparent="1" letter_spacing="-2.1px" version="1.1"/>
				<panel control_id="1096" semantic_tag="0" x="487" y="786" right="548" bottom="379" width="45" height="45" custom_class="PN_106_AB" back_image="/BIZ/103/06/PUB/seat_img1-1.png" back_imagesize="1" border="0" border_color="00707070" title_font="맑은 고딕,9,0,0,0,0"></panel>
				<panel control_id="1097" semantic_tag="0" x="683" y="786" right="352" bottom="379" width="45" height="45" custom_class="PN_106_BA" back_image="/BIZ/103/06/PUB/seat_direction_img_r.png" back_imagesize="1" border="0" border_color="00707070" title_font="맑은 고딕,9,0,0,0,0"></panel>
				<text control_id="1098" autosize="0" x="543" y="774" right="425" bottom="374" width="112" height="62" custom_class="TX_101_contents TX_106_tit" text="순방향" font="Noto Sans KR Medium,31.5,500,0,0,0" back_color="00F6F6F6" transparent="1" letter_spacing="-2.1px" version="1.1"/>
				<text control_id="1099" autosize="0" x="742" y="774" right="226" bottom="374" width="112" height="62" custom_class="TX_101_contents" text="역방향" font="Noto Sans KR Medium,31.5,500,0,0,0" back_color="00F6F6F6" transparent="1" letter_spacing="-2.1px" version="1.1"/>
				<panel control_id="1009" semantic_tag="0" x="0" y="840" right="0" bottom="368" width="1080" height="2" border_color="00C2C2C2" border_ex="0,2,00C2C2C2,,0,0-0-0-0,0,0,1,0,00FFFFFF,00E1E1E1^1,2,00C2C2C2,1^1,0,00B4B4B4,1^1,0,00B4B4B4,1^1,0,00B4B4B4,1" title_font="맑은 고딕,9,0,0,0,0"></panel>
				<pushbutton control_id="1091" x="879" y="466" right="141" bottom="684" width="60" height="60" style_class="0" custom_class="PB_106_l" text="" font="Noto Sans CJK KR Medium,31.5,500,0,0,0" fore_color="000A0A0A" back_color="00F6F6F6" transparent="1" border="4" image_normal="/BIZ/103/06/PUB/map_move_left_bt_W_60.png" image_down="/BIZ/103/06/PUB/map_move_left_bt_W_60_o.png" imagesize="2" box_shadow_effect="0" text_margin="" hover_font="맑은 고딕,9,0,0,0,0" letter_spacing="-2.1px" version="1.1"/>
				<pushbutton control_id="1092" x="939" y="414" right="81" bottom="736" width="60" height="60" style_class="0" custom_class="PB_106_u" text="" font="Noto Sans CJK KR Medium,31.5,500,0,0,0" fore_color="000A0A0A" back_color="00F6F6F6" transparent="1" border="4" image_normal="/BIZ/103/06/PUB/map_move_up_bt_W_60.png" image_down="/BIZ/103/06/PUB/map_move_up_bt_W_60_o.png" imagesize="2" box_shadow_effect="0" text_margin="" hover_font="맑은 고딕,9,0,0,0,0" letter_spacing="-2.1px" version="1.1"/>
				<pushbutton control_id="1093" x="939" y="519" right="81" bottom="631" width="60" height="60" style_class="0" custom_class="PB_106_d" text="" font="Noto Sans CJK KR Medium,31.5,500,0,0,0" fore_color="000A0A0A" back_color="00F6F6F6" transparent="1" border="4" image_normal="/BIZ/103/06/PUB/map_move_down_bt_W_60.png" image_down="/BIZ/103/06/PUB/map_move_down_bt_W_60_o.png" imagesize="2" box_shadow_effect="0" text_margin="" hover_font="맑은 고딕,9,0,0,0,0" letter_spacing="-2.1px" version="1.1"/>
				<pushbutton control_id="1094" x="999" y="466" right="21" bottom="684" width="60" height="60" style_class="0" custom_class="PB_106_r" text="" font="Noto Sans CJK KR Medium,31.5,500,0,0,0" fore_color="000A0A0A" back_color="00F6F6F6" transparent="1" border="4" image_normal="/BIZ/103/06/PUB/map_move_right_bt_W_60.png" image_down="/BIZ/103/06/PUB/map_move_right_bt_W_60_o.png" imagesize="2" box_shadow_effect="0" text_margin="" hover_font="맑은 고딕,9,0,0,0,0" letter_spacing="-2.1px" version="1.1"/>
			</panel>
		</panel>
	</map>
</map_list>
