﻿<?xml version="1.0" encoding="UTF-8"?>
<map_list>
	<map>
		<screen version="2.0" scriptcode="java" title="[저]무인발권기_사용시작안내" directory="/BIZ/103/06LP/" screenid="10306001" last_update_date="2024-11-04 16:13:12" width="1080" width_type="0" height="1920" height_type="0" canvas_width="1081" canvas_height="1921" on_load="eventfunc:screen_on_load()" funclist="screen_on_load"/>
		<tab_order order_option="0" order_info="881,1,2"/>
		<panel control_id="881" semantic_tag="0" x="0" y="0" right="0" bottom="0" width="1080" height="1920" custom_class="PN_startBack" back_color="00F1EFF1" border="0" title_font="맑은 고딕,9,0,0,0,0">
			<tab_order order_option="0" order_info="885,57"/>
			<panel control_id="885" semantic_tag="0" x="0" y="1360" right="0" bottom="115" width="1080" height="445" custom_class="PN_101_startBack" back_color="00F1EFF1" border="0" title_font="맑은 고딕,9,0,0,0,0">
				<tab_order order_option="0" order_info="886,887,888"/>
				<pushbutton control_id="886" x="100" y="103" right="710" bottom="92" width="270" height="250" style_class="0" custom_class="PB_106_Soo_0" text="현장&#x0D;&#x0A;승차권 발권" font="Noto Sans CJK KR Medium,31.5,500,0,0,0" fore_color="00F8F8F8" transparent="1" border="4" image_normal="/BIZ/103/06/PUB/train_bt_menu1.png" image_down="/BIZ/103/06/PUB/train_bt_menu1-1.png" imagesize="2" box_shadow_effect="0" vert_align="2" line_height="50" text_margin="0,0,0,15" hover_font="맑은 고딕,9,0,0,0,0" version="1.1"/>
				<pushbutton control_id="887" x="405" y="103" right="405" bottom="92" width="270" height="250" style_class="0" custom_class="PB_106_Soo_1" text="예매&#x0D;&#x0A;승차권 발권" font="Noto Sans CJK KR Medium,31.5,500,0,0,0" fore_color="00F8F8F8" transparent="1" border="4" image_normal="/BIZ/103/06/PUB/train_bt_menu2.png" image_down="/BIZ/103/06/PUB/train_bt_menu2-1.png" imagesize="2" box_shadow_effect="0" vert_align="2" text_margin="0,0,0,15" hover_font="맑은 고딕,9,0,0,0,0" version="1.1"/>
				<pushbutton control_id="888" x="720" y="103" right="90" bottom="92" width="270" height="250" style_class="0" custom_class="PB_106_Soo_2" text="승차권 환불" font="Noto Sans CJK KR Medium,31.5,500,0,0,0" fore_color="00F8F8F8" transparent="1" border="4" image_normal="/BIZ/103/06/PUB/train_bt_menu3.png" image_down="/BIZ/103/06/PUB/train_bt_menu3-1.png" imagesize="2" box_shadow_effect="0" vert_align="2" text_margin="0,0,0,40" hover_font="맑은 고딕,9,0,0,0,0" version="1.1"/>
				<line control_id="889" x1="0" y1="0" x2="1080" y2="0" right="0" bottom="445" line_width="7" line_color="00EFD8C2"/>
			</panel>
			<panel control_id="57" semantic_tag="0" x="0" y="1805" right="0" bottom="0" width="1080" height="115" custom_class="PN_101_back" back_color="00FBFBFB" border="0" vertscrollbar_style="0" horzscrollbar_style="0" boxshadow_type="1" title_font="맑은 고딕,9,0,0,0,0">
				<tab_order order_option="0" order_info="284,283,281,282,161"/>
				<radiobutton control_id="284" name="btn_101_Image1" x="13" y="18" right="867" bottom="17" width="200" height="80" custom_input_class="RD_101_korea" font="Noto Sans KR Regular,31.5,0,0,0,0" fore_color="000A0A0A" transparent="1" image_select="/BIZ/101/01/PUB/language_kr_bt_o.png" image_unselect="/BIZ/101/01/PUB/language_kr_bt.png" text_margin="0,30,0,0" horz_align="2" line_height="62" drawfocusrect="0" fore_color_focus="000A0A0A" back_color_focus="00525A6C" fore_color_disable="000A0A0A" select_style_use="1" fore_color_select="00FFFFFF" back_color_select="007B0000" fore_color_disselect="00FFFFFF" back_color_disselect="00525A6C" letter_spacing="-2.1px" text="한국어" default_select="1"/>
				<radiobutton control_id="283" name="btn_101_Image2" x="222" y="18" right="658" bottom="17" width="200" height="80" custom_input_class="RD_101_ameraca" font="Noto Sans KR Regular,31.5,0,0,0,0" fore_color="000A0A0A" transparent="1" image_select="/BIZ/101/01/PUB/language_eng_bt_o.png" image_unselect="/BIZ/101/01/PUB/language_eng_bt.png" text_margin="0,13,0,0" horz_align="2" line_height="62" drawfocusrect="0" select_style_use="1" fore_color_select="00FFFFFF" letter_spacing="-2.1px" text="English" select_value="2"/>
				<radiobutton control_id="281" name="btn_101_Image3" x="431" y="18" right="449" bottom="17" width="200" height="80" custom_input_class="RD_101_china" font="Noto Sans KR Regular,31.5,0,0,0,0" fore_color="000A0A0A" transparent="1" image_select="/BIZ/101/01/PUB/language_cha_bt_o.png" image_unselect="/BIZ/101/01/PUB/language_cha_bt.png" text_margin="0,21,0,0" horz_align="2" line_height="62" drawfocusrect="0" select_style_use="1" fore_color_select="00FFFFFF" letter_spacing="-2.1px" text="中國語" select_value="3"/>
				<radiobutton control_id="282" name="btn_101_Image4" x="640" y="18" right="240" bottom="17" width="200" height="80" custom_input_class="RD_101_japan" font="Noto Sans KR Regular,31.5,0,0,0,0" fore_color="000A0A0A" transparent="1" image_select="/BIZ/101/01/PUB/language_jpa_bt_o.png" image_unselect="/BIZ/101/01/PUB/language_jpa_bt.png" text_margin="0,21,0,0" horz_align="2" line_height="62" drawfocusrect="0" select_style_use="1" fore_color_select="00FFFFFF" letter_spacing="-2.1px" text="日本語" select_value="4"/>
				<pushbutton control_id="161" name="btn_Acc" x="861" y="18" right="19" bottom="17" width="200" height="80" style_class="0" custom_class="PB_101_access" text="접근성" font="Noto Sans KR Regular,31.5,0,0,0,0" fore_color="00FFFFFF" transparent="1" border="4" border_color="007A665E" border_radius="35" image_normal="/BIZ/101/01/PUB/comn_lowscreen_bt.png" image_vert_align="1" box_shadow_effect="0" horz_align="0" line_height="62" text_margin="62,0,0,0" hover_font="맑은 고딕,9,0,0,0,0" down_backcolor="006D574E" letter_spacing="-2.1px" version="1.1"/>
			</panel>
		</panel>
		<panel control_id="1" semantic_tag="0" x="0" y="0" right="0" bottom="1840" width="1080" height="80" custom_class="PN_101_back" back_color="00FBFBFB" border="0" vertscrollbar_style="0" horzscrollbar_style="0" panel_height="560" title_font="맑은 고딕,9,0,0,0,0">
			<pushbutton control_id="884" x="341" y="17" right="338" bottom="497" width="401" height="46" style_class="0" custom_class="PB_106_title" text="" font="맑은 고딕,9,0,0,0,0" transparent="1" border="4" image_normal="/BIZ/103/06/PUB/logo_train.png" imagesize="2" hover_font="맑은 고딕,9,0,0,0,0" version="1.1"/>
		</panel>
		<panel control_id="2" semantic_tag="0" x="0" y="80" right="0" bottom="560" width="1080" height="1280" custom_class="PN_101_startBack" back_image="/BIZ/103/06/PUB/poster_img_Type_train.png" border="0" vertscrollbar_style="0" horzscrollbar_style="0" title_font="맑은 고딕,9,0,0,0,0"></panel>
	</map>
</map_list>
