﻿<?xml version="1.0" encoding="UTF-8"?>
<map_list>
	<map>
		<screen version="2.0" scriptcode="java" title="[저]무인발권기_출발일" directory="/BIZ/103/06LP/" screenid="10306003" last_update_date="2024-11-05 10:07:36" width="1080" width_type="0" height="1920" height_type="0" canvas_height="2120" on_load="eventfunc:screen_on_load()" funclist="screen_on_load"/>
		<panel control_id="0" semantic_tag="0" x="0" y="0" right="0" bottom="0" width="1080" height="1920" back_color="00807D79" border="0" vertscrollbar_style="0" horzscrollbar_style="0" title_font="맑은 고딕,9,0,0,0,0">
			<panel control_id="1" semantic_tag="0" x="0" y="710" right="0" bottom="0" width="1080" height="1210" back_color="00F6F6F6" border="0" vertscrollbar_style="0" horzscrollbar_style="0" title_font="맑은 고딕,9,0,0,0,0">
				<tab_order order_option="0" order_info="6,233,892,986,987,977,944,946,947,948,949,950,951,952,953,954,955,956,957,958,959,960,961,962,963,964,965,966,967,968,969,970,971,972,973,974,975,7"/>
				<text control_id="215" autosize="0" x="282" y="301" right="282" bottom="835" width="516" height="74" text="(2/6)&lt;font color=&quot;#1674D2&quot;&gt;출발일&lt;/font&gt;을 선택하세요" font="Noto Sans CJK KR Bold,37.5,1,0,0,0" fore_color="000A0A0A" back_color="00F6F6F6" transparent="1" letter_spacing="-3px" version="1.1"/>
				<panel control_id="7" semantic_tag="0" x="0" y="1095" right="0" bottom="0" width="1080" height="115" border="0" title_font="맑은 고딕,9,0,0,0,0">
					<tab_order order_option="0" order_info="236,237,235,48,230"/>
					<pushbutton control_id="230" name="btn_Acc" x="658" y="18" right="222" bottom="17" width="200" height="80" style_class="0" text="접근성" font="Noto Sans KR Medium,31.5,500,0,0,0" fore_color="00FFFFFF" transparent="1" border="4" border_color="00E2E2E2" border_radius="44" image_normal="/BIZ/101/01/PUB/lowsc_bt.png" image_down="/BIZ/101/01/PUB/lowsc_bt_o.png" imagesize="1" box_shadow_effect="0" horz_align="0" line_height="62" text_margin="61,27,9,9" text_wordellipsis="0" hover_font="맑은 고딕,9,0,0,0,0" down_color_use="2" down_forecolor="00F8F8F8" letter_spacing="-2.1px" version="1.1"/>
					<pushbutton control_id="48" name="btn_Prev" x="226" y="18" right="654" bottom="17" width="200" height="80" style_class="0" text="이전" font="Noto Sans KR Medium,31.5,500,0,0,0" fore_color="000A0A0A" back_color="00F0FFFF" transparent="1" border="4" border_color="0024C5FF" border_radius="45" image_normal="/BIZ/101/01/PUB/back_bt.png" image_focus="/BIZ/101/01/PUB/back_bt_foc.png" image_down="/BIZ/101/01/PUB/back_bt_o.png" imagesize="1" image_vert_align="1" box_shadow_effect="0" line_height="62" text_margin="70,54,9,9" hover_font="맑은 고딕,9,0,0,0,0" down_color_use="3" down_backcolor="0019AADE" letter_spacing="-2.1px" version="1.1"/>
					<pushbutton control_id="235" name="btn_Home" x="15" y="18" right="865" bottom="17" width="200" height="80" style_class="0" text="처음으로" font="Noto Sans KR Medium,31.5,500,0,0,0" fore_color="000A0A0A" back_color="00FBFBFB" border="4" border_color="007A665E" border_radius="35,35,35,35" image_normal="/BIZ/101/01/PUB/home_bt_G_200x70.png" image_down="/BIZ/101/01/PUB/home_bt_G_o.png" imagesize="1" image_vert_align="1" box_shadow_effect="0" horz_align="0" line_height="62" text_margin="40,12,9,9" hover_font="맑은 고딕,9,0,0,0,0" down_color_use="3" down_backcolor="006D574E" letter_spacing="-2.1px" version="1.1"/>
					<pushbutton control_id="236" name="btn_Flag" x="500" y="16" right="500" bottom="19" width="80" height="80" style_class="0" text="" font="Noto Sans CJK KR,32,0,0,0,0" fore_color="000A0A0A" transparent="1" border="4" border_color="00E2E2E2" border_radius="44" image_normal="/BIZ/101/01/PUB/language_lound_bt.png" image_down="/BIZ/101/01/PUB/language_lound_kr_bt_o.png" imagesize="1" box_shadow_effect="0" horz_align="2" line_height="62" text_margin="" text_wordellipsis="0" hover_font="맑은 고딕,9,0,0,0,0" down_color_use="2" down_forecolor="00F8F8F8" version="1.1"/>
					<pushbutton control_id="237" name="btn_Call" x="867" y="16" right="13" bottom="19" width="200" height="80" style_class="0" text="직원호출" font="Noto Sans KR Medium,31.5,500,0,0,0" fore_color="00FFFFFF" back_color="00FBFBFB" border="4" border_color="000000D1" border_radius="35" image_normal="/BIZ/101/01/PUB/call_bt_R_200x80.png" image_down="/BIZ/101/01/PUB/call_bt_R_200x80_o.png" imagesize="1" image_vert_align="1" box_shadow_effect="0" horz_align="0" line_height="62" text_margin="38,14,9,9" hover_font="맑은 고딕,9,0,0,0,0" down_color_use="3" down_backcolor="0011119C" letter_spacing="-2.1px" version="1.1"/>
				</panel>
				<panel control_id="892" semantic_tag="0" x="0" y="210" right="0" bottom="925" width="1080" height="75" custom_class="PN_106_T" back_color="00373737" border_color="00373737" border_ex="0,1,00373737,,0,0-0-0-0,0,0,1,0,00FFFFFF,00E1E1E1^1,1,00373737,1^1,0,00373737,1^1,1,00373737,1^1,0,00373737,1" vertscrollbar_style="0" horzscrollbar_style="0" title_font="맑은 고딕,9,0,0,0,0">
					<text control_id="894" autosize="0" x="420" y="6" right="192" bottom="5" width="468" height="62" text="2024년 12월 10일 화요일" font="Noto Sans KR Regular,31.5,0,0,0,0" fore_color="00FFFFFF" back_color="00373737" transparent="1" version="1.1"/>
					<text control_id="895" autosize="0" x="912" y="-1" right="34" bottom="0" width="134" height="74" text="13:55" font="Noto Sans KR Bold,37.5,1,0,0,0" fore_color="00FFFFFF" back_color="00373737" transparent="1" version="1.1"/>
				</panel>
				<panel control_id="233" semantic_tag="0" x="0" y="60" right="0" bottom="1000" width="1080" height="150" custom_class="PN_101_bgG" back_color="00DFDDDC" back_image="/BIZ/101/01/PUB/bg_G_1080x150.png" back_imagesize="1" border="0" vertscrollbar_style="0" horzscrollbar_style="0" title_font="맑은 고딕,9,0,0,0,0">
					<tab_order order_option="0" order_info="891"/>
					<text control_id="217" autosize="0" x="44" y="78" right="894" bottom="10" width="142" height="62" custom_class="TX_101_stepDone" text="기본선택" font="Noto Sans KR Regular,31.5,0,0,0,0" fore_color="000A0A0A" back_color="00DFDDDC" transparent="1" horz_align="1" letter_spacing="-4.2px" version="1.1"/>
					<text control_id="218" autosize="0" x="259" y="78" right="679" bottom="10" width="142" height="62" custom_class="TX_101_step" text="옵션선택" font="Noto Sans KR Regular,31.5,0,0,0,0" fore_color="006C5E5A" back_color="00DFDDDC" transparent="1" horz_align="1" letter_spacing="-2.1px" version="1.1"/>
					<text control_id="219" autosize="0" x="469" y="78" right="469" bottom="10" width="142" height="62" custom_class="TX_101_step" text="내역확인" font="Noto Sans KR Regular,31.5,0,0,0,0" fore_color="006C5E5A" back_color="00DFDDDC" transparent="1" horz_align="1" letter_spacing="-4.2px" version="1.1"/>
					<text control_id="222" autosize="0" x="688" y="78" right="250" bottom="10" width="142" height="62" custom_class="TX_101_step" text="결제하기" font="Noto Sans KR Regular,31.5,0,0,0,0" fore_color="006C5E5A" back_color="00DFDDDC" transparent="1" horz_align="1" letter_spacing="-2.1px" version="1.1"/>
					<text control_id="223" autosize="0" x="940" y="78" right="64" bottom="10" width="76" height="62" custom_class="TX_101_step" text="완료" font="Noto Sans KR Regular,31.5,0,0,0,0" fore_color="006C5E5A" back_color="00DFDDDC" transparent="1" horz_align="1" letter_spacing="-2.1px" version="1.1"/>
					<panel control_id="891" semantic_tag="0" x="76" y="7" right="72" bottom="69" width="932" height="74" custom_class="PN_101_stepBar_1" back_color="00DFDFDF" transparent="1" back_image="/BIZ/101/01/PUB/comn_5step_B_bar_1.png" border="0" title_font="맑은 고딕,9,0,0,0,0"></panel>
				</panel>
				<panel control_id="6" semantic_tag="0" x="0" y="0" right="0" bottom="1150" width="1080" height="60" custom_class="PN_101_back" back_color="00C4C4C4" back_image="/BIZ/103/06/PUB/low_top_bg_60x1080.png" border="0" vertscrollbar_style="0" horzscrollbar_style="0" boxshadow_type="1" title_font="맑은 고딕,9,0,0,0,0">
					<pushbutton control_id="884" x="341" y="7" right="338" bottom="7" width="401" height="46" style_class="0" custom_class="PB_106_title" text="" font="맑은 고딕,9,0,0,0,0" back_color="00C4C4C4" transparent="1" border="4" image_normal="/BIZ/103/06/PUB/logo_train.png" imagesize="2" hover_font="맑은 고딕,9,0,0,0,0" version="1.1"/>
				</panel>
				<pushbutton control_id="944" x="198" y="594" right="792" bottom="526" width="90" height="90" style_class="0" custom_class="PB_106_str TX_101_G" text="1" font="Noto Sans CJK KR Medium,33.8,500,0,0,0" transparent="1" border="4" image_normal="/BIZ/103/06/PUB/bin_bt_G_90x90.png" image_down="/BIZ/103/06/PUB/bin_bt_G_90x90_today.png" imagesize="2" box_shadow_effect="0" hover_font="맑은 고딕,9,0,0,0,0" letter_spacing="-2.25px" version="1.1"/>
				<pushbutton control_id="946" x="298" y="594" right="692" bottom="526" width="90" height="90" style_class="0" custom_class="PB_106_str TX_101_G" text="2" font="Noto Sans CJK KR Medium,33.8,500,0,0,0" transparent="1" border="4" image_normal="/BIZ/103/06/PUB/bin_bt_G_90x90.png" image_down="/BIZ/103/06/PUB/bin_bt_G_90x90_today.png" imagesize="2" box_shadow_effect="0" hover_font="맑은 고딕,9,0,0,0,0" letter_spacing="-2.25px" version="1.1"/>
				<pushbutton control_id="947" x="396" y="594" right="594" bottom="526" width="90" height="90" style_class="0" custom_class="PB_106_str TX_101_G" text="3" font="Noto Sans CJK KR Medium,33.8,500,0,0,0" transparent="1" border="4" image_normal="/BIZ/103/06/PUB/bin_bt_G_90x90.png" image_down="/BIZ/103/06/PUB/bin_bt_G_90x90_today.png" imagesize="2" box_shadow_effect="0" hover_font="맑은 고딕,9,0,0,0,0" letter_spacing="-2.25px" version="1.1"/>
				<pushbutton control_id="948" x="495" y="594" right="495" bottom="526" width="90" height="90" style_class="0" custom_class="PB_106_str TX_101_G" text="4" font="Noto Sans CJK KR Medium,33.8,500,0,0,0" transparent="1" border="4" image_normal="/BIZ/103/06/PUB/bin_bt_G_90x90.png" image_down="/BIZ/103/06/PUB/bin_bt_G_90x90_today.png" imagesize="2" box_shadow_effect="0" hover_font="맑은 고딕,9,0,0,0,0" letter_spacing="-2.25px" version="1.1"/>
				<pushbutton control_id="949" x="594" y="594" right="396" bottom="526" width="90" height="90" style_class="0" custom_class="PB_106_str TX_101_G" text="5" font="Noto Sans CJK KR Medium,33.8,500,0,0,0" transparent="1" border="4" image_normal="/BIZ/103/06/PUB/bin_bt_G_90x90.png" image_down="/BIZ/103/06/PUB/bin_bt_G_90x90_today.png" imagesize="2" box_shadow_effect="0" hover_font="맑은 고딕,9,0,0,0,0" letter_spacing="-2.25px" version="1.1"/>
				<pushbutton control_id="950" x="694" y="594" right="296" bottom="526" width="90" height="90" style_class="0" custom_class="PB_106_str TX_101_G" text="6" font="Noto Sans CJK KR Medium,33.8,500,0,0,0" transparent="1" border="4" image_normal="/BIZ/103/06/PUB/bin_bt_G_90x90.png" image_down="/BIZ/103/06/PUB/bin_bt_G_90x90_today.png" imagesize="2" box_shadow_effect="0" hover_font="맑은 고딕,9,0,0,0,0" letter_spacing="-2.25px" version="1.1"/>
				<pushbutton control_id="951" x="792" y="594" right="198" bottom="526" width="90" height="90" style_class="0" custom_class="PB_106_str TX_101_G" text="7" font="Noto Sans CJK KR Medium,33.8,500,0,0,0" transparent="1" border="4" image_normal="/BIZ/103/06/PUB/bin_bt_G_90x90.png" image_down="/BIZ/103/06/PUB/bin_bt_G_90x90_today.png" imagesize="2" box_shadow_effect="0" hover_font="맑은 고딕,9,0,0,0,0" letter_spacing="-2.25px" version="1.1"/>
				<pushbutton control_id="952" x="198" y="692" right="792" bottom="428" width="90" height="90" style_class="0" custom_class="PB_106_str TX_101_G" text="8" font="Noto Sans CJK KR Medium,33.8,500,0,0,0" transparent="1" border="4" image_normal="/BIZ/103/06/PUB/bin_bt_G_90x90.png" image_down="/BIZ/103/06/PUB/bin_bt_G_90x90_today.png" imagesize="2" box_shadow_effect="0" hover_font="맑은 고딕,9,0,0,0,0" letter_spacing="-2.25px" version="1.1"/>
				<pushbutton control_id="953" x="298" y="692" right="692" bottom="428" width="90" height="90" style_class="0" custom_class="PB_106_str TX_101_G" text="9" font="Noto Sans CJK KR Medium,33.8,500,0,0,0" transparent="1" border="4" image_normal="/BIZ/103/06/PUB/bin_bt_G_90x90.png" image_down="/BIZ/103/06/PUB/bin_bt_G_90x90_today.png" imagesize="2" box_shadow_effect="0" hover_font="맑은 고딕,9,0,0,0,0" letter_spacing="-2.25px" version="1.1"/>
				<pushbutton control_id="954" x="396" y="692" right="594" bottom="428" width="90" height="90" style_class="0" custom_class="PB_106_str TX_101_contents" text="10" font="Noto Sans CJK KR Medium,33.8,500,0,0,0" transparent="1" border="4" image_normal="/BIZ/103/06/PUB/bin_bt_G_90x90_today_o.png" image_disable="/BIZ/103/06/PUB/bin_bt_G_90x90_today_o.png" imagesize="2" box_shadow_effect="0" vert_align="0" hover_font="맑은 고딕,9,0,0,0,0" letter_spacing="-2.25px" version="1.1"/>
				<pushbutton control_id="955" x="495" y="692" right="495" bottom="428" width="90" height="90" style_class="0" custom_class="PB_106_str TX_101_contents" text="11" font="Noto Sans CJK KR Medium,33.8,500,0,0,0" transparent="1" border="4" image_normal="/BIZ/103/06/PUB/bin_bt_G_90x90.png" image_down="/BIZ/103/06/PUB/bin_bt_G_90x90_today.png" imagesize="2" box_shadow_effect="0" hover_font="맑은 고딕,9,0,0,0,0" letter_spacing="-2.25px" version="1.1"/>
				<pushbutton control_id="956" x="594" y="692" right="396" bottom="428" width="90" height="90" style_class="0" custom_class="PB_106_str TX_101_contents" text="12" font="Noto Sans CJK KR Medium,33.8,500,0,0,0" transparent="1" border="4" image_normal="/BIZ/103/06/PUB/bin_bt_G_90x90.png" image_down="/BIZ/103/06/PUB/bin_bt_G_90x90_today.png" imagesize="2" box_shadow_effect="0" hover_font="맑은 고딕,9,0,0,0,0" letter_spacing="-2.25px" version="1.1"/>
				<pushbutton control_id="957" x="694" y="692" right="296" bottom="428" width="90" height="90" style_class="0" custom_class="PB_106_str TX_101_contents" text="13" font="Noto Sans CJK KR Medium,33.8,500,0,0,0" transparent="1" border="4" image_normal="/BIZ/103/06/PUB/bin_bt_G_90x90.png" image_down="/BIZ/103/06/PUB/bin_bt_G_90x90_today.png" imagesize="2" box_shadow_effect="0" hover_font="맑은 고딕,9,0,0,0,0" letter_spacing="-2.25px" version="1.1"/>
				<pushbutton control_id="958" x="792" y="692" right="198" bottom="428" width="90" height="90" style_class="0" custom_class="PB_106_str" text="14" font="Noto Sans CJK KR Medium,33.8,500,0,0,0" fore_color="00D27416" transparent="1" border="4" image_normal="/BIZ/103/06/PUB/bin_bt_G_90x90.png" image_down="/BIZ/103/06/PUB/bin_bt_G_90x90_today.png" imagesize="2" box_shadow_effect="0" hover_font="맑은 고딕,9,0,0,0,0" letter_spacing="-2.25px" version="1.1"/>
				<pushbutton control_id="959" x="198" y="790" right="792" bottom="330" width="90" height="90" style_class="0" custom_class="PB_106_str" text="15" font="Noto Sans CJK KR Medium,33.8,500,0,0,0" fore_color="003016D2" transparent="1" border="4" image_normal="/BIZ/103/06/PUB/bin_bt_G_90x90.png" image_down="/BIZ/103/06/PUB/bin_bt_G_90x90_today.png" imagesize="2" box_shadow_effect="0" hover_font="맑은 고딕,9,0,0,0,0" letter_spacing="-2.25px" version="1.1"/>
				<pushbutton control_id="960" x="298" y="790" right="692" bottom="330" width="90" height="90" style_class="0" custom_class="PB_106_str TX_101_contents" text="16" font="Noto Sans CJK KR Medium,33.8,500,0,0,0" transparent="1" border="4" image_normal="/BIZ/103/06/PUB/bin_bt_G_90x90.png" image_down="/BIZ/103/06/PUB/bin_bt_G_90x90_today.png" imagesize="2" box_shadow_effect="0" hover_font="맑은 고딕,9,0,0,0,0" letter_spacing="-2.25px" version="1.1"/>
				<pushbutton control_id="961" x="396" y="790" right="594" bottom="330" width="90" height="90" style_class="0" custom_class="PB_106_str TX_101_contents" text="17" font="Noto Sans CJK KR Medium,33.8,500,0,0,0" transparent="1" border="4" image_normal="/BIZ/103/06/PUB/bin_bt_G_90x90.png" image_down="/BIZ/103/06/PUB/bin_bt_G_90x90_today.png" imagesize="2" box_shadow_effect="0" hover_font="맑은 고딕,9,0,0,0,0" letter_spacing="-2.25px" version="1.1"/>
				<pushbutton control_id="962" x="495" y="790" right="495" bottom="330" width="90" height="90" style_class="0" custom_class="PB_106_str TX_101_contents" text="18" font="Noto Sans CJK KR Medium,33.8,500,0,0,0" transparent="1" border="4" image_normal="/BIZ/103/06/PUB/bin_bt_G_90x90.png" image_down="/BIZ/103/06/PUB/bin_bt_G_90x90_today.png" imagesize="2" box_shadow_effect="0" hover_font="맑은 고딕,9,0,0,0,0" letter_spacing="-2.25px" version="1.1"/>
				<pushbutton control_id="963" x="594" y="790" right="396" bottom="330" width="90" height="90" style_class="0" custom_class="PB_106_str TX_101_contents" text="19" font="Noto Sans CJK KR Medium,33.8,500,0,0,0" transparent="1" border="4" image_normal="/BIZ/103/06/PUB/bin_bt_G_90x90.png" image_down="/BIZ/103/06/PUB/bin_bt_G_90x90_today.png" imagesize="2" box_shadow_effect="0" hover_font="맑은 고딕,9,0,0,0,0" letter_spacing="-2.25px" version="1.1"/>
				<pushbutton control_id="964" x="694" y="790" right="296" bottom="330" width="90" height="90" style_class="0" custom_class="PB_106_str TX_101_contents" text="20" font="Noto Sans CJK KR Medium,33.8,500,0,0,0" transparent="1" border="4" image_normal="/BIZ/103/06/PUB/bin_bt_G_90x90.png" image_down="/BIZ/103/06/PUB/bin_bt_G_90x90_today.png" imagesize="2" box_shadow_effect="0" hover_font="맑은 고딕,9,0,0,0,0" letter_spacing="-2.25px" version="1.1"/>
				<pushbutton control_id="965" x="792" y="790" right="198" bottom="330" width="90" height="90" style_class="0" custom_class="PB_106_str" text="21" font="Noto Sans CJK KR Medium,33.8,500,0,0,0" fore_color="00D27416" transparent="1" border="4" image_normal="/BIZ/103/06/PUB/bin_bt_G_90x90.png" image_down="/BIZ/103/06/PUB/bin_bt_G_90x90_today.png" imagesize="2" box_shadow_effect="0" hover_font="맑은 고딕,9,0,0,0,0" letter_spacing="-2.25px" version="1.1"/>
				<pushbutton control_id="966" x="198" y="887" right="792" bottom="233" width="90" height="90" style_class="0" custom_class="PB_106_str" text="22" font="Noto Sans CJK KR Medium,33.8,500,0,0,0" fore_color="003016D2" transparent="1" border="4" image_normal="/BIZ/103/06/PUB/bin_bt_G_90x90.png" image_down="/BIZ/103/06/PUB/bin_bt_G_90x90_today.png" imagesize="2" box_shadow_effect="0" hover_font="맑은 고딕,9,0,0,0,0" letter_spacing="-2.25px" version="1.1"/>
				<pushbutton control_id="967" x="298" y="887" right="692" bottom="233" width="90" height="90" style_class="0" custom_class="PB_106_str TX_101_contents" text="23" font="Noto Sans CJK KR Medium,33.8,500,0,0,0" transparent="1" border="4" image_normal="/BIZ/103/06/PUB/bin_bt_G_90x90.png" image_down="/BIZ/103/06/PUB/bin_bt_G_90x90_today.png" imagesize="2" box_shadow_effect="0" hover_font="맑은 고딕,9,0,0,0,0" letter_spacing="-2.25px" version="1.1"/>
				<pushbutton control_id="968" x="396" y="887" right="594" bottom="233" width="90" height="90" style_class="0" custom_class="PB_106_str TX_101_contents" text="24" font="Noto Sans CJK KR Medium,33.8,500,0,0,0" transparent="1" border="4" image_normal="/BIZ/103/06/PUB/bin_bt_G_90x90.png" image_down="/BIZ/103/06/PUB/bin_bt_G_90x90_today.png" imagesize="2" box_shadow_effect="0" hover_font="맑은 고딕,9,0,0,0,0" letter_spacing="-2.25px" version="1.1"/>
				<pushbutton control_id="969" x="495" y="887" right="495" bottom="233" width="90" height="90" style_class="0" custom_class="PB_106_str TX_101_contents" text="25" font="Noto Sans CJK KR Medium,33.8,500,0,0,0" transparent="1" border="4" image_normal="/BIZ/103/06/PUB/bin_bt_G_90x90.png" image_down="/BIZ/103/06/PUB/bin_bt_G_90x90_today.png" imagesize="2" box_shadow_effect="0" hover_font="맑은 고딕,9,0,0,0,0" letter_spacing="-2.25px" version="1.1"/>
				<pushbutton control_id="970" x="594" y="887" right="396" bottom="233" width="90" height="90" style_class="0" custom_class="PB_106_str TX_101_contents" text="26" font="Noto Sans CJK KR Medium,33.8,500,0,0,0" transparent="1" border="4" image_normal="/BIZ/103/06/PUB/bin_bt_G_90x90.png" image_down="/BIZ/103/06/PUB/bin_bt_G_90x90_today.png" imagesize="2" box_shadow_effect="0" hover_font="맑은 고딕,9,0,0,0,0" letter_spacing="-2.25px" version="1.1"/>
				<pushbutton control_id="971" x="694" y="887" right="296" bottom="233" width="90" height="90" style_class="0" custom_class="PB_106_str TX_101_contents" text="27" font="Noto Sans CJK KR Medium,33.8,500,0,0,0" transparent="1" border="4" image_normal="/BIZ/103/06/PUB/bin_bt_G_90x90.png" image_down="/BIZ/103/06/PUB/bin_bt_G_90x90_today.png" imagesize="2" box_shadow_effect="0" hover_font="맑은 고딕,9,0,0,0,0" letter_spacing="-2.25px" version="1.1"/>
				<pushbutton control_id="972" x="792" y="887" right="198" bottom="233" width="90" height="90" style_class="0" custom_class="PB_106_str" text="28" font="Noto Sans CJK KR Medium,33.8,500,0,0,0" fore_color="00D27416" transparent="1" border="4" image_normal="/BIZ/103/06/PUB/bin_bt_G_90x90.png" image_down="/BIZ/103/06/PUB/bin_bt_G_90x90_today.png" imagesize="2" box_shadow_effect="0" hover_font="맑은 고딕,9,0,0,0,0" letter_spacing="-2.25px" version="1.1"/>
				<pushbutton control_id="973" x="198" y="985" right="792" bottom="135" width="90" height="90" style_class="0" custom_class="PB_106_str" text="29" font="Noto Sans CJK KR Medium,33.8,500,0,0,0" fore_color="003016D2" transparent="1" border="4" image_normal="/BIZ/103/06/PUB/bin_bt_G_90x90.png" image_down="/BIZ/103/06/PUB/bin_bt_G_90x90_today.png" imagesize="2" box_shadow_effect="0" hover_font="맑은 고딕,9,0,0,0,0" letter_spacing="-2.25px" version="1.1"/>
				<pushbutton control_id="974" x="298" y="985" right="692" bottom="135" width="90" height="90" style_class="0" custom_class="PB_106_str TX_101_contents" text="30" font="Noto Sans CJK KR Medium,33.8,500,0,0,0" transparent="1" border="4" image_normal="/BIZ/103/06/PUB/bin_bt_G_90x90.png" image_down="/BIZ/103/06/PUB/bin_bt_G_90x90_today.png" imagesize="2" box_shadow_effect="0" hover_font="맑은 고딕,9,0,0,0,0" letter_spacing="-2.25px" version="1.1"/>
				<pushbutton control_id="975" x="396" y="985" right="594" bottom="135" width="90" height="90" style_class="0" custom_class="PB_106_str TX_101_contents" text="31" font="Noto Sans CJK KR Medium,33.8,500,0,0,0" transparent="1" border="4" image_normal="/BIZ/103/06/PUB/bin_bt_G_90x90.png" image_down="/BIZ/103/06/PUB/bin_bt_G_90x90_today.png" imagesize="2" box_shadow_effect="0" hover_font="맑은 고딕,9,0,0,0,0" letter_spacing="-2.25px" version="1.1"/>
				<panel control_id="977" semantic_tag="0" x="90" y="494" right="90" bottom="715" width="900" height="1" custom_class="PN_106_line" border_color="000A0A0A" border_ex="0,1,000A0A0A,,0,0-0-0-0,0,0,1,0,00FFFFFF,00E1E1E1^1,1,000A0A0A,1^1,0,00B4B4B4,1^1,0,00B4B4B4,1^1,0,00B4B4B4,1" title_font="맑은 고딕,9,0,0,0,0"></panel>
				<text control_id="979" autosize="0" x="226" y="514" right="816" bottom="634" width="38" height="62" text="일" font="Noto Sans CJK KR Medium,31.5,500,0,0,0" fore_color="003016D2" back_color="00F6F6F6" transparent="1" letter_spacing="-2.1px" version="1.1"/>
				<text control_id="980" autosize="0" x="325" y="513" right="717" bottom="635" width="38" height="62" custom_class="TX_101_contents" text="월" font="Noto Sans CJK KR Medium,31.5,500,0,0,0" fore_color="000A0A0A" back_color="00F6F6F6" transparent="1" letter_spacing="-2.1px" version="1.1"/>
				<text control_id="981" autosize="0" x="423" y="513" right="619" bottom="635" width="38" height="62" custom_class="TX_101_contents" text="화" font="Noto Sans CJK KR Medium,31.5,500,0,0,0" fore_color="000A0A0A" back_color="00F6F6F6" transparent="1" letter_spacing="-2.1px" version="1.1"/>
				<text control_id="982" autosize="0" x="522" y="513" right="520" bottom="635" width="38" height="62" custom_class="TX_101_contents" text="수" font="Noto Sans CJK KR Medium,31.5,500,0,0,0" fore_color="000A0A0A" back_color="00F6F6F6" transparent="1" letter_spacing="-2.1px" version="1.1"/>
				<text control_id="983" autosize="0" x="621" y="513" right="421" bottom="635" width="38" height="62" custom_class="TX_101_contents" text="목" font="Noto Sans CJK KR Medium,31.5,500,0,0,0" fore_color="000A0A0A" back_color="00F6F6F6" transparent="1" letter_spacing="-2.1px" version="1.1"/>
				<text control_id="984" autosize="0" x="719" y="513" right="323" bottom="635" width="38" height="62" custom_class="TX_101_contents" text="금" font="Noto Sans CJK KR Medium,31.5,500,0,0,0" fore_color="000A0A0A" back_color="00F6F6F6" transparent="1" letter_spacing="-2.1px" version="1.1"/>
				<text control_id="985" autosize="0" x="818" y="513" right="224" bottom="635" width="38" height="62" custom_class="TX_106_B" text="토" font="Noto Sans CJK KR Medium,31.5,500,0,0,0" fore_color="00D27416" back_color="00F6F6F6" transparent="1" letter_spacing="-2.1px" version="1.1"/>
				<pushbutton control_id="986" x="100" y="402" right="780" bottom="728" width="200" height="80" style_class="0" custom_class="PB_106_pre_1" text="이전달" font="Noto Sans CJK KR Medium,31.5,500,0,0,0" transparent="1" border="4" image_normal="/BIZ/103/06/PUB/pre_bt_G_200x80.png" image_down="/BIZ/103/06/PUB/pre_bt_W_200x80_o.png" imagesize="1" box_shadow_effect="0" text_margin="30,0,0,0" hover_font="맑은 고딕,9,0,0,0,0" version="1.1"/>
				<pushbutton control_id="987" x="790" y="402" right="90" bottom="728" width="200" height="80" style_class="0" custom_class="PB_106_next_1" text="다음달" font="Noto Sans CJK KR Medium,31.5,500,0,0,0" transparent="1" border="4" image_normal="/BIZ/103/06/PUB/next_bt_G_200x80.png" image_down="/BIZ/103/06/PUB/next_bt_W_200x80_o.png" imagesize="1" box_shadow_effect="0" text_margin="0,30,0,0" hover_font="맑은 고딕,9,0,0,0,0" version="1.1"/>
				<text control_id="989" autosize="0" x="438" y="394" right="437" bottom="734" width="205" height="82" custom_class="TX_101_contents" text="2024.12" font="Noto Sans CJK KR Bold,41.3,1,0,0,0" fore_color="000A0A0A" back_color="00F6F6F6" transparent="1" letter_spacing="-2.75px" version="1.1"/>
				<text control_id="990" autosize="0" x="403" y="725" right="601" bottom="423" width="76" height="62" custom_class="PB_106_str TX_101_contents" text="&lt;font class=&quot;TX_101_subContents&quot; color=&quot;#1674D2&quot;&gt;오늘&lt;/font&gt;" font="Noto Sans CJK KR Medium,31.5,500,0,0,0" fore_color="00D27416" back_color="00F6F6F6" transparent="1" letter_spacing="-2.1px" version="1.1"/>
			</panel>
		</panel>
	</map>
</map_list>
