﻿<?xml version="1.0" encoding="UTF-8"?>
<map_list>
	<map>
		<screen version="2.0" scriptcode="java" title="[저]무인발권기_출발시간" directory="/BIZ/103/06LP/" screenid="10306007" last_update_date="2024-11-05 10:07:04" width="1080" width_type="0" height="1920" height_type="0" canvas_height="2120" on_load="eventfunc:screen_on_load()" funclist="screen_on_load"/>
		<panel control_id="0" semantic_tag="0" x="0" y="0" right="0" bottom="0" width="1080" height="1920" back_color="00807D79" border="0" vertscrollbar_style="0" horzscrollbar_style="0" title_font="맑은 고딕,9,0,0,0,0">
			<panel control_id="1" semantic_tag="0" x="0" y="710" right="0" bottom="0" width="1080" height="1210" back_color="00F6F6F6" border="0" vertscrollbar_style="0" horzscrollbar_style="0" title_font="맑은 고딕,9,0,0,0,0">
				<tab_order order_option="0" order_info="6,233,892,1016,920,921,7"/>
				<text control_id="215" autosize="0" x="282" y="301" right="282" bottom="835" width="516" height="74" text="(6/6)&lt;font color=&quot;#1674D2&quot;&gt;출발시간&lt;/font&gt;을 선택하세요" font="Noto Sans CJK KR Bold,37.5,1,0,0,0" fore_color="000A0A0A" back_color="00F6F6F6" transparent="1" letter_spacing="-3px" version="1.1"/>
				<panel control_id="7" semantic_tag="0" x="0" y="1095" right="0" bottom="0" width="1080" height="115" border="0" title_font="맑은 고딕,9,0,0,0,0">
					<tab_order order_option="0" order_info="236,237,235,48,230"/>
					<pushbutton control_id="230" name="btn_Acc" x="658" y="18" right="222" bottom="17" width="200" height="80" style_class="0" text="접근성" font="Noto Sans KR Medium,31.5,500,0,0,0" fore_color="00FFFFFF" transparent="1" border="4" border_color="00E2E2E2" border_radius="44" image_normal="/BIZ/101/01/PUB/lowsc_bt.png" image_down="/BIZ/101/01/PUB/lowsc_bt_o.png" imagesize="1" box_shadow_effect="0" horz_align="0" line_height="62" text_margin="61,27,9,9" text_wordellipsis="0" hover_font="맑은 고딕,9,0,0,0,0" down_color_use="2" down_forecolor="00F8F8F8" letter_spacing="-2.1px" version="1.1"/>
					<pushbutton control_id="48" name="btn_Prev" x="226" y="18" right="654" bottom="17" width="200" height="80" style_class="0" text="이전" font="Noto Sans KR Medium,31.5,500,0,0,0" fore_color="000A0A0A" back_color="00F0FFFF" transparent="1" border="4" border_color="0024C5FF" border_radius="45" image_normal="/BIZ/101/01/PUB/back_bt.png" image_focus="/BIZ/101/01/PUB/back_bt_foc.png" image_down="/BIZ/101/01/PUB/back_bt_o.png" imagesize="1" image_vert_align="1" box_shadow_effect="0" line_height="62" text_margin="70,54,9,9" hover_font="맑은 고딕,9,0,0,0,0" down_color_use="3" down_backcolor="0019AADE" letter_spacing="-2.1px" version="1.1"/>
					<pushbutton control_id="235" name="btn_Home" x="15" y="18" right="865" bottom="17" width="200" height="80" style_class="0" text="처음으로" font="Noto Sans KR Medium,31.5,500,0,0,0" fore_color="000A0A0A" back_color="00FBFBFB" border="4" border_color="007A665E" border_radius="35,35,35,35" image_normal="/BIZ/101/01/PUB/home_bt_G_200x70.png" image_down="/BIZ/101/01/PUB/home_bt_G_o.png" imagesize="1" image_vert_align="1" box_shadow_effect="0" horz_align="0" line_height="62" text_margin="40,12,9,9" hover_font="맑은 고딕,9,0,0,0,0" down_color_use="3" down_backcolor="006D574E" letter_spacing="-2.1px" version="1.1"/>
					<pushbutton control_id="236" name="btn_Flag" x="500" y="16" right="500" bottom="19" width="80" height="80" style_class="0" text="" font="Noto Sans CJK KR,32,0,0,0,0" fore_color="000A0A0A" transparent="1" border="4" border_color="00E2E2E2" border_radius="44" image_normal="/BIZ/101/01/PUB/language_lound_bt.png" image_down="/BIZ/101/01/PUB/language_lound_kr_bt_o.png" imagesize="1" box_shadow_effect="0" horz_align="2" line_height="62" text_margin="" text_wordellipsis="0" hover_font="맑은 고딕,9,0,0,0,0" down_color_use="2" down_forecolor="00F8F8F8" version="1.1"/>
					<pushbutton control_id="237" name="btn_Call" x="867" y="16" right="13" bottom="19" width="200" height="80" style_class="0" text="직원호출" font="Noto Sans KR Medium,31.5,500,0,0,0" fore_color="00FFFFFF" back_color="00FBFBFB" border="4" border_color="000000D1" border_radius="35" image_normal="/BIZ/101/01/PUB/call_bt_R_200x80.png" image_down="/BIZ/101/01/PUB/call_bt_R_200x80_o.png" imagesize="1" image_vert_align="1" box_shadow_effect="0" horz_align="0" line_height="62" text_margin="38,14,9,9" hover_font="맑은 고딕,9,0,0,0,0" down_color_use="3" down_backcolor="0011119C" letter_spacing="-2.1px" version="1.1"/>
				</panel>
				<panel control_id="892" semantic_tag="0" x="0" y="210" right="0" bottom="925" width="1080" height="75" custom_class="PN_106_T" back_color="00373737" border_color="00373737" border_ex="0,1,00373737,,0,0-0-0-0,0,0,1,0,00FFFFFF,00E1E1E1^1,1,00373737,1^1,0,00373737,1^1,1,00373737,1^1,0,00373737,1" vertscrollbar_style="0" horzscrollbar_style="0" title_font="맑은 고딕,9,0,0,0,0">
					<text control_id="894" autosize="0" x="420" y="6" right="192" bottom="5" width="468" height="62" text="2024년 12월 10일 화요일" font="Noto Sans KR Regular,31.5,0,0,0,0" fore_color="00FFFFFF" back_color="00373737" transparent="1" version="1.1"/>
					<text control_id="895" autosize="0" x="912" y="-1" right="34" bottom="0" width="134" height="74" text="13:55" font="Noto Sans KR Bold,37.5,1,0,0,0" fore_color="00FFFFFF" back_color="00373737" transparent="1" version="1.1"/>
				</panel>
				<panel control_id="233" semantic_tag="0" x="0" y="60" right="0" bottom="1000" width="1080" height="150" custom_class="PN_101_bgG" back_color="00DFDDDC" back_image="/BIZ/101/01/PUB/bg_G_1080x150.png" back_imagesize="1" border="0" vertscrollbar_style="0" horzscrollbar_style="0" title_font="맑은 고딕,9,0,0,0,0">
					<tab_order order_option="0" order_info="891"/>
					<text control_id="217" autosize="0" x="44" y="78" right="894" bottom="10" width="142" height="62" custom_class="TX_101_stepDone" text="기본선택" font="Noto Sans KR Regular,31.5,0,0,0,0" fore_color="000A0A0A" back_color="00DFDDDC" transparent="1" horz_align="1" letter_spacing="-4.2px" version="1.1"/>
					<text control_id="218" autosize="0" x="259" y="78" right="679" bottom="10" width="142" height="62" custom_class="TX_101_step" text="옵션선택" font="Noto Sans KR Regular,31.5,0,0,0,0" fore_color="006C5E5A" back_color="00DFDDDC" transparent="1" horz_align="1" letter_spacing="-2.1px" version="1.1"/>
					<text control_id="219" autosize="0" x="469" y="78" right="469" bottom="10" width="142" height="62" custom_class="TX_101_step" text="내역확인" font="Noto Sans KR Regular,31.5,0,0,0,0" fore_color="006C5E5A" back_color="00DFDDDC" transparent="1" horz_align="1" letter_spacing="-4.2px" version="1.1"/>
					<text control_id="222" autosize="0" x="688" y="78" right="250" bottom="10" width="142" height="62" custom_class="TX_101_step" text="결제하기" font="Noto Sans KR Regular,31.5,0,0,0,0" fore_color="006C5E5A" back_color="00DFDDDC" transparent="1" horz_align="1" letter_spacing="-2.1px" version="1.1"/>
					<text control_id="223" autosize="0" x="940" y="78" right="64" bottom="10" width="76" height="62" custom_class="TX_101_step" text="완료" font="Noto Sans KR Regular,31.5,0,0,0,0" fore_color="006C5E5A" back_color="00DFDDDC" transparent="1" horz_align="1" letter_spacing="-2.1px" version="1.1"/>
					<panel control_id="891" semantic_tag="0" x="76" y="7" right="72" bottom="69" width="932" height="74" custom_class="PN_101_stepBar_1" back_color="00DFDFDF" transparent="1" back_image="/BIZ/101/01/PUB/comn_5step_B_bar_1.png" border="0" title_font="맑은 고딕,9,0,0,0,0"></panel>
				</panel>
				<panel control_id="6" semantic_tag="0" x="0" y="0" right="0" bottom="1150" width="1080" height="60" custom_class="PN_101_back" back_color="00C4C4C4" back_image="/BIZ/103/06/PUB/low_top_bg_60x1080.png" border="0" vertscrollbar_style="0" horzscrollbar_style="0" boxshadow_type="1" title_font="맑은 고딕,9,0,0,0,0">
					<pushbutton control_id="884" x="341" y="7" right="338" bottom="7" width="401" height="46" style_class="0" custom_class="PB_106_title" text="" font="맑은 고딕,9,0,0,0,0" back_color="00C4C4C4" transparent="1" border="4" image_normal="/BIZ/103/06/PUB/logo_train.png" imagesize="2" hover_font="맑은 고딕,9,0,0,0,0" version="1.1"/>
				</panel>
				<panel control_id="1016" semantic_tag="0" x="60" y="390" right="60" bottom="235" width="960" height="585" custom_class="PN_106_time" back_image="/BIZ/103/06/PUB/table_box_960x585.png" back_imagesize="1" border="0" title_font="맑은 고딕,9,0,0,0,0">
					<tab_order order_option="0" order_info="986,987,1022,1023,1024,1025"/>
					<pushbutton control_id="986" x="39" y="21" right="721" bottom="484" width="200" height="80" style_class="0" custom_class="PB_106_pre_1" text="이전달" font="Noto Sans CJK KR Medium,31.5,500,0,0,0" transparent="1" border="4" image_normal="/BIZ/103/06/PUB/pre_bt_W_200x80.png" image_down="/BIZ/103/06/PUB/pre_bt_W_200x80_o.png" imagesize="1" box_shadow_effect="0" text_margin="30,0,0,0" hover_font="맑은 고딕,9,0,0,0,0" version="1.1"/>
					<pushbutton control_id="987" x="729" y="21" right="31" bottom="484" width="200" height="80" style_class="0" custom_class="PB_106_next_1" text="다음달" font="Noto Sans CJK KR Medium,31.5,500,0,0,0" transparent="1" border="4" image_normal="/BIZ/103/06/PUB/next_bt_W_200x80.png" image_down="/BIZ/103/06/PUB/next_bt_W_200x80_o.png" imagesize="1" box_shadow_effect="0" text_margin="0,30,0,0" hover_font="맑은 고딕,9,0,0,0,0" version="1.1"/>
					<text control_id="989" autosize="0" x="315" y="18" right="316" bottom="493" width="329" height="74" custom_class="TX_101_contents" text="2024.12.10.화" font="Noto Sans CJK KR Bold,41.3,1,0,0,0" fore_color="000A0A0A" back_color="00F6F6F6" transparent="1" letter_spacing="-2.75px" version="1.1"/>
					<text control_id="1018" autosize="0" x="32" y="118" right="850" bottom="405" width="78" height="62" custom_class="TX_101_contents" text="여정" font="Noto Sans CJK KR Medium,31.5,500,0,0,0" fore_color="000A0A0A" transparent="1" version="1.1"/>
					<text control_id="1019" autosize="0" x="236" y="118" right="646" bottom="405" width="78" height="62" custom_class="TX_101_contents" text="열차" font="Noto Sans CJK KR Medium,31.5,500,0,0,0" fore_color="000A0A0A" transparent="1" version="1.1"/>
					<text control_id="1020" autosize="0" x="412" y="118" right="394" bottom="405" width="154" height="62" custom_class="TX_101_contents" text="출발시간" font="Noto Sans CJK KR Medium,31.5,500,0,0,0" fore_color="000A0A0A" transparent="1" version="1.1"/>
					<text control_id="1021" autosize="0" x="607" y="118" right="199" bottom="405" width="154" height="62" custom_class="TX_101_contents" text="도착시간" font="Noto Sans CJK KR Medium,31.5,500,0,0,0" fore_color="000A0A0A" transparent="1" version="1.1"/>
					<pushbutton control_id="1022" x="798" y="191" right="22" bottom="314" width="140" height="80" style_class="0" custom_class="PB_106_choice" text="선택" font="Noto Sans CJK KR Medium,33.8,500,0,0,0" transparent="1" border="4" image_normal="/BIZ/103/06/PUB/bin_Wline_bt_140x80.png" image_down="/BIZ/103/06/PUB/bin_Wline_bt_140x80_o.png" imagesize="2" box_shadow_effect="0" text_margin="" hover_font="맑은 고딕,9,0,0,0,0" version="1.1"/>
					<pushbutton control_id="1023" x="798" y="291" right="22" bottom="214" width="140" height="80" style_class="0" custom_class="PB_106_choice" text="선택" font="Noto Sans CJK KR Medium,33.8,500,0,0,0" transparent="1" border="4" image_normal="/BIZ/103/06/PUB/bin_Wline_bt_140x80.png" image_down="/BIZ/103/06/PUB/bin_Wline_bt_140x80_o.png" imagesize="2" box_shadow_effect="0" text_margin="" hover_font="맑은 고딕,9,0,0,0,0" version="1.1"/>
					<pushbutton control_id="1024" x="798" y="392" right="22" bottom="113" width="140" height="80" style_class="0" custom_class="PB_106_choice" text="선택" font="Noto Sans CJK KR Medium,33.8,500,0,0,0" transparent="1" border="4" image_normal="/BIZ/103/06/PUB/bin_Wline_bt_140x80.png" image_down="/BIZ/103/06/PUB/bin_Wline_bt_140x80_o.png" imagesize="2" box_shadow_effect="0" text_margin="" hover_font="맑은 고딕,9,0,0,0,0" version="1.1"/>
					<pushbutton control_id="1025" x="798" y="492" right="22" bottom="13" width="140" height="80" style_class="0" custom_class="PB_106_choice" text="선택" font="Noto Sans CJK KR Medium,33.8,500,0,0,0" transparent="1" border="4" image_normal="/BIZ/103/06/PUB/bin_Wline_bt_140x80.png" image_down="/BIZ/103/06/PUB/bin_Wline_bt_140x80_o.png" imagesize="2" box_shadow_effect="0" text_margin="" hover_font="맑은 고딕,9,0,0,0,0" version="1.1"/>
					<text control_id="1029" autosize="0" x="32" y="198" right="850" bottom="325" width="78" height="62" custom_class="TX_101_contents" text="직행" font="Noto Sans CJK KR Medium,31.5,500,0,0,0" fore_color="000A0A0A" transparent="1" version="1.1"/>
					<text control_id="1030" autosize="0" x="32" y="300" right="850" bottom="223" width="78" height="62" custom_class="TX_101_contents" text="직행" font="Noto Sans CJK KR Medium,31.5,500,0,0,0" fore_color="000A0A0A" transparent="1" version="1.1"/>
					<text control_id="1031" autosize="0" x="32" y="400" right="850" bottom="123" width="78" height="62" custom_class="TX_101_contents" text="직행" font="Noto Sans CJK KR Medium,31.5,500,0,0,0" fore_color="000A0A0A" transparent="1" version="1.1"/>
					<text control_id="1032" autosize="0" x="32" y="500" right="850" bottom="23" width="78" height="62" custom_class="TX_101_contents" text="직행" font="Noto Sans CJK KR Medium,31.5,500,0,0,0" fore_color="000A0A0A" transparent="1" version="1.1"/>
					<text control_id="1036" autosize="0" x="196" y="198" right="606" bottom="325" width="158" height="62" custom_class="TX_101_contents" text="KTX 001" font="Noto Sans CJK KR Medium,31.5,500,0,0,0" fore_color="000A0A0A" transparent="1" version="1.1"/>
					<text control_id="1037" autosize="0" x="196" y="300" right="606" bottom="223" width="158" height="62" custom_class="TX_101_contents" text="KTX 001" font="Noto Sans CJK KR Medium,31.5,500,0,0,0" fore_color="000A0A0A" transparent="1" version="1.1"/>
					<text control_id="1038" autosize="0" x="196" y="400" right="606" bottom="123" width="158" height="62" custom_class="TX_101_contents" text="KTX 001" font="Noto Sans CJK KR Medium,31.5,500,0,0,0" fore_color="000A0A0A" transparent="1" version="1.1"/>
					<text control_id="1045" autosize="0" x="196" y="495" right="606" bottom="0" width="158" height="90" custom_class="TX_101_contents" text="KTX-산천&#x0D;&#x0A;001" font="Noto Sans CJK KR Medium,31.5,500,0,0,0" fore_color="000A0A0A" transparent="1" line_height="45" version="1.1"/>
					<text control_id="1048" autosize="0" x="435" y="198" right="417" bottom="325" width="108" height="62" custom_class="TX_101_contents" text="12:25" font="Noto Sans CJK KR Medium,31.5,500,0,0,0" fore_color="000A0A0A" transparent="1" version="1.1"/>
					<text control_id="1049" autosize="0" x="435" y="300" right="417" bottom="223" width="108" height="62" custom_class="TX_101_contents" text="12:50" font="Noto Sans CJK KR Medium,31.5,500,0,0,0" fore_color="000A0A0A" transparent="1" version="1.1"/>
					<text control_id="1050" autosize="0" x="435" y="400" right="417" bottom="123" width="108" height="62" custom_class="TX_101_contents" text="13:04" font="Noto Sans CJK KR Medium,31.5,500,0,0,0" fore_color="000A0A0A" transparent="1" version="1.1"/>
					<text control_id="1056" autosize="0" x="435" y="500" right="417" bottom="23" width="108" height="62" custom_class="TX_101_contents" text="13:15" font="Noto Sans CJK KR Medium,31.5,500,0,0,0" fore_color="000A0A0A" transparent="1" version="1.1"/>
					<text control_id="1057" autosize="0" x="630" y="198" right="222" bottom="325" width="108" height="62" custom_class="TX_101_contents" text="15:06" font="Noto Sans CJK KR Medium,31.5,500,0,0,0" fore_color="000A0A0A" transparent="1" version="1.1"/>
					<text control_id="1058" autosize="0" x="630" y="300" right="222" bottom="223" width="108" height="62" custom_class="TX_101_contents" text="15:31" font="Noto Sans CJK KR Medium,31.5,500,0,0,0" fore_color="000A0A0A" transparent="1" version="1.1"/>
					<text control_id="1059" autosize="0" x="630" y="400" right="222" bottom="123" width="108" height="62" custom_class="TX_101_contents" text="18:59" font="Noto Sans CJK KR Medium,31.5,500,0,0,0" fore_color="000A0A0A" transparent="1" version="1.1"/>
					<text control_id="1064" autosize="0" x="630" y="500" right="222" bottom="23" width="108" height="62" custom_class="TX_101_contents" text="15:43" font="Noto Sans CJK KR Medium,31.5,500,0,0,0" fore_color="000A0A0A" transparent="1" version="1.1"/>
				</panel>
				<pushbutton control_id="920" x="180" y="993" right="625" bottom="137" width="275" height="80" style_class="0" custom_class="PB_106_pre" text="이전페이지" font="Noto Sans KR Medium,31.5,500,0,0,0" fore_color="000A0A0A" back_color="00DAD6D2" transparent="1" border="4" border_radius="15" image_normal="/BIZ/103/06/PUB/pre_bt_G_275x80.png" image_down="/BIZ/103/06/PUB/pre_bt_G_275x80_o-1.png" imagesize="2" box_shadow_effect="0" text_margin="58,0,0,0" hover_font="맑은 고딕,9,0,0,0,0" letter_spacing="-2.1px" version="1.1"/>
				<text control_id="889" autosize="0" x="499" y="1003" right="502" bottom="145" width="79" height="62" custom_class="TX_101_contents" text="&lt;font class=&quot;TX_101_subContents&quot; color=&quot;#1674D2&quot;&gt;1 &lt;/font&gt;/ 3" font="Noto Sans KR Medium,31.5,500,0,0,0" transparent="1" version="1.1"/>
				<pushbutton control_id="921" x="625" y="993" right="180" bottom="137" width="275" height="80" style_class="0" custom_class="PB_106_next" text="다음페이지" font="Noto Sans KR Medium,31.5,500,0,0,0" fore_color="000A0A0A" back_color="00DAD6D2" transparent="1" border="4" border_radius="15" image_normal="/BIZ/103/06/PUB/next_bt_W__275x80.png" image_down="/BIZ/103/06/PUB/next_bt_G_275x80_o.png" imagesize="2" box_shadow_effect="0" text_margin="0,57,0,0" hover_font="맑은 고딕,9,0,0,0,0" letter_spacing="-2.1px" version="1.1"/>
			</panel>
		</panel>
	</map>
</map_list>
