﻿<?xml version="1.0" encoding="UTF-8"?>
<map_list>
	<map>
		<screen version="2.0" scriptcode="java" title="메뉴 팝업" directory="/BIZ/102/05/POP/" screenid="102051" last_update_date="2024-10-31 10:44:44" width="900" width_type="0" height="1546" height_type="0" canvas_height="1746" funclist="btn_next_on_mouseup,btn_close_on_click"/>
		<panel control_id="0" semantic_tag="0" x="0" y="0" right="0" bottom="0" width="900" height="1546" custom_class="PN_105_pop" back_image="/BIZ/102/05/PUB/option_pop_bg.png" border="0" border_radius="15" title_font="맑은 고딕,9,0,0,0,0">
			<tab_order order_option="0" order_info="836,808,811,814,817,81,190"/>
			<text control_id="2" autosize="0" x="405" y="12" right="394" bottom="1460" width="101" height="74" text="1 / 2" font="Noto Sans KR Bold,37.5,1,0,0,0" fore_color="00FFFFFF" back_color="003016D2" transparent="1" version="1.1"/>
			<text control_id="4" autosize="0" x="395" y="164" right="189" bottom="1308" width="316" height="74" custom_class="TX_101_contents" text="전주비빔밥 정식" font="Noto Sans KR Medium,37.5,500,0,0,0" fore_color="000A0A0A" back_color="00F6F6F6" transparent="1" letter_spacing="-2.5px" version="1.1"/>
			<text control_id="6" autosize="0" x="395" y="249" right="429" bottom="1235" width="76" height="62" custom_class="TX_101_contents" text="한식" font="Noto Sans KR Medium,31.5,500,0,0,0" fore_color="000A0A0A" back_color="00F6F6F6" transparent="1" letter_spacing="-2.1px" version="1.1"/>
			<text control_id="7" autosize="0" x="395" y="303" right="339" bottom="1181" width="166" height="62" custom_class="TX_101_contents" text="13,000 원" font="Noto Sans KR Medium,31.5,500,0,0,0" fore_color="000A0A0A" back_color="00F6F6F6" transparent="1" letter_spacing="-2.1px" version="1.1"/>
			<text control_id="127" autosize="0" x="121" y="432" right="747" bottom="1032" width="32" height="82" custom_class="TX_101_contents" text="1" font="Noto Sans KR Bold,41.3,1,0,0,0" fore_color="000A0A0A" back_color="00F6F6F6" transparent="1" letter_spacing="-2.75px" version="1.1"/>
			<line control_id="130" x1="170" y1="456" x2="170" y2="498" right="730" bottom="1048"/>
			<text control_id="215" autosize="0" x="195" y="438" right="250" bottom="1034" width="455" height="74" custom_class="TX_101_contents" text="&lt;font class=&quot;TX_105_R&quot; color=&quot;#D21630&quot;&gt;밥 종류&lt;/font&gt;을 선택해주세요" font="Noto Sans KR Medium,37.5,500,0,0,0" fore_color="000A0A0A" back_color="00F6F6F6" transparent="1" letter_spacing="-2.5px" version="1.1"/>
			<pushbutton control_id="81" x="118" y="1323" right="462" bottom="103" width="320" height="120" style_class="0" custom_class="PB_105_close" text="취소" font="Noto Sans KR Medium,33.8,500,0,0,0" fore_color="00F8F8F8" transparent="1" border="4" border_color="00FFFFFF" image_normal="/BIZ/102/05/PUB/bin_bt_BR_320x120.png" image_down="/BIZ/102/05/PUB/bin_bt_R_320x120.png" box_shadow_effect="0" line_height="66" hover_font="Noto Sans CJK KR,34,500,0,0,0" down_color_use="4" down_forecolor="00F8F8F8" down_backcolor="00F1F1F1" down_bordercolor="00FFFFFF" disable_backcolor="00F1F1F1" version="1.1" on_click="eventfunc:btn_close_on_click(objInst)"/>
			<pushbutton control_id="190" name="btn_clo" x="463" y="1323" right="117" bottom="103" width="320" height="120" style_class="0" custom_class="PB_105_turn" text="다음" font="Noto Sans KR Medium,33.8,500,0,0,0" fore_color="00F8F8F8" transparent="1" border="4" border_color="00FFFFFF" image_normal="/BIZ/102/05/PUB/bin_bt_BR_320x120.png" image_down="/BIZ/102/05/PUB/bin_bt_R_320x120.png" box_shadow_effect="0" line_height="66" hover_font="Noto Sans CJK KR,34,500,0,0,0" down_color_use="4" down_forecolor="00F8F8F8" down_backcolor="00F1F1F1" down_bordercolor="00FFFFFF" disable_backcolor="00F1F1F1" version="1.1" on_mouseup="eventfunc:btn_next_on_mouseup(objInst)"/>
			<pushbutton control_id="836" x="96" y="136" right="554" bottom="1160" width="250" height="250" style_class="0" text="" font="맑은 고딕,9,0,0,0,0" transparent="1" border="4" image_normal="/BIZ/102/05/PUB/restaurant_thum1_b.png" hover_font="맑은 고딕,9,0,0,0,0" version="1.1"/>
			<panel control_id="808" semantic_tag="0" x="183" y="561" right="467" bottom="715" width="250" height="270" back_image="/BIZ/102/05/PUB/list_252-280.png" back_imagesize="1" border="0" border_color="00BBC2C7" border_radius="15" vertscrollbar_style="0" horzscrollbar_style="0" boxshadow_type="1" title_font="맑은 고딕,9,0,0,0,0">
				<tab_order order_option="0" order_info="809,810"/>
				<pushbutton control_id="809" x="0" y="0" right="0" bottom="120" width="250" height="150" style_class="0" text="" font="Noto Sans CJK KR,35,1,0,0,0" fore_color="00FFFFFF" transparent="1" border_radius="15,15,0,0" border_ex="0,1,00B4B4B4,,0,0-0-0-0,0,0,1,0,00FFFFFF,00E1E1E1^0,0,00B4B4B4,1^0,0,00B4B4B4,1^1,0,00B4B4B4,1^0,0,00B4B4B4,1" image_normal="/BIZ/102/05/PUB/restaurant_opt1.png" imagesize="1" image_horz_align="1" image_vert_align="1" box_shadow_effect="0" hover_font="Noto Sans CJK KR,35,1,0,0,0" down_color_use="1" down_forecolor="00F8F8F8" version="1.1"/>
				<pushbutton control_id="810" x="0" y="150" right="0" bottom="0" width="250" height="120" style_class="0" custom_class="TX_101_contents PB_101_back PB_105_pop_1" text="백미" font="Noto Sans KR Medium,31.5,500,0,0,0" transparent="1" border_radius="0,0,15,15" border_ex="0,1,00B4B4B4,,0,0-0-0-0,0,0,1,0,00FFFFFF,00E1E1E1^0,0,00B4B4B4,1^0,0,00B4B4B4,1^0,0,00B4B4B4,1^0,0,00B4B4B4,1" box_shadow_effect="0" text_margin="0,0,0,56" hover_font="Noto Sans KR Medium,31.5,500,0,0,0" down_color_use="1" down_backcolor="00DCE4EA" letter_spacing="-2.1px" version="1.1"/>
			</panel>
			<panel control_id="811" semantic_tag="0" x="465" y="561" right="185" bottom="715" width="250" height="270" back_image="/BIZ/102/05/PUB/list_252-280.png" back_imagesize="1" border="0" border_color="00BBC2C7" border_radius="15" vertscrollbar_style="0" horzscrollbar_style="0" boxshadow_type="1" title_font="맑은 고딕,9,0,0,0,0">
				<tab_order order_option="0" order_info="812,813"/>
				<pushbutton control_id="812" x="0" y="0" right="0" bottom="120" width="250" height="150" style_class="0" text="" font="Noto Sans CJK KR,35,1,0,0,0" fore_color="00FFFFFF" transparent="1" border_radius="15,15,0,0" border_ex="0,1,00B4B4B4,,0,0-0-0-0,0,0,1,0,00FFFFFF,00E1E1E1^0,0,00B4B4B4,1^0,0,00B4B4B4,1^1,0,00B4B4B4,1^0,0,00B4B4B4,1" image_normal="/BIZ/102/05/PUB/restaurant_opt2.png" imagesize="1" image_horz_align="1" image_vert_align="1" box_shadow_effect="0" hover_font="Noto Sans CJK KR,35,1,0,0,0" down_color_use="1" down_forecolor="00F8F8F8" version="1.1"/>
				<pushbutton control_id="813" x="0" y="150" right="0" bottom="0" width="250" height="120" style_class="0" custom_class="TX_101_contents PB_101_back PB_105_pop_1" text="현미" font="Noto Sans KR Medium,31.5,500,0,0,0" transparent="1" border_radius="0,0,15,15" border_ex="0,1,00B4B4B4,,0,0-0-0-0,0,0,1,0,00FFFFFF,00E1E1E1^0,0,00B4B4B4,1^0,0,00B4B4B4,1^0,0,00B4B4B4,1^0,0,00B4B4B4,1" box_shadow_effect="0" text_margin="0,0,0,56" hover_font="Noto Sans KR Medium,31.5,500,0,0,0" down_color_use="1" down_backcolor="00DCE4EA" letter_spacing="-2.1px" version="1.1"/>
			</panel>
			<panel control_id="814" semantic_tag="0" x="183" y="871" right="467" bottom="405" width="250" height="270" back_image="/BIZ/102/05/PUB/list_252-280.png" back_imagesize="1" border="0" border_color="00BBC2C7" border_radius="15" vertscrollbar_style="0" horzscrollbar_style="0" boxshadow_type="1" title_font="맑은 고딕,9,0,0,0,0">
				<tab_order order_option="0" order_info="815,816"/>
				<pushbutton control_id="815" x="0" y="0" right="0" bottom="120" width="250" height="150" style_class="0" text="" font="Noto Sans CJK KR,35,1,0,0,0" fore_color="00FFFFFF" transparent="1" border_radius="15,15,0,0" border_ex="0,1,00B4B4B4,,0,0-0-0-0,0,0,1,0,00FFFFFF,00E1E1E1^0,0,00B4B4B4,1^0,0,00B4B4B4,1^1,0,00B4B4B4,1^0,0,00B4B4B4,1" image_normal="/BIZ/102/05/PUB/restaurant_opt3.png" imagesize="1" image_horz_align="1" image_vert_align="1" box_shadow_effect="0" hover_font="Noto Sans CJK KR,35,1,0,0,0" down_color_use="1" down_forecolor="00F8F8F8" version="1.1"/>
				<pushbutton control_id="816" x="0" y="150" right="0" bottom="0" width="250" height="120" style_class="0" custom_class="TX_101_contents PB_101_back PB_105_pop_1" text="흑미" font="Noto Sans KR Medium,31.5,500,0,0,0" transparent="1" border_radius="0,0,15,15" border_ex="0,1,00B4B4B4,,0,0-0-0-0,0,0,1,0,00FFFFFF,00E1E1E1^0,0,00B4B4B4,1^0,0,00B4B4B4,1^0,0,00B4B4B4,1^0,0,00B4B4B4,1" box_shadow_effect="0" text_margin="0,0,0,56" hover_font="Noto Sans KR Medium,31.5,500,0,0,0" down_color_use="1" down_backcolor="00DCE4EA" letter_spacing="-2.1px" version="1.1"/>
			</panel>
			<panel control_id="817" semantic_tag="0" x="465" y="871" right="185" bottom="405" width="250" height="270" back_image="/BIZ/102/05/PUB/list_252-280.png" back_imagesize="1" border="0" border_color="00BBC2C7" border_radius="15" vertscrollbar_style="0" horzscrollbar_style="0" boxshadow_type="1" title_font="맑은 고딕,9,0,0,0,0">
				<tab_order order_option="0" order_info="818,819"/>
				<pushbutton control_id="818" x="0" y="0" right="0" bottom="120" width="250" height="150" style_class="0" text="" font="Noto Sans CJK KR,35,1,0,0,0" fore_color="00FFFFFF" transparent="1" border_radius="15,15,0,0" border_ex="0,1,00B4B4B4,,0,0-0-0-0,0,0,1,0,00FFFFFF,00E1E1E1^0,0,00B4B4B4,1^0,0,00B4B4B4,1^1,0,00B4B4B4,1^0,0,00B4B4B4,1" image_normal="/BIZ/102/05/PUB/restaurant_opt4.png" imagesize="1" image_horz_align="1" image_vert_align="1" box_shadow_effect="0" hover_font="Noto Sans CJK KR,35,1,0,0,0" down_color_use="1" down_forecolor="00F8F8F8" version="1.1"/>
				<pushbutton control_id="819" x="0" y="150" right="0" bottom="0" width="250" height="120" style_class="0" custom_class="TX_101_contents PB_101_back PB_105_pop_1" text="잡곡" font="Noto Sans KR Medium,31.5,500,0,0,0" transparent="1" border_radius="0,0,15,15" border_ex="0,1,00B4B4B4,,0,0-0-0-0,0,0,1,0,00FFFFFF,00E1E1E1^0,0,00B4B4B4,1^0,0,00B4B4B4,1^0,0,00B4B4B4,1^0,0,00B4B4B4,1" box_shadow_effect="0" text_margin="0,0,0,56" hover_font="Noto Sans KR Medium,31.5,500,0,0,0" down_color_use="1" down_backcolor="00DCE4EA" letter_spacing="-2.1px" version="1.1"/>
			</panel>
		</panel>
	</map>
</map_list>
