﻿<?xml version="1.0" encoding="UTF-8"?>
<map_list>
	<map>
		<screen version="2.0" scriptcode="java" title="[저]음식점_메뉴팝업" directory="/BIZ/102/05LP/POP/" screenid="102051" last_update_date="2024-10-31 11:10:25" width="1080" width_type="0" height="1920" height_type="0" canvas_height="2120" on_load="eventfunc:screen_on_load()" funclist="screen_on_load"/>
		<panel control_id="0" semantic_tag="0" x="0" y="0" right="180" bottom="885" width="900" height="1035" custom_class="PN_105_pop" back_image="/BIZ/102/05/PUB/option_pop_bg_LP.png" border="0" border_radius="15" title_font="맑은 고딕,9,0,0,0,0">
			<tab_order order_option="0" order_info="836,817,895,898,901,81,190"/>
			<text control_id="2" autosize="0" x="405" y="8" right="394" bottom="953" width="101" height="74" text="1 / 1" font="Noto Sans KR Bold,37.5,1,0,0,0" fore_color="00FFFFFF" back_color="003016D2" transparent="1" version="1.1"/>
			<text control_id="4" autosize="0" x="307" y="128" right="277" bottom="833" width="316" height="74" custom_class="TX_101_contents" text="전주비빔밥 정식" font="Noto Sans KR Medium,37.5,500,0,0,0" fore_color="000A0A0A" back_color="00F6F6F6" transparent="1" letter_spacing="-2.5px" version="1.1"/>
			<text control_id="6" autosize="0" x="310" y="197" right="514" bottom="776" width="76" height="62" custom_class="TX_101_contents" text="한식" font="Noto Sans KR Medium,31.5,500,0,0,0" fore_color="000A0A0A" back_color="00F6F6F6" transparent="1" letter_spacing="-2.1px" version="1.1"/>
			<text control_id="7" autosize="0" x="310" y="251" right="424" bottom="722" width="166" height="62" custom_class="TX_101_contents" text="13,000 원" font="Noto Sans KR Medium,31.5,500,0,0,0" fore_color="000A0A0A" back_color="00F6F6F6" transparent="1" letter_spacing="-2.1px" version="1.1"/>
			<text control_id="127" autosize="0" x="77" y="334" right="791" bottom="619" width="32" height="82" custom_class="TX_101_contents" text="1" font="Noto Sans KR Bold,41.3,1,0,0,0" fore_color="000A0A0A" back_color="00F6F6F6" transparent="1" letter_spacing="-2.75px" version="1.1"/>
			<line control_id="130" x1="126" y1="358" x2="126" y2="400" right="774" bottom="635"/>
			<text control_id="215" autosize="0" x="151" y="346" right="294" bottom="615" width="455" height="74" custom_class="TX_101_contents" text="&lt;font class=&quot;TX_105_R&quot; color=&quot;#D21630&quot;&gt;밥 종류&lt;/font&gt;을 선택해주세요" font="Noto Sans KR Medium,33.8,500,0,0,0" fore_color="000A0A0A" back_color="00F6F6F6" transparent="1" letter_spacing="-2.5px" version="1.1"/>
			<pushbutton control_id="836" x="83" y="144" right="657" bottom="731" width="160" height="160" style_class="0" text="" font="맑은 고딕,9,0,0,0,0" transparent="1" border="4" image_normal="/BIZ/102/05/PUB/restaurant_thum1_b.png" imagesize="1" hover_font="맑은 고딕,9,0,0,0,0" version="1.1"/>
			<panel control_id="817" semantic_tag="0" x="58" y="465" right="462" bottom="411" width="380" height="159" back_image="/BIZ/102/05/PUB/list_252-280_lp.png" back_imagesize="1" border="0" border_color="00BBC2C7" border_radius="15" vertscrollbar_style="0" horzscrollbar_style="0" boxshadow_type="1" title_font="맑은 고딕,9,0,0,0,0">
				<tab_order order_option="0" order_info="818,819"/>
				<pushbutton control_id="818" x="0" y="0" right="224" bottom="0" width="156" height="159" style_class="0" text="" font="Noto Sans CJK KR,35,1,0,0,0" fore_color="00FFFFFF" transparent="1" border_radius="15,0,0,15" border_ex="0,1,00B4B4B4,,0,0-0-0-0,0,0,1,0,00FFFFFF,00E1E1E1^0,0,00B4B4B4,1^1,0,00B4B4B4,1^0,0,00B4B4B4,1^0,0,00B4B4B4,1" image_normal="/BIZ/102/05/PUB/restaurant_opt1_lp.png" imagesize="1" image_horz_align="1" image_vert_align="1" box_shadow_effect="0" hover_font="Noto Sans CJK KR,35,1,0,0,0" down_color_use="1" down_forecolor="00F8F8F8" version="1.1"/>
				<pushbutton control_id="819" x="156" y="0" right="0" bottom="0" width="224" height="159" style_class="0" custom_class="TX_101_contents PB_101_back PB_105_pop_1" text="백미" font="Noto Sans KR Medium,31.5,500,0,0,0" transparent="1" border_radius="0,15,15,0" border_ex="0,1,00B4B4B4,,0,0-0-0-0,0,0,1,0,00FFFFFF,00E1E1E1^0,0,00B4B4B4,1^0,0,00B4B4B4,1^0,0,00B4B4B4,1^1,0,00B4B4B4,1" box_shadow_effect="0" text_margin="0,0,0,71" hover_font="Noto Sans KR Medium,31.5,500,0,0,0" down_color_use="1" down_backcolor="00DCE4EA" letter_spacing="-2.1px" version="1.1"/>
			</panel>
			<panel control_id="895" semantic_tag="0" x="462" y="465" right="58" bottom="411" width="380" height="159" back_image="/BIZ/102/05/PUB/list_252-280_lp.png" back_imagesize="1" border="0" border_color="00BBC2C7" border_radius="15" vertscrollbar_style="0" horzscrollbar_style="0" boxshadow_type="1" title_font="맑은 고딕,9,0,0,0,0">
				<tab_order order_option="0" order_info="896,897"/>
				<pushbutton control_id="896" x="0" y="0" right="224" bottom="0" width="156" height="159" style_class="0" text="" font="Noto Sans CJK KR,35,1,0,0,0" fore_color="00FFFFFF" transparent="1" border_radius="15,0,0,15" border_ex="0,1,00B4B4B4,,0,0-0-0-0,0,0,1,0,00FFFFFF,00E1E1E1^0,0,00B4B4B4,1^1,0,00B4B4B4,1^0,0,00B4B4B4,1^0,0,00B4B4B4,1" image_normal="/BIZ/102/05/PUB/restaurant_opt2_lp.png" imagesize="1" image_horz_align="1" image_vert_align="1" box_shadow_effect="0" hover_font="Noto Sans CJK KR,35,1,0,0,0" down_color_use="1" down_forecolor="00F8F8F8" version="1.1"/>
				<pushbutton control_id="897" x="156" y="0" right="0" bottom="0" width="224" height="159" style_class="0" custom_class="TX_101_contents PB_101_back PB_105_pop_1" text="현미" font="Noto Sans KR Medium,31.5,500,0,0,0" transparent="1" border_radius="0,15,15,0" border_ex="0,1,00B4B4B4,,0,0-0-0-0,0,0,1,0,00FFFFFF,00E1E1E1^0,0,00B4B4B4,1^0,0,00B4B4B4,1^0,0,00B4B4B4,1^1,0,00B4B4B4,1" box_shadow_effect="0" text_margin="0,0,0,71" hover_font="Noto Sans KR Medium,31.5,500,0,0,0" down_color_use="1" down_backcolor="00DCE4EA" letter_spacing="-2.1px" version="1.1"/>
			</panel>
			<panel control_id="898" semantic_tag="0" x="58" y="644" right="462" bottom="232" width="380" height="159" back_image="/BIZ/102/05/PUB/list_252-280_lp.png" back_imagesize="1" border="0" border_color="00BBC2C7" border_radius="15" vertscrollbar_style="0" horzscrollbar_style="0" boxshadow_type="1" title_font="맑은 고딕,9,0,0,0,0">
				<tab_order order_option="0" order_info="899,900"/>
				<pushbutton control_id="899" x="0" y="0" right="224" bottom="0" width="156" height="159" style_class="0" text="" font="Noto Sans CJK KR,35,1,0,0,0" fore_color="00FFFFFF" transparent="1" border_radius="15,0,0,15" border_ex="0,1,00B4B4B4,,0,0-0-0-0,0,0,1,0,00FFFFFF,00E1E1E1^0,0,00B4B4B4,1^1,0,00B4B4B4,1^0,0,00B4B4B4,1^0,0,00B4B4B4,1" image_normal="/BIZ/102/05/PUB/restaurant_opt3_lp.png" imagesize="1" image_horz_align="1" image_vert_align="1" box_shadow_effect="0" hover_font="Noto Sans CJK KR,35,1,0,0,0" down_color_use="1" down_forecolor="00F8F8F8" version="1.1"/>
				<pushbutton control_id="900" x="156" y="0" right="0" bottom="0" width="224" height="159" style_class="0" custom_class="TX_101_contents PB_101_back PB_105_pop_1" text="흑미" font="Noto Sans KR Medium,31.5,500,0,0,0" transparent="1" border_radius="0,15,15,0" border_ex="0,1,00B4B4B4,,0,0-0-0-0,0,0,1,0,00FFFFFF,00E1E1E1^0,0,00B4B4B4,1^0,0,00B4B4B4,1^0,0,00B4B4B4,1^1,0,00B4B4B4,1" box_shadow_effect="0" text_margin="0,0,0,71" hover_font="Noto Sans KR Medium,31.5,500,0,0,0" down_color_use="1" down_backcolor="00DCE4EA" letter_spacing="-2.1px" version="1.1"/>
			</panel>
			<panel control_id="901" semantic_tag="0" x="462" y="644" right="58" bottom="232" width="380" height="159" back_image="/BIZ/102/05/PUB/list_252-280_lp.png" back_imagesize="1" border="0" border_color="00BBC2C7" border_radius="15" vertscrollbar_style="0" horzscrollbar_style="0" boxshadow_type="1" title_font="맑은 고딕,9,0,0,0,0">
				<tab_order order_option="0" order_info="902,903"/>
				<pushbutton control_id="902" x="0" y="0" right="224" bottom="0" width="156" height="159" style_class="0" text="" font="Noto Sans CJK KR,35,1,0,0,0" fore_color="00FFFFFF" transparent="1" border_radius="15,0,0,15" border_ex="0,1,00B4B4B4,,0,0-0-0-0,0,0,1,0,00FFFFFF,00E1E1E1^0,0,00B4B4B4,1^1,0,00B4B4B4,1^0,0,00B4B4B4,1^0,0,00B4B4B4,1" image_normal="/BIZ/102/05/PUB/restaurant_opt4_lp.png" imagesize="1" image_horz_align="1" image_vert_align="1" box_shadow_effect="0" hover_font="Noto Sans CJK KR,35,1,0,0,0" down_color_use="1" down_forecolor="00F8F8F8" version="1.1"/>
				<pushbutton control_id="903" x="156" y="0" right="0" bottom="0" width="224" height="159" style_class="0" custom_class="TX_101_contents PB_101_back PB_105_pop_1" text="잡곡" font="Noto Sans KR Medium,31.5,500,0,0,0" transparent="1" border_radius="0,15,15,0" border_ex="0,1,00B4B4B4,,0,0-0-0-0,0,0,1,0,00FFFFFF,00E1E1E1^0,0,00B4B4B4,1^0,0,00B4B4B4,1^0,0,00B4B4B4,1^1,0,00B4B4B4,1" box_shadow_effect="0" text_margin="0,0,0,71" hover_font="Noto Sans KR Medium,31.5,500,0,0,0" down_color_use="1" down_backcolor="00DCE4EA" letter_spacing="-2.1px" version="1.1"/>
			</panel>
			<pushbutton control_id="81" x="118" y="872" right="462" bottom="43" width="320" height="120" style_class="0" custom_class="PB_105_close" text="취소" font="Noto Sans KR Medium,33.8,500,0,0,0" fore_color="00F8F8F8" transparent="1" border="4" border_color="00FFFFFF" image_normal="/BIZ/102/05/PUB/bin_bt_BR_320x120.png" image_down="/BIZ/102/05/PUB/bin_bt_R_320x120.png" box_shadow_effect="0" line_height="66" hover_font="Noto Sans CJK KR,34,500,0,0,0" down_color_use="4" down_forecolor="00F8F8F8" down_backcolor="00F1F1F1" down_bordercolor="00FFFFFF" disable_backcolor="00F1F1F1" version="1.1" on_click="eventfunc:btn_close_on_click(objInst)"/>
			<pushbutton control_id="190" name="btn_clo" x="463" y="872" right="117" bottom="43" width="320" height="120" style_class="0" custom_class="PB_105_turn" text="다음" font="Noto Sans KR Medium,33.8,500,0,0,0" fore_color="00F8F8F8" transparent="1" border="4" border_color="00FFFFFF" image_normal="/BIZ/102/05/PUB/bin_bt_BR_320x120.png" image_down="/BIZ/102/05/PUB/bin_bt_R_320x120.png" box_shadow_effect="0" line_height="66" hover_font="Noto Sans CJK KR,34,500,0,0,0" down_color_use="4" down_forecolor="00F8F8F8" down_backcolor="00F1F1F1" down_bordercolor="00FFFFFF" disable_backcolor="00F1F1F1" version="1.1"/>
		</panel>
	</map>
</map_list>
