﻿<?xml version="1.0" encoding="UTF-8"?>
<map_list>
	<map>
		<screen version="2.0" scriptcode="java" title="버튼" directory="/BIZ/101/03/PUB/" screenid="10301" last_update_date="2024-10-16 14:35:31" width="4800" width_type="0" height="1920" height_type="0" canvas_width="5000" canvas_height="2120" back_color="00F6F6F6" funclist=""/>
		<tab_order order_option="0" order_info="46,48,49,28,1248,1238,1240,1241,1242,1243,29,30,1244,1245,1246,1247,1239,31,50,51,52,32,261,246,247,250,251,265,17,248,249,252,253,18,1227,1228,1229,1230,1221,1222"/>
		<pushbutton control_id="28" x="165" y="129" right="3707" bottom="1717" width="928" height="74" style_class="0" text="" font="맑은 고딕,9,0,0,0,0" back_color="00F6F6F6" transparent="1" border="4" image_normal="/BIZ/101/01/PUB/comn_5step_B_bar_1.png" hover_font="맑은 고딕,9,0,0,0,0" version="1.1"/>
		<pushbutton control_id="29" x="165" y="224" right="3707" bottom="1622" width="928" height="74" style_class="0" text="" font="맑은 고딕,9,0,0,0,0" back_color="00F6F6F6" transparent="1" border="4" image_normal="/BIZ/101/01/PUB/comn_5step_B_bar_2.png" hover_font="맑은 고딕,9,0,0,0,0" version="1.1"/>
		<pushbutton control_id="30" x="165" y="320" right="3707" bottom="1526" width="928" height="74" style_class="0" text="" font="맑은 고딕,9,0,0,0,0" back_color="00F6F6F6" transparent="1" border="4" image_normal="/BIZ/101/01/PUB/comn_5step_B_bar_3.png" hover_font="맑은 고딕,9,0,0,0,0" version="1.1"/>
		<pushbutton control_id="31" x="165" y="415" right="3707" bottom="1431" width="928" height="74" style_class="0" text="" font="맑은 고딕,9,0,0,0,0" back_color="00F6F6F6" transparent="1" border="4" image_normal="/BIZ/101/01/PUB/comn_5step_B_bar_4.png" hover_font="맑은 고딕,9,0,0,0,0" version="1.1"/>
		<pushbutton control_id="32" x="165" y="518" right="3707" bottom="1328" width="928" height="74" style_class="0" text="" font="맑은 고딕,9,0,0,0,0" back_color="00F6F6F6" transparent="1" border="4" image_normal="/BIZ/101/01/PUB/comn_5step_B_bar_5.png" hover_font="맑은 고딕,9,0,0,0,0" version="1.1"/>
		<pushbutton control_id="246" x="174" y="855" right="4326" bottom="645" width="300" height="420" style_class="0" text="" font="Noto Sans KR Medium,31.5,500,0,0,0" transparent="1" border="4" border_radius="15" image_normal="/BIZ/101/03/PUB/photo_bt_type1.png" vert_align="2" hover_font="맑은 고딕,9,0,0,0,0" letter_spacing="-2.1px" version="1.1"/>
		<pushbutton control_id="247" x="535" y="855" right="3965" bottom="645" width="300" height="420" style_class="0" text="" font="Noto Sans KR Medium,31.5,500,0,0,0" transparent="1" border="4" border_radius="15" image_normal="/BIZ/101/03/PUB/photo_bt_type_o.png" vert_align="2" hover_font="맑은 고딕,9,0,0,0,0" letter_spacing="-2.1px" version="1.1"/>
		<pushbutton control_id="248" x="174" y="1335" right="4326" bottom="165" width="300" height="420" style_class="0" text="" font="Noto Sans KR Medium,31.5,500,0,0,0" transparent="1" border="4" border_radius="15" image_normal="/BIZ/101/03/PUB/photo_bt_type_3.png" vert_align="2" hover_font="맑은 고딕,9,0,0,0,0" letter_spacing="-2.1px" version="1.1"/>
		<pushbutton control_id="249" x="535" y="1335" right="3965" bottom="165" width="300" height="420" style_class="0" text="" font="Noto Sans KR Medium,31.5,500,0,0,0" transparent="1" border="4" border_radius="15" image_normal="/BIZ/101/03/PUB/photo_bt_type_4.png" vert_align="2" hover_font="맑은 고딕,9,0,0,0,0" letter_spacing="-2.1px" version="1.1"/>
		<pushbutton control_id="250" x="1033" y="855" right="3467" bottom="645" width="300" height="420" style_class="0" text="" font="Noto Sans KR Medium,31.5,500,0,0,0" transparent="1" border="4" border_radius="15" image_normal="/BIZ/101/03/PUB/photo_bt_type1-1.png" vert_align="2" hover_font="맑은 고딕,9,0,0,0,0" letter_spacing="-2.1px" version="1.1"/>
		<pushbutton control_id="251" x="1394" y="855" right="3106" bottom="645" width="300" height="420" style_class="0" text="" font="Noto Sans KR Medium,31.5,500,0,0,0" transparent="1" border="4" border_radius="15" image_normal="/BIZ/101/03/PUB/photo_bt_type_o-1.png" vert_align="2" hover_font="맑은 고딕,9,0,0,0,0" letter_spacing="-2.1px" version="1.1"/>
		<pushbutton control_id="252" x="1033" y="1335" right="3467" bottom="165" width="300" height="420" style_class="0" text="" font="Noto Sans KR Medium,31.5,500,0,0,0" transparent="1" border="4" border_radius="15" image_normal="/BIZ/101/03/PUB/photo_bt_type_3-1.png" vert_align="2" hover_font="맑은 고딕,9,0,0,0,0" letter_spacing="-2.1px" version="1.1"/>
		<pushbutton control_id="253" x="1394" y="1335" right="3106" bottom="165" width="300" height="420" style_class="0" text="" font="Noto Sans KR Medium,31.5,500,0,0,0" transparent="1" border="4" border_radius="15" image_normal="/BIZ/101/03/PUB/photo_bt_type_4-1.png" vert_align="2" hover_font="맑은 고딕,9,0,0,0,0" letter_spacing="-2.1px" version="1.1"/>
		<pushbutton control_id="46" x="1461" y="113" right="3054" bottom="1527" width="285" height="280" text="" font="맑은 고딕,9,0,0,0,0" back_color="00F6F6F6" border="4" image_normal="/BIZ/101/02/PUB/pay_card_bt_285x280.png" hover_font="맑은 고딕,9,0,0,0,0" version="1.1"/>
		<pushbutton control_id="48" x="1758" y="113" right="2757" bottom="1527" width="285" height="280" text="" font="맑은 고딕,9,0,0,0,0" back_color="00F6F6F6" border="4" image_normal="/BIZ/101/02/PUB/pay_pay_bt_285x280.png" hover_font="맑은 고딕,9,0,0,0,0" version="1.1"/>
		<pushbutton control_id="49" x="2055" y="113" right="2460" bottom="1527" width="285" height="280" text="" font="맑은 고딕,9,0,0,0,0" back_color="00F6F6F6" border="4" image_normal="/BIZ/101/02/PUB/pay_cash_bt_285x280.png" hover_font="맑은 고딕,9,0,0,0,0" version="1.1"/>
		<pushbutton control_id="50" x="1461" y="434" right="3054" bottom="1206" width="285" height="280" text="" font="맑은 고딕,9,0,0,0,0" back_color="00F6F6F6" border="4" image_normal="/BIZ/101/02/PUB/pay_card_bt_285x280_o.png" hover_font="맑은 고딕,9,0,0,0,0" version="1.1"/>
		<pushbutton control_id="51" x="1758" y="434" right="2757" bottom="1206" width="285" height="280" text="" font="맑은 고딕,9,0,0,0,0" back_color="00F6F6F6" border="4" image_normal="/BIZ/101/02/PUB/pay_pay_bt_285x280_o.png" hover_font="맑은 고딕,9,0,0,0,0" version="1.1"/>
		<pushbutton control_id="52" x="2055" y="434" right="2460" bottom="1206" width="285" height="280" text="" font="맑은 고딕,9,0,0,0,0" back_color="00F6F6F6" border="4" image_normal="/BIZ/101/02/PUB/pay_card_bt_285x280_o.png" hover_font="맑은 고딕,9,0,0,0,0" version="1.1"/>
		<panel control_id="261" semantic_tag="0" x="1963" y="847" right="2414" bottom="961" width="423" height="112" transparent="1" back_image="/BIZ/101/03/PUB/num_box_424x112.png" border="0" border_radius="14" vertscrollbar_style="0" horzscrollbar_style="0" title_font="맑은 고딕,9,0,0,0,0">
			<tab_order order_option="0" order_info="141,143"/>
			<pushbutton control_id="141" x="5" y="5" right="313" bottom="4" width="105" height="103" style_class="0" text="" font="Noto Sans CJK KR,35,1,0,0,0" fore_color="00FFFFFF" border="4" image_normal="/BIZ/101/03/PUB/minus_bt_105x103.png" box_shadow_effect="0" hover_font="Noto Sans CJK KR,35,1,0,0,0" down_color_use="1" down_forecolor="00F8F8F8" version="1.1"/>
			<pushbutton control_id="143" x="312" y="5" right="6" bottom="4" width="105" height="103" style_class="0" text="" font="Noto Sans CJK KR,35,1,0,0,0" fore_color="00FFFFFF" border="4" image_normal="/BIZ/101/03/PUB/plus_bt_105x103.png" box_shadow_effect="0" hover_font="Noto Sans CJK KR,35,1,0,0,0" down_color_use="1" down_forecolor="00F8F8F8" version="1.1"/>
		</panel>
		<panel control_id="265" semantic_tag="0" x="1962" y="986" right="2415" bottom="822" width="423" height="112" transparent="1" back_image="/BIZ/101/03/PUB/num_box_424x112.png" border="0" border_radius="14" vertscrollbar_style="0" horzscrollbar_style="0" title_font="맑은 고딕,9,0,0,0,0">
			<tab_order order_option="0" order_info="266,267"/>
			<pushbutton control_id="266" x="5" y="5" right="313" bottom="4" width="105" height="103" style_class="0" text="" font="Noto Sans CJK KR,35,1,0,0,0" fore_color="00FFFFFF" border="4" image_normal="/BIZ/101/03/PUB/minus_bt_105x103_o.png" box_shadow_effect="0" hover_font="Noto Sans CJK KR,35,1,0,0,0" down_color_use="1" down_forecolor="00F8F8F8" version="1.1"/>
			<pushbutton control_id="267" x="312" y="5" right="6" bottom="4" width="105" height="103" style_class="0" text="" font="Noto Sans CJK KR,35,1,0,0,0" fore_color="00FFFFFF" border="4" image_normal="/BIZ/101/03/PUB/plus_bt_105x103_o.png" box_shadow_effect="0" hover_font="Noto Sans CJK KR,35,1,0,0,0" down_color_use="1" down_forecolor="00F8F8F8" version="1.1"/>
		</panel>
		<pushbutton control_id="17" x="1966" y="1187" right="2234" bottom="608" width="600" height="125" style_class="0" text="" font="맑은 고딕,9,0,0,0,0" border="4" border_radius="15" image_normal="/BIZ/101/03/PUB/bin_bt_B_600x125.png" hover_font="맑은 고딕,9,0,0,0,0" version="1.1"/>
		<pushbutton control_id="18" x="1966" y="1337" right="2234" bottom="458" width="600" height="125" style_class="0" text="" font="맑은 고딕,9,0,0,0,0" border="4" border_radius="15" image_normal="/BIZ/101/03/PUB/bin_bt_B_600x125_o.png" hover_font="맑은 고딕,9,0,0,0,0" version="1.1"/>
		<pushbutton control_id="1221" x="1966" y="1565" right="2659" bottom="285" width="175" height="70" style_class="0" text="" font="Noto Sans KR Bold,31.5,1,0,0,0" fore_color="000A0A0A" transparent="1" border="4" border_radius="0,0,0,0" image_normal="/BIZ/101/03/PUB/bin_Wline_bt_175x70.png" box_shadow_effect="0" line_height="90" hover_font="맑은 고딕,9,0,0,0,0" letter_spacing="-2.1px" version="1.1"/>
		<pushbutton control_id="1222" x="1966" y="1668" right="2659" bottom="182" width="175" height="70" style_class="0" text="" font="Noto Sans KR Bold,31.5,1,0,0,0" fore_color="000A0A0A" transparent="1" border="4" border_radius="0,0,0,0" image_normal="/BIZ/101/03/PUB/bin_Wline_bt_175x70_o.png" box_shadow_effect="0" line_height="90" hover_font="맑은 고딕,9,0,0,0,0" letter_spacing="-2.1px" version="1.1"/>
		<pushbutton control_id="1227" x="2362" y="1546" right="2338" bottom="174" width="100" height="200" style_class="0" text="" font="Noto Sans KR Medium,31.5,500,0,0,0" fore_color="000A0A0A" transparent="1" border="4" border_radius="0,0,0,0" image_normal="/BIZ/101/03/PUB/pre_bt_G_100200.png" box_shadow_effect="0" vert_align="2" line_height="62" text_margin="0,0,0,32" hover_font="맑은 고딕,9,0,0,0,0" version="1.1"/>
		<pushbutton control_id="1228" x="2489" y="1546" right="2211" bottom="174" width="100" height="200" style_class="0" text="" font="Noto Sans KR Medium,31.5,500,0,0,0" fore_color="000A0A0A" transparent="1" border="4" border_radius="0,0,0,0" image_normal="/BIZ/101/03/PUB/pre_bt_G_100200-2.png" box_shadow_effect="0" vert_align="2" line_height="62" text_margin="0,0,0,32" hover_font="맑은 고딕,9,0,0,0,0" version="1.1"/>
		<pushbutton control_id="1229" x="2751" y="1546" right="1949" bottom="174" width="100" height="200" style_class="0" text="" font="Noto Sans KR Medium,31.5,500,0,0,0" fore_color="000A0A0A" transparent="1" border="4" border_radius="0,0,0,0" image_normal="/BIZ/101/03/PUB/pre_bt_G_100200-1.png" box_shadow_effect="0" vert_align="2" line_height="62" text_margin="0,0,0,32" hover_font="맑은 고딕,9,0,0,0,0" version="1.1"/>
		<pushbutton control_id="1230" x="2878" y="1546" right="1822" bottom="174" width="100" height="200" style_class="0" text="" font="Noto Sans KR Medium,31.5,500,0,0,0" fore_color="000A0A0A" transparent="1" border="4" border_radius="0,0,0,0" image_normal="/BIZ/101/03/PUB/pre_bt_G_100200-3.png" box_shadow_effect="0" vert_align="2" line_height="62" text_margin="0,0,0,32" hover_font="맑은 고딕,9,0,0,0,0" version="1.1"/>
		<image control_id="1231" autosize="0" x="2680" y="1206" right="2026" bottom="627" width="94" height="87" transparent="0" border="0" padding="0,0,0,0" image="/BIZ/101/03/PUB/photo_frame_type1.png" imagesize="1" image_width="94" image_height="87"/>
		<image control_id="1232" autosize="0" x="2791" y="1206" right="1915" bottom="627" width="94" height="87" transparent="0" border="0" padding="0,0,0,0" image="/BIZ/101/03/PUB/photo_frame_type1-1.png" imagesize="1" image_width="94" image_height="87"/>
		<imagebox control_id="1196" x="2927" y="557" right="1703" bottom="783" width="170" height="580" transparent="1" border="0" padding="0,0,0,0" image="/BIZ/101/03/PUB/photo_img_type1-2.png" imagesize="1" image_width="170" image_height="580"/>
		<imagebox control_id="1233" x="3173" y="557" right="1457" bottom="783" width="170" height="580" transparent="1" border="0" padding="0,0,0,0" image="/BIZ/101/03/PUB/photo_img_type1-3.png" imagesize="1" image_width="170" image_height="580"/>
		<imagebox control_id="1234" x="2680" y="557" right="1950" bottom="840" width="170" height="523" transparent="1" border="1" padding="0,0,0,0" image="/BIZ/101/03/PUB/photo_img_type1.png" imagesize="1" image_width="170" image_height="520"/>
		<imagebox control_id="1235" x="3701" y="773" right="709" bottom="774" width="390" height="373" transparent="1" border="0" padding="0,0,0,0" image="/BIZ/101/03/PUB/photo_print_img.png" image_width="390" image_height="374"/>
		<imagebox control_id="1236" x="3539" y="1335" right="541" bottom="335" width="720" height="250" transparent="1" border="0" padding="0,0,0,0" image="/BIZ/101/03/PUB/logo_photo_grey.png" image_width="720" image_height="250"/>
		<pushbutton control_id="1238" x="3539" y="153" right="1059" bottom="1592" width="202" height="175" text="" font="맑은 고딕,9,0,0,0,0" border="4" image_normal="/BIZ/101/03/PUB/bin_Wline_bt_202175.png" hover_font="맑은 고딕,9,0,0,0,0" version="1.1"/>
		<pushbutton control_id="1239" x="3539" y="346" right="1059" bottom="1399" width="202" height="175" text="" font="맑은 고딕,9,0,0,0,0" border="4" image_normal="/BIZ/101/03/PUB/bin_Wline_bt_202175_o.png" hover_font="맑은 고딕,9,0,0,0,0" version="1.1"/>
		<pushbutton control_id="1240" x="3796" y="156" right="804" bottom="1594" width="200" height="170" style_class="0" text="" font="맑은 고딕,9,0,0,0,0" transparent="1" border="4" image_normal="/BIZ/101/03/PUB/photo_sample1.png" hover_font="맑은 고딕,9,0,0,0,0" version="1.1"/>
		<pushbutton control_id="1241" x="4016" y="156" right="584" bottom="1594" width="200" height="170" style_class="0" text="" font="맑은 고딕,9,0,0,0,0" transparent="1" border="4" image_normal="/BIZ/101/03/PUB/photo_sample2.png" hover_font="맑은 고딕,9,0,0,0,0" version="1.1"/>
		<pushbutton control_id="1242" x="4236" y="156" right="364" bottom="1594" width="200" height="170" style_class="0" text="" font="맑은 고딕,9,0,0,0,0" transparent="1" border="4" image_normal="/BIZ/101/03/PUB/photo_sample3.png" hover_font="맑은 고딕,9,0,0,0,0" version="1.1"/>
		<pushbutton control_id="1243" x="4456" y="156" right="144" bottom="1594" width="200" height="170" style_class="0" text="" font="맑은 고딕,9,0,0,0,0" transparent="1" border="4" image_normal="/BIZ/101/03/PUB/photo_sample4.png" hover_font="맑은 고딕,9,0,0,0,0" version="1.1"/>
		<pushbutton control_id="1244" x="3796" y="342" right="804" bottom="1408" width="200" height="170" style_class="0" text="" font="맑은 고딕,9,0,0,0,0" transparent="1" border="4" image_normal="/BIZ/101/03/PUB/photo_sample5.png" hover_font="맑은 고딕,9,0,0,0,0" version="1.1"/>
		<pushbutton control_id="1245" x="4016" y="342" right="584" bottom="1408" width="200" height="170" style_class="0" text="" font="맑은 고딕,9,0,0,0,0" transparent="1" border="4" image_normal="/BIZ/101/03/PUB/photo_sample6.png" hover_font="맑은 고딕,9,0,0,0,0" version="1.1"/>
		<pushbutton control_id="1246" x="4236" y="342" right="364" bottom="1408" width="200" height="170" style_class="0" text="" font="맑은 고딕,9,0,0,0,0" transparent="1" border="4" image_normal="/BIZ/101/03/PUB/photo_sample7.png" hover_font="맑은 고딕,9,0,0,0,0" version="1.1"/>
		<pushbutton control_id="1247" x="4456" y="342" right="144" bottom="1408" width="200" height="170" style_class="0" text="" font="맑은 고딕,9,0,0,0,0" transparent="1" border="4" image_normal="/BIZ/101/03/PUB/photo_sample8.png" hover_font="맑은 고딕,9,0,0,0,0" version="1.1"/>
		<pushbutton control_id="1248" x="2694" y="153" right="1739" bottom="1517" width="367" height="250" style_class="0" text="" font="맑은 고딕,9,0,0,0,0" transparent="1" border="4" image_normal="/BIZ/101/03/PUB/photo_img.png" imagesize="1" hover_font="맑은 고딕,9,0,0,0,0" version="1.1"/>
	</map>
</map_list>
