﻿<?xml version="1.0" encoding="UTF-8"?>
<map_list>
	<map>
		<screen version="2.0" scriptcode="java" title="[저]음료옵션선택 팝업(온도/컵크기)" directory="/BIZ/102/04LP/POP/" screenid="102041" last_update_date="2025-01-20 13:03:41" width="900" width_type="0" height="1035" height_type="0" canvas_height="2120" on_load="eventfunc:screen_on_load()" funclist="screen_on_load,btn_clo_on_mouseup,btn_Next_on_mouseup,btn_order_on_mouseup"/>
		<xlinkdataset id="DS_ORDER" desc="" columns="menuName:::&quot;&#x0A;&quot;:;cost:::&quot;&#x0A;&quot;:;url:::&quot;&#x0A;&quot;:;Tem:::&quot;&#x0A;&quot;:;Size:::&quot;&#x0A;&quot;:"/>
		<panel control_id="0" semantic_tag="0" x="0" y="0" right="0" bottom="0" width="900" height="1035" custom_class="PN_104_popBack" back_color="00F2F2F2" transparent="1" border_radius="15" border_ex="0,1,00B4B4B4,,0,0-0-0-0,0,0,1,0,00FFFFFF,00E1E1E1^1,0,00B4B4B4,1^1,1,00FFFFFF,1^1,0,00B4B4B4,1^1,1,00FFFFFF,1" vertscrollbar_style="0" horzscrollbar_style="0" panel_width="910" title_font="맑은 고딕,9,0,0,0,0">
			<tab_order order_option="0" order_info="355,362,374"/>
			<image control_id="357" name="img_pop1" autosize="0" x="83" y="145" right="667" bottom="730" width="160" height="160" back_color="00F6F6F6" transparent="0" border_color="00707070" border_radius="16" back_imagehorzalign="1" back_imagevertalign="1" padding="0,0,0,0"/>
			<text control_id="358" name="txt_pop1" autosize="0" x="282" y="145" right="310" bottom="816" width="318" height="74" custom_class="TX_104_WhiteTxt" text="아메리카노" font="Noto Sans CJK KR Medium,37.5,500,0,0,0" back_color="00F6F6F6" transparent="1" link_data="DS_ORDER:menuName" version="1.1"/>
			<text control_id="359" autosize="0" x="282" y="198" right="310" bottom="763" width="318" height="74" custom_class="TX_104_WhiteTxt" text="커피" font="Noto Sans CJK KR Medium,31.5,500,0,0,0" back_color="00F6F6F6" transparent="1" version="1.1"/>
			<numericex_field control_id="362" name="fld_pop1" autosize="0" x="282" y="252" right="508" bottom="721" width="120" height="62" custom_input_class="TX_104_WhiteTxt" font="Noto Sans CJK KR Medium,31.5,500,0,0,0" back_color="00F6F6F6" transparent="1" border="0" link_data="DS_ORDER:cost" input_type="2" default_value="4000" max_length="5" pattern="ZZ,ZZ9"/>
			<text control_id="361" autosize="0" x="408" y="246" right="458" bottom="715" width="44" height="74" custom_class="TX_104_WhiteTxt" text="원" font="Noto Sans CJK KR Medium,31.5,500,0,0,0" back_color="00F6F6F6" transparent="1" version="1.1"/>
			<tab control_id="374" name="tab_pop" x="0" y="324" right="0" bottom="0" width="910" height="711" custom_class="TP_104_tabBack" back_color="00F2F2F2" border="0" border_radius="0,0,15,15" border_ex="0,0,00B4B4B4,,0,0-0-0-0,0,0,1,0,00FFFFFF,00E1E1E1^0,0,00B4B4B4,1^1,1,00FFFFFF,1^1,1,00FFFFFF,1^1,1,00FFFFFF,1" tabitem_hidden="1" tabitem_font="맑은 고딕,9,0,0,0,0" tabitem_selfont="맑은 고딕,9,0,0,0,0" titlebar_font="맑은 고딕,9,1,0,0,0">
				<tab_item panel_color="00F2F2F2">
					<tab_order order_option="0" order_info="367,373,369,370"/>
					<text control_id="364" autosize="0" x="174" y="7" right="128" bottom="643" width="606" height="60" text="&lt;font color=&quot;#9E5700&quot;&gt;음료의 온도&lt;/font&gt;를 선택하세요" font="Noto Sans CJK KR Medium,37.5,500,0,0,0" back_color="00F6F6F6" transparent="1" version="1.1"/>
					<text control_id="363" autosize="0" x="77" y="0" right="796" bottom="636" width="35" height="74" text="1" font="Noto Sans CJK KR Bold,41.3,1,0,0,0" back_color="00F6F6F6" transparent="1" version="1.1"/>
					<radiobutton control_id="367" name="RD_H" x="123" y="146" right="465" bottom="434" width="320" height="130" custom_input_class="RD_104_menuHot" font="Noto Sans CJK KR Medium,31.5,500,0,0,0" back_color="00F6F6F6" transparent="0" border_radius="15" image_select="/BIZ/102/04LP/coffee_hot_bt_o.png" image_unselect="/BIZ/102/04LP/coffee_hot_bt.png" radio_width="0" text_margin="0,50,0,0" horz_align="2" drawfocusrect="0" text="뜨겁게"/>
					<radiobutton control_id="373" name="RD_C" x="458" y="146" right="130" bottom="434" width="320" height="130" custom_input_class="RD_104_menuIce" font="Noto Sans CJK KR Medium,31.5,500,0,0,0" back_color="00F6F6F6" transparent="0" border_radius="15" image_select="/BIZ/102/04LP/coffee_ice_bt_o.png" image_unselect="/BIZ/102/04LP/coffee_ice_bt.png" radio_width="0" text_margin="0,50,0,0" horz_align="2" drawfocusrect="0" text="차갑게" select_value="2"/>
					<pushbutton control_id="369" name="btn_clo" arrayindex="0" x="118" y="538" right="470" bottom="52" width="320" height="120" style_class="0" custom_class="PB_104_320120" text="취소" font="Noto Sans CJK KR Medium,33.8,500,0,0,0" fore_color="00FFFFFF" back_color="00F6F6F6" transparent="1" border="4" image_normal="/BIZ/102/04/bin_bt_G_320x120.png" image_down="/BIZ/102/04/bin_bt_G_320x120_o.png" hover_font="맑은 고딕,9,0,0,0,0" version="1.1" on_mouseup="eventfunc:btn_clo_on_mouseup(objInst, index)"/>
					<pushbutton control_id="370" name="btn_Next" x="463" y="538" right="125" bottom="52" width="320" height="120" style_class="0" custom_class="PB_104_320120" text="다음" font="Noto Sans CJK KR Medium,33.8,500,0,0,0" fore_color="00FFFFFF" back_color="00F6F6F6" transparent="1" border="4" image_normal="/BIZ/102/04/bin_bt_BR_320x120.png" image_down="/BIZ/102/04/bin_bt_BR_320x120_o.png" hover_font="맑은 고딕,9,0,0,0,0" version="1.1" on_mouseup="eventfunc:btn_Next_on_mouseup(objInst)"/>
					<line control_id="966" x1="150" y1="18" x2="150" y2="58" right="758" bottom="652" line_color="00787878"/>
				</tab_item>
				<tab_item panel_color="00F2F2F2">
					<tab_order order_option="0" order_info="377,378,381,379,380"/>
					<text control_id="375" autosize="0" x="174" y="7" right="128" bottom="643" width="606" height="60" custom_class="TX_104_WhiteTxt" text="&lt;font color=&quot;#9E5700&quot;&gt;컵의 크기&lt;/font&gt;를 선택하세요" font="Noto Sans CJK KR Medium,37.5,500,0,0,0" back_color="00F2F2F2" transparent="1" version="1.1"/>
					<text control_id="376" autosize="0" x="78" y="0" right="795" bottom="636" width="35" height="74" custom_class="TX_104_WhiteTxt" text="2" font="Noto Sans CJK KR Bold,41.3,1,0,0,0" back_color="00F2F2F2" transparent="1" version="1.1"/>
					<radiobutton control_id="377" name="RD_S" x="123" y="146" right="465" bottom="434" width="320" height="130" custom_input_class="RD_104_menuS" font="Noto Sans CJK KR Medium,31.5,500,0,0,0" back_color="00F6F6F6" transparent="0" border_radius="15" image_select="/BIZ/102/04LP/coffee_cup_1_bt_o.png" image_unselect="/BIZ/102/04LP/coffee_cup_1_bt.png" radio_width="0" text_margin="0,50,0,0" horz_align="2" drawfocusrect="0" text="         작은컵&#x0D;&#x0A;       (-600원)"/>
					<radiobutton control_id="378" name="RD_M" x="458" y="146" right="130" bottom="434" width="320" height="130" custom_input_class="RD_104_menuM" font="Noto Sans CJK KR Medium,31.5,500,0,0,0" transparent="0" border_radius="15" image_select="/BIZ/102/04LP/coffee_cup_2_bt_o.png" image_unselect="/BIZ/102/04LP/coffee_cup_2_bt.png" radio_width="0" text_margin="0,50,0,0" horz_align="2" drawfocusrect="0" text="     중간컵" select_value="2" default_select="1"/>
					<pushbutton control_id="379" name="btn_clo" arrayindex="1" x="118" y="538" right="470" bottom="52" width="320" height="120" style_class="0" custom_class="PB_104_320120" text="취소" font="Noto Sans CJK KR Medium,33.8,500,0,0,0" fore_color="00FFFFFF" back_color="00F6F6F6" transparent="1" border="4" image_normal="/BIZ/102/04/bin_bt_G_320x120.png" image_down="/BIZ/102/04/bin_bt_G_320x120_o.png" hover_font="맑은 고딕,9,0,0,0,0" version="1.1" on_mouseup="eventfunc:btn_clo_on_mouseup(objInst, index)"/>
					<pushbutton control_id="380" name="btn_order" x="463" y="538" right="125" bottom="52" width="320" height="120" style_class="0" custom_class="PB_104_320120" text="다음" font="Noto Sans CJK KR Medium,33.8,500,0,0,0" fore_color="00FFFFFF" back_color="00F6F6F6" transparent="1" border="4" image_normal="/BIZ/102/04/bin_bt_BR_320x120.png" image_down="/BIZ/102/04/bin_bt_BR_320x120_o.png" hover_font="맑은 고딕,9,0,0,0,0" version="1.1" on_mouseup="eventfunc:btn_order_on_mouseup(objInst)"/>
					<radiobutton control_id="381" name="RD_L" x="123" y="296" right="465" bottom="284" width="320" height="130" custom_input_class="RD_104_menuL" font="Noto Sans CJK KR Medium,31.5,500,0,0,0" back_color="00F6F6F6" transparent="0" border_radius="15" image_select="/BIZ/102/04LP/coffee_cup_3_bt_o.png" image_unselect="/BIZ/102/04LP/coffee_cup_3_bt.png" radio_width="0" text_margin="0,50,0,0" horz_align="2" drawfocusrect="0" text="          큰컵&#x0D;&#x0A;       (+600원)" select_value="3"/>
					<line control_id="965" x1="144" y1="18" x2="144" y2="58" right="764" bottom="652" line_color="00787878"/>
				</tab_item>
			</tab>
			<image control_id="382" autosize="0" x="143" y="175" right="726" bottom="760" width="41" height="100" back_color="00F6F6F6" transparent="0" border="0" back_image="/BIZ/102/04/drink_1.png" padding="0,0,0,0" link_data="DS_ORDER:url"/>
			<panel control_id="355" semantic_tag="0" x="0" y="0" right="10" bottom="935" width="900" height="100" custom_class="PN_101_back" back_color="00233347" transparent="1" border_color="00FFFFFF" border_radius="15,15,0,0" border_ex="0,1,00FFFFFF,,0,0-0-0-0,0,0,1,0,00FFFFFF,00E1E1E1^1,1,00FFFFFF,1^1,1,00FFFFFF,1^1,1,00FFFFFF,1^1,1,00FFFFFF,1" vertscrollbar_style="0" horzscrollbar_style="0" panel_height="135" title_font="맑은 고딕,9,0,0,0,0">
				<text control_id="371" name="txt_step" autosize="0" x="405" y="12" right="391" bottom="49" width="102" height="74" text="1 / 2" font="Noto Sans CJK KR Bold,37.5,1,0,0,0" fore_color="00FFFFFF" back_color="00233347" transparent="1" version="1.1"/>
			</panel>
		</panel>
	</map>
</map_list>
