﻿<?xml version="1.0" encoding="UTF-8"?>
<map_list>
	<map>
		<screen version="2.0" scriptcode="java" title="전기차충전소_사용시작안내" directory="/BIZ/101/01/" screenid="10101001" last_update_date="2024-12-17 15:44:02" width="1080" width_type="0" height="1920" height_type="0" canvas_width="1081" canvas_height="1921" on_load="eventfunc:screen_on_load()" on_popupdestroy="eventfunc:screen_on_popupdestroy(popup_screen, popup_name, result)" funclist="screen_on_load,btn_Start_on_mouseup,btn_Acc_on_mouseup"/>
		<tab_order order_option="0" order_info="881,1,2,57"/>
		<panel control_id="881" semantic_tag="0" x="0" y="0" right="0" bottom="0" width="1080" height="1920" custom_class="PN_101_startBack" back_color="00F1EFF1" border="0" title_font="맑은 고딕,9,0,0,0,0">
			<panel control_id="885" semantic_tag="0" x="0" y="1360" right="0" bottom="115" width="1080" height="445" custom_class="PB_101_start" back_color="00F1EFF1" border="0" title_font="맑은 고딕,9,0,0,0,0">
				<tab_order order_option="0" order_info="888,882"/>
				<pushbutton control_id="882" x="265" y="133" right="265" bottom="132" width="550" height="180" style_class="0" custom_class="PB_101_start" text="시작하기" font="Noto Sans KR Medium,50.3,500,0,0,0" fore_color="00F8F8F8" transparent="1" border="4" image_normal="/BIZ/101/01/PUB/start_bt_B.png" line_height="99" hover_bordercolor="00FFFFFF" hover_font="맑은 고딕,9,0,0,0,0" down_bordercolor="00FFFFFF" focus_bordercolor="00FFFFFF" version="1.1" on_mouseup="eventfunc:btn_Start_on_mouseup(objInst)"/>
				<line control_id="887" x1="0" y1="4" x2="1080" y2="4" right="0" bottom="441" line_width="7" line_color="00EFD8C2"/>
				<radiobutton control_id="888" x="48" y="72" right="870" bottom="229" width="162" height="144" custom_input_class="RD_test" font="맑은 고딕,9,0,0,0,0" transparent="0" image_select="/BIZ/101/01/PUB/language_lound_cha_bt.png" image_unselect="/BIZ/101/01/PUB/language_lound_bt.png" text="RADIOBUTTON"/>
			</panel>
		</panel>
		<panel control_id="1" semantic_tag="0" x="0" y="0" right="0" bottom="1840" width="1080" height="80" custom_class="PN_101_back" back_color="00FBFBFB" border="0" vertscrollbar_style="0" horzscrollbar_style="0" boxshadow_type="1" panel_height="560" title_font="맑은 고딕,9,0,0,0,0">
			<pushbutton control_id="884" x="434" y="21" right="433" bottom="499" width="213" height="40" style_class="0" custom_class="IM_101_title" text="" font="맑은 고딕,9,0,0,0,0" transparent="1" border="4" border_color="00FFFFFF" image_normal="/BIZ/101/01/PUB/logo_electcar_charge.png" imagesize="2" box_shadow_effect="0" hover_font="맑은 고딕,9,0,0,0,0" focus_color_use="3" version="1.1"/>
		</panel>
		<panel control_id="57" semantic_tag="0" x="0" y="1805" right="0" bottom="0" width="1080" height="115" custom_class="PN_101_back" back_color="00FBFBFB" border="0" vertscrollbar_style="0" horzscrollbar_style="0" boxshadow_type="1" title_font="맑은 고딕,9,0,0,0,0">
			<tab_order order_option="0" order_info="284,283,281,282,161"/>
			<radiobutton control_id="284" name="btn_101_Image1" x="13" y="18" right="867" bottom="17" width="200" height="80" custom_input_class="RD_101_korea" font="Noto Sans KR Regular,31.5,0,0,0,0" fore_color="000A0A0A" transparent="1" image_select="/BIZ/101/01/PUB/language_kr_bt_o.png" image_unselect="/BIZ/101/01/PUB/language_kr_bt.png" text_margin="0,30,0,0" horz_align="2" line_height="62" drawfocusrect="0" fore_color_focus="000A0A0A" back_color_focus="00525A6C" fore_color_disable="000A0A0A" select_style_use="1" fore_color_select="00FFFFFF" back_color_select="007B0000" fore_color_disselect="00FFFFFF" back_color_disselect="00525A6C" letter_spacing="-2.1px" text="한국어" default_select="1"/>
			<radiobutton control_id="283" name="btn_101_Image2" x="222" y="18" right="658" bottom="17" width="200" height="80" custom_input_class="RD_101_ameraca" font="Noto Sans KR Regular,31.5,0,0,0,0" fore_color="000A0A0A" transparent="1" image_select="/BIZ/101/01/PUB/language_eng_bt_o.png" image_unselect="/BIZ/101/01/PUB/language_eng_bt.png" text_margin="0,13,0,0" horz_align="2" line_height="62" drawfocusrect="0" select_style_use="1" fore_color_select="00FFFFFF" letter_spacing="-2.1px" text="English" select_value="2"/>
			<radiobutton control_id="281" name="btn_101_Image3" x="431" y="18" right="449" bottom="17" width="200" height="80" custom_input_class="RD_101_china" font="Noto Sans KR Regular,31.5,0,0,0,0" fore_color="000A0A0A" transparent="1" image_select="/BIZ/101/01/PUB/language_cha_bt_o.png" image_unselect="/BIZ/101/01/PUB/language_cha_bt.png" text_margin="0,21,0,0" horz_align="2" line_height="62" drawfocusrect="0" select_style_use="1" fore_color_select="00FFFFFF" letter_spacing="-2.1px" text="中國語" select_value="3"/>
			<radiobutton control_id="282" name="btn_101_Image4" x="640" y="18" right="240" bottom="17" width="200" height="80" custom_input_class="RD_101_japan" font="Noto Sans KR Regular,31.5,0,0,0,0" fore_color="000A0A0A" transparent="1" image_select="/BIZ/101/01/PUB/language_jpa_bt_o.png" image_unselect="/BIZ/101/01/PUB/language_jpa_bt.png" text_margin="0,21,0,0" horz_align="2" line_height="62" drawfocusrect="0" select_style_use="1" fore_color_select="00FFFFFF" letter_spacing="-2.1px" text="日本語" select_value="4"/>
			<pushbutton control_id="161" name="btn_Acc" x="861" y="18" right="19" bottom="17" width="200" height="80" style_class="0" custom_class="PB_101_access" text="접근성" font="Noto Sans KR Regular,31.5,0,0,0,0" fore_color="00FFFFFF" transparent="1" border="4" border_color="007A665E" border_radius="35" image_normal="/BIZ/101/01/PUB/comn_lowscreen_bt.png" image_vert_align="1" box_shadow_effect="0" horz_align="0" line_height="62" text_margin="62,0,0,0" hover_font="맑은 고딕,9,0,0,0,0" down_backcolor="006D574E" letter_spacing="-2.1px" version="1.1" on_mouseup="eventfunc:btn_Acc_on_mouseup(objInst)"/>
		</panel>
		<panel control_id="2" semantic_tag="0" x="0" y="80" right="0" bottom="560" width="1080" height="1280" back_image="/BIZ/101/01/PUB/poster_img_Type_1.png" border="0" vertscrollbar_style="0" horzscrollbar_style="0" title_font="맑은 고딕,9,0,0,0,0"></panel>
	</map>
</map_list>
