﻿<?xml version="1.0" encoding="UTF-8"?>
<map_list>
	<map>
		<screen version="2.0" scriptcode="java" title="전기차충전소_충전중" directory="/BIZ/101/01/" screenid="10101008" last_update_date="2024-11-27 10:58:13" width="1080" width_type="0" height="1920" height_type="0" canvas_width="3200" canvas_height="3000" back_color="00F6F6F6" on_load="eventfunc:screen_on_load()" on_activate="eventfunc:screen_on_activate()" funclist="screen_on_load,btn_Home_on_mouseup,btn_Call_on_mouseup,btn_next_on_mouseup,timeLeft_8_on_time,btn_stop_on_mouseup,TX_2_on_change,btn_Acc_on_mouseup"/>
		<panel control_id="4" semantic_tag="0" x="0" y="0" right="0" bottom="0" width="1080" height="1920" custom_class="PN_101_back" back_color="00F6F6F6" border="0" title_font="맑은 고딕,9,0,0,0,0">
			<tab_order order_option="0" order_info="6,233,1181,1170,1184,1130,7"/>
			<text control_id="215" autosize="0" x="288" y="324" right="288" bottom="1507" width="504" height="89" custom_class="TX_101_contents" text="차량이 &lt;font class=&quot;TX_101_subContents&quot; color=&quot;#1674D2&quot;&gt;충전 중&lt;/font&gt; 입니다" font="Noto Sans KR Bold,45,1,0,0,0" fore_color="000A0A0A" transparent="1" horz_align="1" letter_spacing="-3px" version="1.1"/>
			<pushbutton control_id="1130" name="btn_stop" x="241" y="1535" right="239" bottom="260" width="600" height="125" style_class="0" custom_class="PB_101_com" text="일시정지" font="Noto Sans KR Medium,33.8,500,0,0,0" fore_color="00F8F8F8" transparent="1" border="4" border_color="00FFFFFF" border_radius="15" image_normal="/BIZ/101/01/PUB/bin_bt_B_600x125.png" box_shadow_effect="0" line_height="66" hover_font="Noto Sans CJK KR,34,1,0,0,0" down_color_use="4" down_forecolor="00F8F8F8" down_backcolor="00DAD6D2" down_bordercolor="00FFFFFF" disable_color_use="1" disable_forecolor="00EBEBEB" disable_backcolor="00DAD6D2" version="1.1" on_mouseup="eventfunc:btn_stop_on_mouseup(objInst)"/>
			<text control_id="1165" name="txt_8" autosize="0" x="606" y="621" right="240" bottom="1166" width="234" height="133" custom_class="TX_101_subContents" text="0%" font="Noto Sans KR Bold,67.5,1,0,0,0" fore_color="00229300" transparent="1" horz_align="2" letter_spacing="-4.5px" version="1.1"/>
			<panel control_id="1170" semantic_tag="0" x="160" y="984" right="160" bottom="601" width="760" height="335" custom_class="PN_101_charg_4" back_image="/BIZ/101/01/PUB/table_G_760x335.png" back_imagesize="1" border="0" title_font="맑은 고딕,9,0,0,0,0">
				<text control_id="1171" autosize="0" x="34" y="9" right="494" bottom="264" width="232" height="62" custom_class="TX_101_G" text="충전예상시간" font="Noto Sans KR Regular,31.5,0,0,0,0" fore_color="000A0A0A" back_color="00D2D6D2" transparent="1" horz_align="1" version="1.1"/>
				<text control_id="1172" autosize="0" x="92" y="94" right="552" bottom="179" width="116" height="62" custom_class="TX_101_G" text="전력량" font="Noto Sans KR Regular,31.5,0,0,0,0" fore_color="000A0A0A" back_color="00D2D6D2" transparent="1" horz_align="1" version="1.1"/>
				<text control_id="1173" autosize="0" x="68" y="175" right="528" bottom="98" width="164" height="62" custom_class="TX_101_G" text="충전 단가" font="Noto Sans KR Regular,31.5,0,0,0,0" fore_color="000A0A0A" back_color="00D2D6D2" transparent="1" horz_align="1" version="1.1"/>
				<text control_id="1174" autosize="0" x="73" y="257" right="533" bottom="16" width="154" height="62" custom_class="TX_101_G" text="충전 속도" font="Noto Sans KR Regular,31.5,0,0,0,0" fore_color="000A0A0A" back_color="00D2D6D2" transparent="1" horz_align="1" version="1.1"/>
				<text control_id="1175" name="TX_2" autosize="0" x="427" y="9" right="127" bottom="264" width="206" height="62" custom_class="TX_101_subContents" text="00 : 05 : 27" font="Noto Sans KR Medium,31.5,500,0,0,0" fore_color="000A0A0A" transparent="1" border_radius="0,0,0,0" horz_align="1" version="1.1" on_change="eventfunc:TX_2_on_change(objInst, event_type)"/>
				<text control_id="1176" name="TX_3" autosize="0" x="457" y="94" right="157" bottom="179" width="146" height="62" custom_class="TX_101_subContents" text="43 kWh" font="Noto Sans KR Medium,31.5,500,0,0,0" fore_color="000A0A0A" transparent="1" border_radius="0,0,0,0" horz_align="1" version="1.1"/>
				<text control_id="1177" name="TX_4" autosize="0" x="390" y="175" right="90" bottom="98" width="280" height="62" custom_class="TX_101_subContents" text="5.203 원 /kWh" font="Noto Sans KR Medium,31.5,500,0,0,0" fore_color="000A0A0A" transparent="1" border_radius="0,0,0,0" horz_align="1" version="1.1"/>
				<text control_id="1178" name="TX_5" autosize="0" x="452" y="258" right="10" bottom="15" width="298" height="62" custom_class="TX_101_subContents" text="0.54kW" font="Noto Sans KR Medium,31.5,500,0,0,0" fore_color="000A0A0A" transparent="1" border_radius="0,0,0,0" version="1.1"/>
			</panel>
			<panel control_id="1181" semantic_tag="0" x="306" y="550" right="474" bottom="1070" width="300" height="300" transparent="1" border="0" title_font="맑은 고딕,9,0,0,0,0">
				<text control_id="1182" autosize="0" x="75" y="134" right="79" bottom="126" width="146" height="40" text="추후교체예정" font="Noto Sans KR Bold,19.5,1,0,0,0" fore_color="00FFFFFF" back_color="001515CF" back_color_opacity="7" horz_align="1" line_height="40" letter_spacing="-1.3px" version="1.1"/>
			</panel>
			<panel control_id="7" semantic_tag="0" x="0" y="1805" right="0" bottom="0" width="1080" height="115" custom_class="PN_101_back" border="0" boxshadow_type="1" title_font="맑은 고딕,9,0,0,0,0">
				<pushbutton control_id="230" name="btn_Acc" x="866" y="18" right="14" bottom="17" width="200" height="80" style_class="0" custom_class="PB_101_access" text="접근성" font="Noto Sans KR,31.5,1,0,0,0" fore_color="00FFFFFF" transparent="1" border="4" border_color="00E2E2E2" border_radius="44" image_normal="/BIZ/101/01/PUB/lowsc_bt.png" image_down="/BIZ/101/01/PUB/lowsc_bt_o.png" box_shadow_effect="0" horz_align="0" line_height="62" text_margin="63,0,0,0" text_wordellipsis="0" hover_font="맑은 고딕,9,0,0,0,0" down_color_use="2" down_forecolor="00F8F8F8" letter_spacing="-2.1px" version="1.1" on_mouseup="eventfunc:btn_Acc_on_mouseup(objInst)"/>
			</panel>
			<panel control_id="233" semantic_tag="0" x="0" y="80" right="0" bottom="1690" width="1080" height="150" custom_class="PN_101_bgG" back_color="00B4B4B4" back_image="/BIZ/101/01/PUB/bg_G_1080x150.png" back_imagesize="1" border="0" title_font="맑은 고딕,9,0,0,0,0">
				<tab_order order_option="0" order_info="886"/>
				<text control_id="217" autosize="0" x="7" y="78" right="857" bottom="10" width="216" height="62" custom_class="TX_101_stepDone" text="결제방법 선택" font="Noto Sans KR Regular,31.5,0,0,0,0" fore_color="000A0A0A" back_color="00DFDDDC" transparent="1" horz_align="1" line_height="40" letter_spacing="-4.2px" version="1.1"/>
				<text control_id="218" autosize="0" x="240" y="78" right="658" bottom="10" width="182" height="62" custom_class="TX_101_stepDone" text="충전량 선택" font="Noto Sans KR Regular,31.5,0,0,0,0" fore_color="000A0A0A" back_color="00DFDDDC" transparent="1" horz_align="1" line_height="40" letter_spacing="-2.1px" version="1.1"/>
				<text control_id="219" autosize="0" x="469" y="78" right="469" bottom="10" width="142" height="62" custom_class="TX_101_stepDone" text="결제하기" font="Noto Sans KR Regular,31.5,0,0,0,0" fore_color="000A0A0A" back_color="00DFDDDC" transparent="1" horz_align="1" line_height="40" letter_spacing="-4.2px" version="1.1"/>
				<text control_id="222" autosize="0" x="685" y="78" right="247" bottom="10" width="148" height="62" custom_class="TX_101_stepDone" text="충전하기" font="Noto Sans KR Regular,31.5,0,0,0,0" fore_color="000A0A0A" back_color="00DFDDDC" transparent="1" horz_align="1" line_height="40" letter_spacing="-2.1px" version="1.1"/>
				<text control_id="223" autosize="0" x="940" y="78" right="64" bottom="10" width="76" height="62" custom_class="TX_101_step" text="완료" font="Noto Sans KR Regular,31.5,0,0,0,0" fore_color="006C5E5A" back_color="00DFDDDC" transparent="1" horz_align="1" line_height="40" letter_spacing="-2.1px" version="1.1"/>
				<panel control_id="886" semantic_tag="0" x="76" y="7" right="78" bottom="69" width="926" height="74" custom_class="PN_101_stepBar_4" back_color="00DFDFDF" transparent="1" back_image="/BIZ/101/01/PUB/comn_5step_B_bar_4.png" border="0" title_font="맑은 고딕,9,0,0,0,0"></panel>
			</panel>
			<panel control_id="6" semantic_tag="0" x="0" y="0" right="0" bottom="1840" width="1080" height="80" custom_class="PN_101_back" border="0" vertscrollbar_style="0" horzscrollbar_style="0" boxshadow_type="1" title_font="맑은 고딕,9,0,0,0,0">
				<tab_order order_option="0" order_info="192,214,193,884"/>
				<pushbutton control_id="192" name="btn_Home" x="14" y="5" right="866" bottom="5" width="200" height="70" style_class="0" custom_class="PB_101_home" text="처음으로" font="Noto Sans KR Medium,31.5,500,0,0,0" fore_color="000A0A0A" back_color="00FBFBFB" border="4" border_color="007A665E" border_radius="35,35,35,35" image_normal="/BIZ/101/01/PUB/home_bt_G.png" image_down="/BIZ/101/01/PUB/home_bt_G_o.png" image_vert_align="1" box_shadow_effect="0" horz_align="0" line_height="62" text_margin="40,0,0,0" hover_font="맑은 고딕,9,0,0,0,0" down_color_use="3" down_backcolor="006D574E" letter_spacing="-2.1px" version="1.1" on_mouseup="eventfunc:btn_Home_on_mouseup(objInst)"/>
				<pushbutton control_id="193" name="btn_Call" x="866" y="5" right="14" bottom="5" width="200" height="70" style_class="0" custom_class="PB_101_call" text="직원호출" font="Noto Sans KR Medium,31.5,500,0,0,0" fore_color="00FFFFFF" back_color="00FBFBFB" border="4" border_color="000000D1" border_radius="35" image_normal="/BIZ/101/01/PUB/call_bt_R.png" image_down="/BIZ/101/01/PUB/call_bt_R_o.png" image_vert_align="1" box_shadow_effect="0" horz_align="0" line_height="62" text_margin="39,0,0,0" hover_font="맑은 고딕,9,0,0,0,0" down_color_use="3" down_backcolor="0011119C" letter_spacing="-2.1px" version="1.1" on_mouseup="eventfunc:btn_Call_on_mouseup(objInst)"/>
				<pushbutton control_id="214" name="btn_Flag" x="758" y="5" right="252" bottom="5" width="70" height="70" style_class="0" custom_class="PB_101_selLanguage" text="" font="Noto Sans CJK KR,32,0,0,0,0" fore_color="000A0A0A" transparent="1" border="4" border_color="00E2E2E2" border_radius="44" image_normal="/BIZ/101/01/PUB/language_lound_bt.png" image_down="/BIZ/101/01/PUB/language_lound_kr_bt_o.png" box_shadow_effect="0" horz_align="2" line_height="62" text_margin="" text_wordellipsis="0" hover_font="맑은 고딕,9,0,0,0,0" down_color_use="2" down_forecolor="00F8F8F8" version="1.1"/>
				<pushbutton control_id="884" x="434" y="21" right="433" bottom="19" width="213" height="40" style_class="0" custom_class="IM_101_title" text="" font="맑은 고딕,9,0,0,0,0" transparent="1" border="4" image_normal="/BIZ/101/01/PUB/logo_electcar_charge.png" imagesize="2" box_shadow_effect="0" hover_font="맑은 고딕,9,0,0,0,0" version="1.1"/>
			</panel>
			<timer control_id="1183" name="timeLeft_8" x="892" y="686" width="28" height="28" enable="0" interval="600" on_time="eventfunc:timeLeft_8_on_time(objInst)"/>
			<pushbutton control_id="1184" x="918" y="1452" right="48" bottom="360" width="114" height="108" text="다음" font="맑은 고딕,9,0,0,0,0" hover_font="맑은 고딕,9,0,0,0,0" version="1.1" on_mouseup="eventfunc:btn_next_on_mouseup(objInst)"/>
		</panel>
	</map>
</map_list>
