﻿<?xml version="1.0" encoding="UTF-8"?>
<map_list>
	<map>
		<screen version="2.0" scriptcode="java" title="전기차충전소_충전량" directory="/BIZ/101/01/" screenid="10101004" last_update_date="2024-11-27 11:14:29" width="1080" width_type="0" height="1920" height_type="0" canvas_width="3200" canvas_height="3000" transparent="1" on_load="eventfunc:screen_on_load()" funclist="screen_on_load,timeFare,calculatePower,calculateUnitCost,btn_fare_on_mouseup,btn_clo_on_mouseup,btn_Home_on_mouseup,btn_Call_on_mouseup,btn_Acc_on_mouseup,btn_prev_on_mouseup,btn_ok_on_mouseup"/>
		<panel control_id="4" semantic_tag="0" x="0" y="0" right="0" bottom="0" width="1080" height="1920" custom_class="PN_101_back" back_color="00F6F6F6" border="0" title_font="맑은 고딕,9,0,0,0,0">
			<tab_order order_option="0" order_info="6,233,1133,7"/>
			<text control_id="215" autosize="0" x="298" y="323" right="298" bottom="1508" width="484" height="89" custom_class="TX_101_contents" text="&lt;font class=&quot;TX_101_subContents&quot; color=&quot;#1674D2&quot;&gt;충전량&lt;/font&gt;을 설정하세요" font="Noto Sans KR Bold,45,1,0,0,0" fore_color="000A0A0A" transparent="1" horz_align="1" line_height="75" letter_spacing="-3px" version="1.1"/>
			<panel control_id="6" semantic_tag="0" x="0" y="0" right="0" bottom="1840" width="1080" height="80" custom_class="PN_101_back" border="0" vertscrollbar_style="0" horzscrollbar_style="0" boxshadow_type="1" title_font="맑은 고딕,9,0,0,0,0">
				<tab_order order_option="0" order_info="192,214,193,884"/>
				<pushbutton control_id="192" name="btn_Home" x="14" y="5" right="866" bottom="5" width="200" height="70" style_class="0" custom_class="PB_101_home" text="처음으로" font="Noto Sans KR Medium,31.5,500,0,0,0" fore_color="000A0A0A" back_color="00FBFBFB" border="4" border_color="007A665E" border_radius="35,35,35,35" image_normal="/BIZ/101/01/PUB/home_bt_G.png" image_down="/BIZ/101/01/PUB/home_bt_G_o.png" image_vert_align="1" box_shadow_effect="0" horz_align="0" line_height="62" text_margin="40,0,0,0" hover_font="맑은 고딕,9,0,0,0,0" down_color_use="3" down_backcolor="006D574E" letter_spacing="-2.1px" version="1.1" on_mouseup="eventfunc:btn_Home_on_mouseup(objInst)"/>
				<pushbutton control_id="193" name="btn_Call" x="866" y="5" right="14" bottom="5" width="200" height="70" style_class="0" custom_class="PB_101_call" text="직원호출" font="Noto Sans KR Medium,31.5,500,0,0,0" fore_color="00FFFFFF" back_color="00FBFBFB" border="4" border_color="000000D1" border_radius="35" image_normal="/BIZ/101/01/PUB/call_bt_R.png" image_down="/BIZ/101/01/PUB/call_bt_R_o.png" image_vert_align="1" box_shadow_effect="0" horz_align="0" line_height="62" text_margin="39,0,0,0" hover_font="맑은 고딕,9,0,0,0,0" down_color_use="3" down_backcolor="0011119C" letter_spacing="-2.1px" version="1.1" on_mouseup="eventfunc:btn_Call_on_mouseup(objInst)"/>
				<pushbutton control_id="214" name="btn_Flag" x="758" y="5" right="252" bottom="5" width="70" height="70" style_class="0" custom_class="PB_101_selLanguage" text="" font="Noto Sans CJK KR,32,0,0,0,0" fore_color="000A0A0A" transparent="1" border="4" border_color="00E2E2E2" border_radius="44" image_normal="/BIZ/101/01/PUB/language_lound_bt.png" image_down="/BIZ/101/01/PUB/language_lound_kr_bt_o.png" box_shadow_effect="0" horz_align="2" line_height="62" text_margin="" text_wordellipsis="0" hover_font="맑은 고딕,9,0,0,0,0" down_color_use="2" down_forecolor="00F8F8F8" version="1.1"/>
				<pushbutton control_id="884" x="434" y="21" right="433" bottom="19" width="213" height="40" style_class="0" custom_class="IM_101_title" text="" font="맑은 고딕,9,0,0,0,0" transparent="1" border="4" image_normal="/BIZ/101/01/PUB/logo_electcar_charge.png" imagesize="2" box_shadow_effect="0" hover_font="맑은 고딕,9,0,0,0,0" version="1.1"/>
			</panel>
			<panel control_id="7" semantic_tag="0" x="0" y="1805" right="0" bottom="0" width="1080" height="115" custom_class="PN_101_back" border="0" boxshadow_type="1" title_font="맑은 고딕,9,0,0,0,0">
				<tab_order order_option="0" order_info="48,230"/>
				<pushbutton control_id="230" name="btn_Acc" x="866" y="18" right="14" bottom="17" width="200" height="80" style_class="0" custom_class="PB_101_access" text="접근성" font="Noto Sans KR,31.5,1,0,0,0" fore_color="00FFFFFF" transparent="1" border="4" border_color="00E2E2E2" border_radius="44" image_normal="/BIZ/101/01/PUB/lowsc_bt.png" image_down="/BIZ/101/01/PUB/lowsc_bt_o.png" box_shadow_effect="0" horz_align="0" line_height="62" text_margin="63,0,0,0" text_wordellipsis="0" hover_font="맑은 고딕,9,0,0,0,0" down_color_use="2" down_forecolor="00F8F8F8" letter_spacing="-2.1px" version="1.1" on_mouseup="eventfunc:btn_Acc_on_mouseup(objInst)"/>
				<pushbutton control_id="48" name="btn_Prev" x="14" y="18" right="851" bottom="17" width="215" height="80" style_class="0" custom_class="PB_101_Previous" text="이전" font="Noto Sans KR,31.5,1,0,0,0" fore_color="000A0A0A" transparent="1" border="4" border_color="00F6F6F6" border_radius="45" image_normal="/BIZ/101/01/PUB/back_bt.png" image_down="/BIZ/101/01/PUB/back_bt_o.png" image_vert_align="1" box_shadow_effect="0" line_height="62" hover_font="맑은 고딕,9,0,0,0,0" down_color_use="3" down_backcolor="0019AADE" letter_spacing="-2.1px" version="1.1" on_mouseup="eventfunc:btn_prev_on_mouseup(objInst)"/>
			</panel>
			<panel control_id="233" semantic_tag="0" x="0" y="80" right="0" bottom="1690" width="1080" height="150" custom_class="PN_101_bgG" back_color="00B4B4B4" back_image="/BIZ/101/01/PUB/bg_G_1080x150.png" back_imagesize="1" border="0" title_font="맑은 고딕,9,0,0,0,0">
				<tab_order order_option="0" order_info="886"/>
				<text control_id="217" autosize="0" x="7" y="78" right="857" bottom="10" width="216" height="62" custom_class="TX_101_stepDone" text="결제방법 선택" font="Noto Sans KR Regular,31.5,0,0,0,0" fore_color="000A0A0A" back_color="00DFDDDC" transparent="1" horz_align="1" line_height="40" letter_spacing="-4.2px" version="1.1"/>
				<text control_id="218" autosize="0" x="239" y="78" right="659" bottom="10" width="182" height="62" custom_class="TX_101_stepDone" text="충전량 선택" font="Noto Sans KR Regular,31.5,0,0,0,0" fore_color="000A0A0A" back_color="00DFDDDC" transparent="1" horz_align="1" line_height="40" letter_spacing="-2.1px" version="1.1"/>
				<text control_id="219" autosize="0" x="469" y="78" right="469" bottom="10" width="142" height="62" custom_class="TX_101_step" text="결제하기" font="Noto Sans KR Regular,31.5,0,0,0,0" fore_color="006C5E5A" back_color="00DFDDDC" transparent="1" horz_align="1" line_height="40" letter_spacing="-4.2px" version="1.1"/>
				<text control_id="222" autosize="0" x="685" y="78" right="247" bottom="10" width="148" height="62" custom_class="TX_101_step" text="충전하기" font="Noto Sans KR Regular,31.5,0,0,0,0" fore_color="006C5E5A" back_color="00DFDDDC" transparent="1" horz_align="1" line_height="40" letter_spacing="-2.1px" version="1.1"/>
				<text control_id="223" autosize="0" x="940" y="78" right="64" bottom="10" width="76" height="62" custom_class="TX_101_step" text="완료" font="Noto Sans KR Regular,31.5,0,0,0,0" fore_color="006C5E5A" back_color="00DFDDDC" transparent="1" horz_align="1" line_height="40" letter_spacing="-2.1px" version="1.1"/>
				<panel control_id="886" semantic_tag="0" x="76" y="7" right="78" bottom="69" width="926" height="74" custom_class="PN_101_stepBar_2" back_color="00DFDFDF" transparent="1" back_image="/BIZ/101/01/PUB/comn_5step_B_bar_2.png" border="0" title_font="맑은 고딕,9,0,0,0,0"></panel>
			</panel>
			<tab control_id="1133" x="0" y="507" right="0" bottom="114" width="1080" height="1299" custom_class="TP_101_box TP_101_back" back_color="00F6F6F6" border_color="000000C4" border_ex="0,5,000000C4,,0,0-0-0-0,0,0,1,0,00FFFFFF,00E1E1E1^1,5,00DFDFDF,1^1,0,00DFDFDF,1^1,0,00DFDFDF,1^1,0,00DFDFDF,1" line_height="45" tabitemarea_transparent="1" tabitemarea_leftmargin="153" tabitemarea_rightmargin="153" tabitem_height="100" tabitem_width="250" tabitem_gap="12" tabitem_radius="15" tabitem_border="0" tabitem_font="Noto Sans KR Medium,33,500,0,0,0" tabitem_selfont="Noto Sans KR Medium,33,500,0,0,0" tabitem_selcolor="00DFDFDF" tabitem_bordercolor="0002DDFF" tabitem_selbackcolor="00DFDFDF" tabitem_scrollbtnboxwidth="0" tabitem_letterspacing="-2.2px" titlebar_font="Noto Sans KR,33,1,0,0,0">
				<tab_item title="시간" width="250" height="100" line_height="0" image="/BIZ/101/01/PUB/tap_bt_G_250x100.png" selimage="/BIZ/101/01/PUB/tap_bt_LG_250x100.png" panel_color="00DFDFDF">
					<tab_order order_option="0" order_info="1119,1122,1124,1125,1126,1127,1128,1129,1130"/>
					<text control_id="1120" autosize="0" x="673" y="126" right="365" bottom="1002" width="42" height="66" custom_class="TX_101_subContents" text="원" font="Noto Sans KR Bold,33.8,1,0,0,0" fore_color="000A0A0A" back_color="00F6F6F6" transparent="1" border_radius="0,0,0,0" horz_align="1" line_height="45" version="1.1"/>
					<text control_id="1121" autosize="0" x="125" y="272" right="843" bottom="860" width="112" height="62" custom_class="TX_101_G" text="전력량" font="Noto Sans KR Medium,31.5,500,0,0,0" fore_color="000A0A0A" back_color="00F6F6F6" transparent="1" letter_spacing="-2.1px" version="1.1"/>
					<pushbutton control_id="1122" x="762" y="100" right="108" bottom="994" width="210" height="100" style_class="0" custom_class="PB_101_init TX_101_contents" text="초기화" font="Noto Sans KR Medium,31.5,500,0,0,0" fore_color="000A0A0A" back_color="00F6F6F6" transparent="1" border="4" border_color="00F6F6F6" border_radius="15" image_normal="/BIZ/101/01/PUB/bin_bt_LB_210x100.png" image_down="/BIZ/101/01/PUB/bin_bt_LB_210x100.png" imagesize="1" box_shadow_effect="0" line_height="45" hover_font="맑은 고딕,9,0,0,0,0" letter_spacing="-2.1px" version="1.1" on_mouseup="eventfunc:btn_clo_on_mouseup(objInst)"/>
					<text control_id="1123" autosize="0" x="492" y="272" right="366" bottom="860" width="222" height="62" custom_class="TX_101_G" text="충전예상시간" font="Noto Sans KR Medium,31.5,500,0,0,0" fore_color="000A0A0A" back_color="00F6F6F6" transparent="1" letter_spacing="-2.1px" version="1.1"/>
					<pushbutton control_id="1124" name="btn_fare" x="83" y="384" right="702" bottom="595" width="295" height="215" style_class="0" custom_class="PB_101_amount" text="500원" font="Noto Sans KR Medium,41.3,500,0,0,0" fore_color="000A0A0A" transparent="1" border="4" border_color="00F6F6F6" border_radius="15" image_normal="/BIZ/101/01/PUB/list_gu_big_bt.png" image_down="/BIZ/101/01/PUB/list_gu_big_bt_o.png" imagesize="1" image_vert_align="1" line_height="75" hover_font="맑은 고딕,9,0,0,0,0" letter_spacing="-2.75px" version="1.1" on_mouseup="eventfunc:btn_fare_on_mouseup(objInst)"/>
					<pushbutton control_id="1125" name="btn_fare_1" x="393" y="384" right="392" bottom="595" width="295" height="215" style_class="0" custom_class="PB_101_amount" text="1,000원" font="Noto Sans KR Medium,41.3,500,0,0,0" fore_color="000A0A0A" transparent="1" border="4" border_color="00F6F6F6" border_radius="15" image_normal="/BIZ/101/01/PUB/list_gu_big_bt.png" image_disable="/BIZ/101/01/PUB/list_gu_big_bt_o.png" image_down="/BIZ/101/01/PUB/list_gu_big_bt_o.png" imagesize="1" image_vert_align="1" line_height="75" hover_font="맑은 고딕,9,0,0,0,0" letter_spacing="-2.75px" version="1.1" on_mouseup="eventfunc:btn_fare_on_mouseup(objInst)"/>
					<pushbutton control_id="1126" name="btn_fare_2" x="701" y="384" right="84" bottom="595" width="295" height="215" style_class="0" custom_class="PB_101_amount" text="3,000원" font="Noto Sans KR Medium,41.3,500,0,0,0" fore_color="000A0A0A" transparent="1" border="4" border_color="00F6F6F6" border_radius="15" image_normal="/BIZ/101/01/PUB/list_gu_big_bt.png" image_down="/BIZ/101/01/PUB/list_gu_big_bt_o.png" imagesize="1" image_vert_align="1" line_height="75" hover_font="맑은 고딕,9,0,0,0,0" letter_spacing="-2.75px" version="1.1" on_mouseup="eventfunc:btn_fare_on_mouseup(objInst)"/>
					<pushbutton control_id="1127" name="btn_fare_3" x="83" y="611" right="702" bottom="368" width="295" height="215" style_class="0" custom_class="PB_101_amount" text="5,000원" font="Noto Sans KR Medium,41.3,500,0,0,0" fore_color="000A0A0A" transparent="1" border="4" border_color="00F6F6F6" border_radius="15" image_normal="/BIZ/101/01/PUB/list_gu_big_bt.png" image_down="/BIZ/101/01/PUB/list_gu_big_bt_o.png" imagesize="1" image_vert_align="1" line_height="75" hover_font="맑은 고딕,9,0,0,0,0" letter_spacing="-2.75px" version="1.1" on_mouseup="eventfunc:btn_fare_on_mouseup(objInst)"/>
					<pushbutton control_id="1128" name="btn_fare_4" x="393" y="611" right="392" bottom="368" width="295" height="215" style_class="0" custom_class="PB_101_amount" text="10,000원" font="Noto Sans KR Medium,41.3,500,0,0,0" fore_color="000A0A0A" transparent="1" border="4" border_color="00F6F6F6" border_radius="15" image_normal="/BIZ/101/01/PUB/list_gu_big_bt.png" image_down="/BIZ/101/01/PUB/list_gu_big_bt_o.png" imagesize="1" image_vert_align="1" line_height="75" hover_font="맑은 고딕,9,0,0,0,0" letter_spacing="-2.75px" version="1.1" on_mouseup="eventfunc:btn_fare_on_mouseup(objInst)"/>
					<pushbutton control_id="1129" name="btn_fare_5" x="702" y="611" right="83" bottom="368" width="295" height="215" style_class="0" custom_class="PB_101_amount" text="50,000원" font="Noto Sans KR Medium,41.3,500,0,0,0" fore_color="000A0A0A" transparent="1" border="4" border_color="00F6F6F6" border_radius="15" image_normal="/BIZ/101/01/PUB/list_gu_big_bt.png" image_down="/BIZ/101/01/PUB/list_gu_big_bt_o.png" imagesize="1" image_vert_align="1" line_height="75" hover_font="맑은 고딕,9,0,0,0,0" letter_spacing="-2.75px" version="1.1" on_mouseup="eventfunc:btn_fare_on_mouseup(objInst)"/>
					<pushbutton control_id="1130" x="240" y="975" right="240" bottom="94" width="600" height="125" style_class="0" custom_class="PB_101_com" text="설정완료" font="Noto Sans KR Medium,33.8,500,0,0,0" fore_color="00F8F8F8" transparent="1" border="4" border_color="00FFFFFF" border_radius="15" image_normal="/BIZ/101/01/PUB/bin_bt_B_600x125.png" image_down="/BIZ/101/01/PUB/bin_bt_B_600x125_o.png" box_shadow_effect="0" line_height="66" hover_font="Noto Sans CJK KR,34,1,0,0,0" down_color_use="4" down_forecolor="00F8F8F8" down_backcolor="00DAD6D2" down_bordercolor="00FFFFFF" disable_color_use="1" disable_forecolor="00EBEBEB" disable_backcolor="00DAD6D2" version="1.1" on_mouseup="eventfunc:btn_ok_on_mouseup(objInst)"/>
					<text control_id="1131" name="TX_power" autosize="0" x="269" y="270" right="594" bottom="858" width="217" height="66" custom_class="TX_101_subContents" text="15kWh" font="Noto Sans KR Medium,33.8,1,0,0,0" fore_color="00D27416" back_color="00F6F6F6" transparent="1" version="1.1"/>
					<text control_id="1132" name="TX_Time" autosize="0" x="756" y="272" right="128" bottom="856" width="196" height="66" custom_class="TX_101_subContents" text="00:10:00" font="Noto Sans KR Medium,33.8,500,0,0,0" fore_color="00D27416" back_color="00F6F6F6" transparent="1" version="1.1"/>
					<numericex_field control_id="1119" name="fld_fare" autosize="0" x="138" y="78" right="429" bottom="968" width="513" height="148" custom_input_class="TX_101_subContents" font="Noto Sans KR Bold,75,1,0,0,0" fore_color="000A0A0A" back_color="00F6F6F6" transparent="1" border="0" horz_align="1" text_margin="0,0,0,0" letter_spacing="-5px" enable="0" default_value="5000" pattern="ZZZ,ZZZ,ZZZ,ZZZ,ZZ9"/>
				</tab_item>
				<tab_item title="전력량" width="250" height="100" line_height="0" image="/BIZ/101/01/PUB/tap_bt_G_250x100.png" selimage="/BIZ/101/01/PUB/tap_bt_LG_250x100.png" panel_color="00DFDFDF">
				</tab_item>
				<tab_item title="금액" width="250" height="100" line_height="0" image="/BIZ/101/01/PUB/tap_bt_G_250x100.png" selimage="/BIZ/101/01/PUB/tap_bt_LG_250x100.png" panel_color="00DFDFDF">
				</tab_item>
			</tab>
		</panel>
	</map>
</map_list>
