﻿<?xml version="1.0" encoding="UTF-8"?>
<map_list>
	<map>
		<screen version="2.0" scriptcode="java" title="전기차충전소_결제하기" directory="/BIZ/101/01/" screenid="10101005" last_update_date="2024-11-27 13:16:50" width="1080" width_type="0" height="1920" height_type="0" canvas_width="3200" canvas_height="3000" on_load="eventfunc:screen_on_load()" funclist="screen_on_load,btn_next_on_mouseup,btn_Prev_on_mouseup,btn_Home_on_mouseup,btn_Call_on_mouseup,TX_1_on_change,btn_Acc_on_mouseup"/>
		<panel control_id="4" semantic_tag="0" x="0" y="0" right="0" bottom="0" width="1080" height="1920" custom_class="PN_101_back" back_color="00F6F6F6" back_imagesize="1" border="0" title_font="맑은 고딕,9,0,0,0,0">
			<tab_order order_option="0" order_info="6,233,885,1179,1130,7"/>
			<text control_id="215" autosize="0" x="272" y="323" right="272" bottom="1508" width="536" height="89" custom_class="TX_101_contents" text="&lt;font class=&quot;TX_101_subContents&quot; color=&quot;#1674D2&quot;&gt;충전내역&lt;/font&gt;을 확인하시고" font="Noto Sans KR Bold,45,1,0,0,0" fore_color="000A0A0A" back_color="00F0F0F0" transparent="1" horz_align="1" line_height="90" letter_spacing="-3px" version="1.1"/>
			<text control_id="1144" autosize="0" x="272" y="413" right="272" bottom="1418" width="536" height="89" custom_class="TX_101_contents" text="&lt;font class=&quot;TX_101_subContents&quot; color=&quot;#1674D2&quot;&gt;결제하기&lt;/font&gt;를 누르세요" font="Noto Sans KR Bold,45,1,0,0,0" fore_color="000A0A0A" back_color="00F0F0F0" transparent="1" horz_align="1" line_height="90" letter_spacing="-3px" version="1.1"/>
			<text control_id="1172" autosize="0" x="160" y="910" right="765" bottom="948" width="155" height="62" custom_class="TX_101_contents" text="충전내역" font="Noto Sans KR Regular,31.5,0,0,0,0" fore_color="000A0A0A" transparent="1" version="1.1"/>
			<panel control_id="1179" semantic_tag="0" x="160" y="984" right="160" bottom="683" width="760" height="253" custom_class="PN_101_charg_3" back_image="/BIZ/101/01/PUB/table_G_760x253.png" back_imagesize="1" border="0" title_font="맑은 고딕,9,0,0,0,0">
				<text control_id="1180" autosize="0" x="68" y="176" right="528" bottom="15" width="164" height="62" custom_class="TX_101_G" text="충전 단가" font="Noto Sans KR Regular,31.5,0,0,0,0" fore_color="000A0A0A" back_color="00D2D6D2" transparent="1" horz_align="1" version="1.1"/>
				<text control_id="1181" autosize="0" x="92" y="95" right="552" bottom="96" width="116" height="62" custom_class="TX_101_G" text="전력량" font="Noto Sans KR Regular,31.5,0,0,0,0" fore_color="000A0A0A" back_color="00D2D6D2" transparent="1" horz_align="1" version="1.1"/>
				<text control_id="1182" autosize="0" x="34" y="10" right="494" bottom="181" width="232" height="62" custom_class="TX_101_G" text="충전예상시간" font="Noto Sans KR Regular,31.5,0,0,0,0" fore_color="000A0A0A" back_color="00D2D6D2" transparent="1" horz_align="1" version="1.1"/>
				<text control_id="1183" name="TX_2" autosize="0" x="427" y="10" right="127" bottom="181" width="206" height="62" custom_class="TX_101_subContents" text="00 : 05 : 27" font="Noto Sans KR Medium,31.5,500,0,0,0" fore_color="000A0A0A" transparent="1" border_radius="0,0,0,0" horz_align="1" version="1.1" on_change="eventfunc:TX_2_on_change(objInst, event_type)"/>
				<text control_id="1184" name="TX_3" autosize="0" x="457" y="95" right="142" bottom="96" width="161" height="62" custom_class="TX_101_subContents" text="43 kWh" font="Noto Sans KR Medium,31.5,500,0,0,0" fore_color="000A0A0A" transparent="1" border_radius="0,0,0,0" horz_align="1" version="1.1"/>
				<text control_id="1185" name="TX_4" autosize="0" x="390" y="176" right="90" bottom="15" width="280" height="62" custom_class="TX_101_subContents" text="5,203 원 /kWh" font="Noto Sans KR Medium,31.5,500,0,0,0" fore_color="000A0A0A" transparent="1" border_radius="0,0,0,0" horz_align="1" version="1.1"/>
			</panel>
			<pushbutton control_id="1130" x="241" y="1535" right="239" bottom="260" width="600" height="125" style_class="0" custom_class="PB_101_com" text="결제하기" font="Noto Sans KR Medium,33.8,500,0,0,0" fore_color="00F8F8F8" border="4" border_color="00FFFFFF" border_radius="15" image_normal="/BIZ/101/01/PUB/bin_bt_B_600x125.png" image_down="/BIZ/101/01/PUB/bin_bt_B_600x125_o.png" box_shadow_effect="0" line_height="66" hover_font="Noto Sans KR Medium,33.8,500,0,0,0" down_color_use="4" down_forecolor="00F8F8F8" down_backcolor="00DAD6D2" down_bordercolor="00FFFFFF" disable_color_use="1" disable_forecolor="00EBEBEB" disable_backcolor="00DAD6D2" version="1.1" on_mouseup="eventfunc:btn_next_on_mouseup(objInst)"/>
			<panel control_id="885" semantic_tag="0" x="161" y="619" right="159" bottom="1096" width="760" height="205" custom_class="PN_101_payMent" transparent="1" back_image="/BIZ/101/01/PUB/school_doc_name_box.png" border="0" title_font="맑은 고딕,9,0,0,0,0">
				<text control_id="135" autosize="0" x="298" y="19" right="298" bottom="124" width="164" height="62" text="결제 금액" font="Noto Sans KR Medium,31.5,500,0,0,0" fore_color="00FFFFFF" back_color="00D27416" transparent="1" horz_align="1" version="1.1"/>
				<text control_id="1187" name="TX_1" autosize="0" x="288" y="108" right="308" bottom="23" width="164" height="74" custom_class="TX_101_subContents" text="15,000" font="Noto Sans KR Bold,37.5,1,0,0,0" fore_color="00D27416" transparent="1" horz_align="2" letter_spacing="-2.5px" version="1.1" on_change="eventfunc:TX_1_on_change(objInst, event_type)"/>
			</panel>
			<panel control_id="7" semantic_tag="0" x="0" y="1805" right="0" bottom="0" width="1080" height="115" custom_class="PN_101_back" border="0" boxshadow_type="1" title_font="맑은 고딕,9,0,0,0,0">
				<tab_order order_option="0" order_info="48,230"/>
				<pushbutton control_id="230" name="btn_Acc" x="866" y="18" right="14" bottom="17" width="200" height="80" style_class="0" custom_class="PB_101_access" text="접근성" font="Noto Sans KR,31.5,1,0,0,0" fore_color="00FFFFFF" transparent="1" border="4" border_color="00E2E2E2" border_radius="44" image_normal="/BIZ/101/01/PUB/lowsc_bt.png" image_down="/BIZ/101/01/PUB/lowsc_bt_o.png" box_shadow_effect="0" horz_align="0" line_height="62" text_margin="63,0,0,0" text_wordellipsis="0" hover_font="맑은 고딕,9,0,0,0,0" down_color_use="2" down_forecolor="00F8F8F8" letter_spacing="-2.1px" version="1.1" on_mouseup="eventfunc:btn_Acc_on_mouseup(objInst)"/>
				<pushbutton control_id="48" name="btn_Prev" x="14" y="18" right="851" bottom="17" width="215" height="80" style_class="0" custom_class="PB_101_Previous" text="이전" font="Noto Sans KR,31.5,1,0,0,0" fore_color="000A0A0A" transparent="1" border="4" border_color="00F6F6F6" border_radius="45" image_normal="/BIZ/101/01/PUB/back_bt.png" image_down="/BIZ/101/01/PUB/back_bt_o.png" image_vert_align="1" box_shadow_effect="0" line_height="62" hover_font="맑은 고딕,9,0,0,0,0" down_color_use="3" down_backcolor="0019AADE" letter_spacing="-2.1px" version="1.1" on_mouseup="eventfunc:btn_Prev_on_mouseup(objInst)"/>
			</panel>
			<panel control_id="233" semantic_tag="0" x="0" y="80" right="0" bottom="1690" width="1080" height="150" custom_class="PN_101_bgG" back_color="00B4B4B4" back_image="/BIZ/101/01/PUB/bg_G_1080x150.png" back_imagesize="1" border="0" title_font="맑은 고딕,9,0,0,0,0">
				<tab_order order_option="0" order_info="886"/>
				<text control_id="217" autosize="0" x="7" y="78" right="857" bottom="10" width="216" height="62" custom_class="TX_101_stepDone" text="결제방법 선택" font="Noto Sans KR Regular,31.5,0,0,0,0" fore_color="000A0A0A" back_color="00DFDDDC" transparent="1" horz_align="1" line_height="40" letter_spacing="-4.2px" version="1.1"/>
				<text control_id="218" autosize="0" x="239" y="78" right="659" bottom="10" width="182" height="62" custom_class="TX_101_stepDone" text="충전량 선택" font="Noto Sans KR Regular,31.5,0,0,0,0" fore_color="000A0A0A" back_color="00DFDDDC" transparent="1" horz_align="1" line_height="40" letter_spacing="-2.1px" version="1.1"/>
				<text control_id="219" autosize="0" x="469" y="78" right="469" bottom="10" width="142" height="62" custom_class="TX_101_step" text="결제하기" font="Noto Sans KR Regular,31.5,0,0,0,0" fore_color="006C5E5A" back_color="00DFDDDC" transparent="1" horz_align="1" line_height="40" letter_spacing="-4.2px" version="1.1"/>
				<text control_id="222" autosize="0" x="685" y="78" right="247" bottom="10" width="148" height="62" custom_class="TX_101_step" text="충전하기" font="Noto Sans KR Regular,31.5,0,0,0,0" fore_color="006C5E5A" back_color="00DFDDDC" transparent="1" horz_align="1" line_height="40" letter_spacing="-2.1px" version="1.1"/>
				<text control_id="223" autosize="0" x="940" y="78" right="64" bottom="10" width="76" height="62" custom_class="TX_101_step" text="완료" font="Noto Sans KR Regular,31.5,0,0,0,0" fore_color="006C5E5A" back_color="00DFDDDC" transparent="1" horz_align="1" line_height="40" letter_spacing="-2.1px" version="1.1"/>
				<panel control_id="886" semantic_tag="0" x="76" y="7" right="78" bottom="69" width="926" height="74" custom_class="PN_101_stepBar_2" back_color="00DFDFDF" transparent="1" back_image="/BIZ/101/01/PUB/comn_5step_B_bar_2.png" border="0" title_font="맑은 고딕,9,0,0,0,0"></panel>
			</panel>
			<panel control_id="6" semantic_tag="0" x="0" y="0" right="0" bottom="1840" width="1080" height="80" custom_class="PN_101_back" border="0" vertscrollbar_style="0" horzscrollbar_style="0" boxshadow_type="1" title_font="맑은 고딕,9,0,0,0,0">
				<tab_order order_option="0" order_info="192,214,193,884"/>
				<pushbutton control_id="192" name="btn_Home" x="14" y="5" right="866" bottom="5" width="200" height="70" style_class="0" custom_class="PB_101_home" text="처음으로" font="Noto Sans KR Medium,31.5,500,0,0,0" fore_color="000A0A0A" back_color="00FBFBFB" border="4" border_color="007A665E" border_radius="35,35,35,35" image_normal="/BIZ/101/01/PUB/home_bt_G.png" image_down="/BIZ/101/01/PUB/home_bt_G_o.png" image_vert_align="1" box_shadow_effect="0" horz_align="0" line_height="62" text_margin="40,0,0,0" hover_font="맑은 고딕,9,0,0,0,0" down_color_use="3" down_backcolor="006D574E" letter_spacing="-2.1px" version="1.1" on_mouseup="eventfunc:btn_Home_on_mouseup(objInst)"/>
				<pushbutton control_id="193" name="btn_Call" x="866" y="5" right="14" bottom="5" width="200" height="70" style_class="0" custom_class="PB_101_call" text="직원호출" font="Noto Sans KR Medium,31.5,500,0,0,0" fore_color="00FFFFFF" back_color="00FBFBFB" border="4" border_color="000000D1" border_radius="35" image_normal="/BIZ/101/01/PUB/call_bt_R.png" image_down="/BIZ/101/01/PUB/call_bt_R_o.png" image_vert_align="1" box_shadow_effect="0" horz_align="0" line_height="62" text_margin="39,0,0,0" hover_font="맑은 고딕,9,0,0,0,0" down_color_use="3" down_backcolor="0011119C" letter_spacing="-2.1px" version="1.1" on_mouseup="eventfunc:btn_Call_on_mouseup(objInst)"/>
				<pushbutton control_id="214" name="btn_Flag" x="758" y="5" right="252" bottom="5" width="70" height="70" style_class="0" custom_class="PB_101_selLanguage" text="" font="Noto Sans CJK KR,32,0,0,0,0" fore_color="000A0A0A" transparent="1" border="4" border_color="00E2E2E2" border_radius="44" image_normal="/BIZ/101/01/PUB/language_lound_bt.png" image_down="/BIZ/101/01/PUB/language_lound_kr_bt_o.png" box_shadow_effect="0" horz_align="2" line_height="62" text_margin="" text_wordellipsis="0" hover_font="맑은 고딕,9,0,0,0,0" down_color_use="2" down_forecolor="00F8F8F8" version="1.1"/>
				<pushbutton control_id="884" x="434" y="21" right="433" bottom="19" width="213" height="40" style_class="0" custom_class="IM_101_title" text="" font="맑은 고딕,9,0,0,0,0" transparent="1" border="4" image_normal="/BIZ/101/01/PUB/logo_electcar_charge.png" imagesize="2" box_shadow_effect="0" hover_font="맑은 고딕,9,0,0,0,0" down_color_use="5" down_bordercolor="00FFFFFF" focus_bordercolor="00FFFFFF" version="1.1"/>
			</panel>
			<text control_id="1120" autosize="0" x="618" y="732" right="420" bottom="1122" width="42" height="66" custom_class="TX_101_subContents" text="원" font="Noto Sans KR Bold,37.5,1,0,0,0" fore_color="00D27416" transparent="1" border_radius="0,0,0,0" letter_spacing="-2.5px" version="1.1"/>
		</panel>
	</map>
</map_list>
