﻿<?xml version="1.0" encoding="UTF-8"?>
<map_list>
	<map>
		<screen version="2.0" scriptcode="java" title="버튼" directory="/BIZ/101/02/PUB/" screenid="10201" last_update_date="2024-10-16 11:07:09" width="3547" width_type="0" height="1920" height_type="0" canvas_width="3747" canvas_height="2120" back_color="00F6F6F6" transparent="1" funclist=""/>
		<tab_order order_option="0" order_info="36,42,45,62,68,71,66,67,69,70,72,73,43,37,44,25,46,48,49,38,40,39,41,50,51,52,14,13,27,15,16,74,17,53,55,56,57,58,59,60,61,18"/>
		<pushbutton control_id="13" x="213" y="1000" right="2974" bottom="690" width="360" height="230" style_class="0" text="" font="맑은 고딕,9,0,0,0,0" border="4" image_normal="/BIZ/101/01/PUB/point_no_bt_360x230.png" hover_font="맑은 고딕,9,0,0,0,0" version="1.1"/>
		<pushbutton control_id="14" x="585" y="999" right="2602" bottom="691" width="360" height="230" style_class="0" text="" font="맑은 고딕,9,0,0,0,0" border="4" image_normal="/BIZ/101/01/PUB/point_yes_bt_360x230.png" hover_font="맑은 고딕,9,0,0,0,0" version="1.1"/>
		<pushbutton control_id="15" x="213" y="1264" right="2974" bottom="426" width="360" height="230" style_class="0" text="" font="맑은 고딕,9,0,0,0,0" border="4" image_normal="/BIZ/101/01/PUB/point_no_bt_360x230_o.png" hover_font="맑은 고딕,9,0,0,0,0" version="1.1"/>
		<pushbutton control_id="16" x="585" y="1264" right="2602" bottom="426" width="360" height="230" style_class="0" text="" font="맑은 고딕,9,0,0,0,0" border="4" image_normal="/BIZ/101/01/PUB/point_yes_bt_360x230_o.png" hover_font="맑은 고딕,9,0,0,0,0" version="1.1"/>
		<pushbutton control_id="17" x="219" y="1554" right="2728" bottom="241" width="600" height="125" style_class="0" text="" font="맑은 고딕,9,0,0,0,0" border="4" image_normal="/BIZ/101/01/PUB/bin_bt_B_600x125.png" hover_font="맑은 고딕,9,0,0,0,0" version="1.1"/>
		<pushbutton control_id="18" x="219" y="1708" right="2728" bottom="87" width="600" height="125" style_class="0" text="" font="맑은 고딕,9,0,0,0,0" border="4" image_normal="/BIZ/101/01/PUB/bin_bt_B_600x125_o.png" hover_font="맑은 고딕,9,0,0,0,0" version="1.1"/>
		<pushbutton control_id="25" x="2900" y="626" right="257" bottom="961" width="390" height="333" style_class="0" text="" font="맑은 고딕,9,0,0,0,0" back_color="00F6F6F6" border="4" image_normal="/BIZ/101/01/PUB/receipt_ico.png" hover_font="맑은 고딕,9,0,0,0,0" version="1.1"/>
		<pushbutton control_id="27" x="2736" y="1116" right="91" bottom="554" width="720" height="250" style_class="0" text="" font="맑은 고딕,9,0,0,0,0" back_color="00F6F6F6" border="4" image_normal="/BIZ/101/02/PUB/logo_icecream_G.png" hover_font="맑은 고딕,9,0,0,0,0" version="1.1"/>
		<pushbutton control_id="36" x="96" y="60" right="3181" bottom="1610" width="270" height="250" style_class="0" text="" font="맑은 고딕,9,0,0,0,0" border="4" image_normal="/BIZ/101/02/PUB/bin_bt_B_270x250.png" hover_font="맑은 고딕,9,0,0,0,0" version="1.1"/>
		<pushbutton control_id="37" x="96" y="348" right="3181" bottom="1322" width="270" height="250" style_class="0" text="" font="맑은 고딕,9,0,0,0,0" border="4" image_normal="/BIZ/101/02/PUB/bin_bt_B_270x250_o.png" hover_font="맑은 고딕,9,0,0,0,0" version="1.1"/>
		<pushbutton control_id="38" x="219" y="703" right="3053" bottom="1107" width="275" height="110" style_class="0" text="" font="맑은 고딕,9,0,0,0,0" back_color="00F6F6F6" border="4" image_normal="/BIZ/101/02/PUB/pre_bt_G_270x100.png" hover_font="맑은 고딕,9,0,0,0,0" version="1.1"/>
		<pushbutton control_id="39" x="219" y="837" right="3053" bottom="973" width="275" height="110" style_class="0" text="" font="맑은 고딕,9,0,0,0,0" back_color="00F6F6F6" border="4" image_normal="/BIZ/101/02/PUB/pre_bt_G_270x100_o.png" hover_font="맑은 고딕,9,0,0,0,0" version="1.1"/>
		<pushbutton control_id="40" x="520" y="703" right="2752" bottom="1107" width="275" height="110" style_class="0" text="" font="맑은 고딕,9,0,0,0,0" back_color="00F6F6F6" border="4" image_normal="/BIZ/101/02/PUB/next_bt_G_270x100.png" hover_font="맑은 고딕,9,0,0,0,0" version="1.1"/>
		<pushbutton control_id="41" x="520" y="837" right="2752" bottom="973" width="275" height="110" style_class="0" text="" font="맑은 고딕,9,0,0,0,0" back_color="00F6F6F6" border="4" image_normal="/BIZ/101/02/PUB/next_bt_G_270x100_o.png" hover_font="맑은 고딕,9,0,0,0,0" version="1.1"/>
		<pushbutton control_id="42" x="714" y="174" right="2272" bottom="1672" width="561" height="74" style_class="0" text="" font="맑은 고딕,9,0,0,0,0" back_color="00F6F6F6" transparent="1" border="4" image_normal="/BIZ/101/02/PUB/comn_3step_B_S_bar_1.png" hover_font="맑은 고딕,9,0,0,0,0" version="1.1"/>
		<pushbutton control_id="43" x="714" y="312" right="2272" bottom="1534" width="561" height="74" style_class="0" text="" font="맑은 고딕,9,0,0,0,0" back_color="00F6F6F6" transparent="1" border="4" image_normal="/BIZ/101/02/PUB/comn_3step_B_S_bar_2.png" hover_font="맑은 고딕,9,0,0,0,0" version="1.1"/>
		<pushbutton control_id="44" x="714" y="468" right="2272" bottom="1378" width="561" height="74" style_class="0" text="" font="맑은 고딕,9,0,0,0,0" back_color="00F6F6F6" transparent="1" border="4" image_normal="/BIZ/101/02/PUB/comn_3step_B_S_bar_3.png" hover_font="맑은 고딕,9,0,0,0,0" version="1.1"/>
		<pushbutton control_id="45" x="2954" y="211" right="310" bottom="1426" width="283" height="283" style_class="0" text="" font="맑은 고딕,9,0,0,0,0" back_color="00F6F6F6" border="4" image_normal="/BIZ/101/02/PUB/complete_img.png" hover_font="맑은 고딕,9,0,0,0,0" version="1.1"/>
		<pushbutton control_id="46" x="1521" y="639" right="1741" bottom="1001" width="285" height="280" style_class="0" text="" font="맑은 고딕,9,0,0,0,0" back_color="00F6F6F6" border="4" image_normal="/BIZ/101/02/PUB/pay_card_bt_285x280.png" hover_font="맑은 고딕,9,0,0,0,0" version="1.1"/>
		<pushbutton control_id="48" x="1818" y="639" right="1444" bottom="1001" width="285" height="280" style_class="0" text="" font="맑은 고딕,9,0,0,0,0" back_color="00F6F6F6" border="4" image_normal="/BIZ/101/02/PUB/pay_pay_bt_285x280.png" hover_font="맑은 고딕,9,0,0,0,0" version="1.1"/>
		<pushbutton control_id="49" x="2115" y="639" right="1147" bottom="1001" width="285" height="280" style_class="0" text="" font="맑은 고딕,9,0,0,0,0" back_color="00F6F6F6" border="4" image_normal="/BIZ/101/02/PUB/pay_cash_bt_285x280.png" hover_font="맑은 고딕,9,0,0,0,0" version="1.1"/>
		<pushbutton control_id="50" x="1521" y="960" right="1741" bottom="680" width="285" height="280" style_class="0" text="" font="맑은 고딕,9,0,0,0,0" back_color="00F6F6F6" border="4" image_normal="/BIZ/101/02/PUB/pay_card_bt_285x280_o.png" hover_font="맑은 고딕,9,0,0,0,0" version="1.1"/>
		<pushbutton control_id="51" x="1818" y="960" right="1444" bottom="680" width="285" height="280" style_class="0" text="" font="맑은 고딕,9,0,0,0,0" back_color="00F6F6F6" border="4" image_normal="/BIZ/101/02/PUB/pay_pay_bt_285x280_o.png" hover_font="맑은 고딕,9,0,0,0,0" version="1.1"/>
		<pushbutton control_id="52" x="2115" y="960" right="1147" bottom="680" width="285" height="280" style_class="0" text="" font="맑은 고딕,9,0,0,0,0" back_color="00F6F6F6" border="4" image_normal="/BIZ/101/02/PUB/pay_card_bt_285x280_o.png" hover_font="맑은 고딕,9,0,0,0,0" version="1.1"/>
		<pushbutton control_id="53" x="1510" y="1575" right="1917" bottom="225" width="120" height="120" style_class="0" text="" font="맑은 고딕,9,0,0,0,0" back_color="00F6F6F6" border="4" image_normal="/BIZ/101/02/PUB/icecream_img1.png" hover_font="맑은 고딕,9,0,0,0,0" version="1.1"/>
		<pushbutton control_id="55" x="1654" y="1575" right="1773" bottom="225" width="120" height="120" style_class="0" text="" font="맑은 고딕,9,0,0,0,0" back_color="00F6F6F6" border="4" image_normal="/BIZ/101/02/PUB/icecream_img2.png" hover_font="맑은 고딕,9,0,0,0,0" version="1.1"/>
		<pushbutton control_id="56" x="1792" y="1575" right="1635" bottom="225" width="120" height="120" style_class="0" text="" font="맑은 고딕,9,0,0,0,0" back_color="00F6F6F6" border="4" image_normal="/BIZ/101/02/PUB/icecream_img3.png" hover_font="맑은 고딕,9,0,0,0,0" version="1.1"/>
		<pushbutton control_id="57" x="1930" y="1575" right="1497" bottom="225" width="120" height="120" style_class="0" text="" font="맑은 고딕,9,0,0,0,0" back_color="00F6F6F6" border="4" image_normal="/BIZ/101/02/PUB/icecream_img4.png" hover_font="맑은 고딕,9,0,0,0,0" version="1.1"/>
		<pushbutton control_id="58" x="2074" y="1575" right="1353" bottom="225" width="120" height="120" style_class="0" text="" font="맑은 고딕,9,0,0,0,0" back_color="00F6F6F6" border="4" image_normal="/BIZ/101/02/PUB/icecream_img5.png" hover_font="맑은 고딕,9,0,0,0,0" version="1.1"/>
		<pushbutton control_id="59" x="2212" y="1575" right="1215" bottom="225" width="120" height="120" style_class="0" text="" font="맑은 고딕,9,0,0,0,0" back_color="00F6F6F6" border="4" image_normal="/BIZ/101/02/PUB/icecream_img6.png" hover_font="맑은 고딕,9,0,0,0,0" version="1.1"/>
		<pushbutton control_id="60" x="2350" y="1575" right="1077" bottom="225" width="120" height="120" style_class="0" text="" font="맑은 고딕,9,0,0,0,0" back_color="00F6F6F6" border="4" image_normal="/BIZ/101/02/PUB/icecream_img7.png" hover_font="맑은 고딕,9,0,0,0,0" version="1.1"/>
		<pushbutton control_id="61" x="2481" y="1575" right="946" bottom="225" width="120" height="120" style_class="0" text="" font="맑은 고딕,9,0,0,0,0" back_color="00F6F6F6" border="4" image_normal="/BIZ/101/02/PUB/icecream_img8.png" hover_font="맑은 고딕,9,0,0,0,0" version="1.1"/>
		<pushbutton control_id="62" x="1532" y="303" right="1785" bottom="1487" width="230" height="130" style_class="0" text="" font="맑은 고딕,9,0,0,0,0" transparent="1" border="4" border_color="00C2C2C2" border_radius="14" image_normal="/BIZ/101/02/PUB/menulist_numbox_bg.png" hover_font="맑은 고딕,9,0,0,0,0" version="1.1"/>
		<pushbutton control_id="66" x="1541" y="311" right="1941" bottom="1494" width="65" height="115" style_class="0" text="" font="맑은 고딕,9,0,0,0,0" transparent="1" border="4" image_normal="/BIZ/101/02/PUB/menulist_minus_bt.png" hover_font="맑은 고딕,9,0,0,0,0" version="1.1"/>
		<pushbutton control_id="67" x="1688" y="311" right="1794" bottom="1494" width="65" height="115" style_class="0" text="" font="맑은 고딕,9,0,0,0,0" transparent="1" border="4" image_normal="/BIZ/101/02/PUB/menulist_plus_bt.png" hover_font="맑은 고딕,9,0,0,0,0" version="1.1"/>
		<pushbutton control_id="68" x="1847" y="303" right="1470" bottom="1487" width="230" height="130" style_class="0" text="" font="맑은 고딕,9,0,0,0,0" transparent="1" border="4" border_color="00C2C2C2" border_radius="14" image_normal="/BIZ/101/02/PUB/menulist_numbox_bg.png" hover_font="맑은 고딕,9,0,0,0,0" version="1.1"/>
		<pushbutton control_id="69" x="1856" y="311" right="1626" bottom="1494" width="65" height="115" style_class="0" text="" font="맑은 고딕,9,0,0,0,0" transparent="1" border="4" image_normal="/BIZ/101/02/PUB/menulist_minus_bt.png" hover_font="맑은 고딕,9,0,0,0,0" version="1.1"/>
		<pushbutton control_id="70" x="2003" y="311" right="1479" bottom="1494" width="65" height="115" style_class="0" text="" font="맑은 고딕,9,0,0,0,0" transparent="1" border="4" image_normal="/BIZ/101/02/PUB/menulist_plus_bt.png" hover_font="맑은 고딕,9,0,0,0,0" version="1.1"/>
		<pushbutton control_id="71" x="2122" y="303" right="1195" bottom="1487" width="230" height="130" style_class="0" text="" font="맑은 고딕,9,0,0,0,0" transparent="1" border="4" border_color="00C2C2C2" border_radius="14" image_normal="/BIZ/101/02/PUB/menulist_numbox_bg.png" hover_font="맑은 고딕,9,0,0,0,0" version="1.1"/>
		<pushbutton control_id="72" x="2131" y="311" right="1351" bottom="1494" width="65" height="115" style_class="0" text="" font="맑은 고딕,9,0,0,0,0" transparent="1" border="4" image_normal="/BIZ/101/02/PUB/menulist_minus_bt.png" hover_font="맑은 고딕,9,0,0,0,0" version="1.1"/>
		<pushbutton control_id="73" x="2278" y="311" right="1204" bottom="1494" width="65" height="115" style_class="0" text="" font="맑은 고딕,9,0,0,0,0" transparent="1" border="4" image_normal="/BIZ/101/02/PUB/menulist_plus_bt.png" hover_font="맑은 고딕,9,0,0,0,0" version="1.1"/>
		<pushbutton control_id="74" x="1510" y="1424" right="1917" bottom="376" width="120" height="120" style_class="0" text="" font="맑은 고딕,9,0,0,0,0" border="4" image_normal="/BIZ/101/02/PUB/thum_box.png" hover_font="맑은 고딕,9,0,0,0,0" version="1.1"/>
	</map>
</map_list>
