﻿<?xml version="1.0" encoding="UTF-8"?>
<map_list>
	<map>
		<screen version="2.0" scriptcode="java" title="무인상품판매기_수량(2)" directory="/BIZ/101/02/" screenid="10102005" last_update_date="2024-11-05 14:12:40" width="1080" width_type="0" height="1920" height_type="0" canvas_height="2120" on_load="eventfunc:screen_on_load()" funclist=""/>
		<panel control_id="885" semantic_tag="0" x="0" y="0" right="0" bottom="0" width="1080" height="1920" border="0" title_font="맑은 고딕,9,0,0,0,0">
			<tab_order order_option="0" order_info="6,233,238,889"/>
			<panel control_id="889" semantic_tag="0" x="0" y="320" right="0" bottom="0" width="1080" height="1600" custom_class="PN_101_startBack" back_color="00F6F6F6" border="0" title_font="맑은 고딕,9,0,0,0,0">
				<tab_order order_option="0" order_info="899,423,424,891"/>
				<panel control_id="891" semantic_tag="0" x="0" y="1150" right="0" bottom="0" width="1080" height="450" custom_class="TX_101_subContents" back_color="00F6F6F6" border_ex="0,1,00B4B4B4,,0,0-0-0-0,0,0,1,0,00FFFFFF,00E1E1E1^1,2,00C2C2C2,1^1,0,00B4B4B4,1^1,0,00B4B4B4,1^1,0,00B4B4B4,1" title_font="맑은 고딕,9,0,0,0,0">
					<tab_order order_option="0" order_info="35,7"/>
					<text control_id="180" autosize="0" x="675" y="200" right="366" bottom="186" width="39" height="62" custom_class="TX_101_subContents" text="원" font="Noto Sans KR Medium,31.5,500,0,0,0" fore_color="00D27416" transparent="1" back_imagehorzalign="2" line_height="62" letter_spacing="-2.1px" version="1.1"/>
					<pushbutton control_id="35" name="BTN_pay" x="783" y="38" right="27" bottom="160" width="270" height="250" style_class="0" custom_class="PB_102_pay" text="결제하기" font="Noto Sans KR Medium,35.3,500,0,0,0" fore_color="00FFFFFF" back_color="00F6F6F6" border="4" border_color="0002C4FF" border_radius="15" image_normal="/BIZ/101/02/PUB/bin_bt_B_270x250.png" image_down="/BIZ/101/02/PUB/bin_bt_B_270x250_o.png" image_vert_align="1" box_shadow_effect="0" line_height="70" text_margin="0,0,3,0" hover_font="맑은 고딕,9,0,0,0,0" down_backcolor="0019AADE" version="1.1"/>
					<text control_id="160" autosize="0" x="93" y="55" right="873" bottom="329" width="114" height="64" custom_class="TX_101_G" text="총수량" font="Noto Sans KR Medium,32.3,500,0,0,0" fore_color="000A0A0A" back_color="00F6F6F6" transparent="1" line_height="64" letter_spacing="-2.15px" version="1.1"/>
					<text control_id="161" autosize="0" x="92" y="181" right="776" bottom="178" width="212" height="89" custom_class="TX_101_G" text="결제금액" font="Noto Sans KR Bold,45,1,0,0,0" fore_color="00D27416" back_color="00F6F6F6" transparent="1" letter_spacing="-3px" version="1.1"/>
					<line control_id="163" x1="50" y1="159" x2="750" y2="159" right="330" bottom="289" line_width="1" line_color="00C2C2C2"/>
					<text control_id="175" autosize="0" x="675" y="61" right="366" bottom="325" width="39" height="62" custom_class="TX_101_subContents" text="개" font="Noto Sans KR Medium,31.5,500,0,0,0" fore_color="000A0A0A" transparent="1" back_imagehorzalign="2" line_height="62" letter_spacing="-2.1px" version="1.1"/>
					<line control_id="894" x1="252" y1="66" x2="252" y2="107" right="828" bottom="341" line_color="000A0A0A"/>
					<text control_id="897" autosize="0" x="614" y="165" right="419" bottom="164" width="47" height="119" custom_class="TX_101_subContents" text="0" font="Noto Sans KR Bold,60,1,0,0,0" fore_color="00D27416" transparent="1" letter_spacing="-4px" version="1.1"/>
					<text control_id="898" autosize="0" x="628" y="57" right="423" bottom="317" width="29" height="74" custom_class="TX_101_subContents" text="0" font="Noto Sans KR Bold,37.5,1,0,0,0" fore_color="000A0A0A" transparent="1" letter_spacing="-2.5px" version="1.1"/>
					<panel control_id="7" semantic_tag="0" x="0" y="333" right="0" bottom="0" width="1080" height="115" custom_class="PN_101_back" border="0" boxshadow_type="1" title_font="맑은 고딕,9,0,0,0,0">
						<tab_order order_option="0" order_info="48,230"/>
						<pushbutton control_id="230" name="btn_Acc" x="866" y="18" right="14" bottom="17" width="200" height="80" style_class="0" custom_class="PB_101_access" text="접근성" font="Noto Sans KR,31.5,1,0,0,0" fore_color="00FFFFFF" transparent="1" border="4" border_color="00E2E2E2" border_radius="44" image_normal="/BIZ/101/01/PUB/lowsc_bt.png" image_down="/BIZ/101/01/PUB/lowsc_bt_o.png" box_shadow_effect="0" horz_align="0" line_height="62" text_margin="63,0,0,0" text_wordellipsis="0" hover_font="맑은 고딕,9,0,0,0,0" down_color_use="2" down_forecolor="00F8F8F8" letter_spacing="-2.1px" version="1.1"/>
						<pushbutton control_id="48" name="btn_Prev" x="14" y="18" right="851" bottom="17" width="215" height="80" style_class="0" custom_class="PB_101_Previous" text="이전" font="Noto Sans KR,31.5,1,0,0,0" fore_color="000A0A0A" transparent="1" border="4" border_color="00F6F6F6" border_radius="45" image_normal="/BIZ/101/01/PUB/back_bt.png" image_down="/BIZ/101/01/PUB/back_bt_o.png" image_vert_align="1" box_shadow_effect="0" line_height="62" hover_font="맑은 고딕,9,0,0,0,0" down_color_use="3" down_backcolor="0019AADE" letter_spacing="-2.1px" version="1.1"/>
					</panel>
				</panel>
				<pushbutton control_id="423" x="204" y="966" right="601" bottom="534" width="275" height="100" style_class="0" custom_class="PB_102_pre" text="이전 페이지" font="Noto Sans KR Medium,31.5,500,0,0,0" fore_color="000A0A0A" back_color="00F2F2F2" back_color_opacity="3" transparent="1" border="4" image_normal="/BIZ/101/02/PUB/pre_bt_G_270x100.png" image_down="/BIZ/101/02/PUB/pre_bt_G_270x100_o.png" box_shadow_effect="0" text_margin="63,0,0,0" hover_font="Noto Sans CJK KR,31,500,0,0,0" down_color_use="1" down_forecolor="00C7C2BE" down_backcolor="00F2F2F2" letter_spacing="-2.1px" version="1.1"/>
				<pushbutton control_id="424" x="622" y="966" right="183" bottom="534" width="275" height="100" style_class="0" custom_class="PB_102_next" text="다음 페이지" font="Noto Sans KR Medium,31.5,500,0,0,0" fore_color="000A0A0A" back_color="00F2F2F2" transparent="1" border="4" image_normal="/BIZ/101/02/PUB/next_bt_G_270x100.png" image_down="/BIZ/101/02/PUB/next_bt_G_270x100_o.png" box_shadow_effect="0" text_margin="0,63,0,0" hover_font="Noto Sans CJK KR,31,500,0,0,0" down_color_use="1" down_forecolor="00C7C2BE" down_backcolor="00F2F2F2" letter_spacing="-2.1px" version="1.1"/>
				<panel control_id="899" semantic_tag="0" x="0" y="0" right="0" bottom="640" width="1080" height="960" back_color="00F6F6F6" border="0" title_font="맑은 고딕,9,0,0,0,0">
					<tab_order order_option="0" order_info="945,428,426,957,436,434,961,444,442,965,452,450"/>
					<text control_id="425" autosize="0" x="208" y="77" right="724" bottom="821" width="148" height="62" custom_class="TX_101_contents" text="탱크보이" font="Noto Sans KR Bold,31.5,1,0,0,0" fore_color="000A0A0A" back_color_opacity="0" line_height="55" letter_spacing="-2.1px" version="1.1"/>
					<imagebox control_id="432" x="51" y="38" right="909" bottom="788" width="120" height="134" back_color_opacity="0" transparent="1" border="0" back_image="/BIZ/101/02/PUB/icecream_img5.png" back_imagesize="1" padding="0,0,0,0" image="/BIZ/101/02/PUB/thum_box.png" imagesize="1" image_width="120" image_height="120"/>
					<text control_id="346" autosize="0" x="62" y="29" right="994" bottom="869" width="24" height="62" text="1" font="Noto Sans CJK KR,32,500,0,0,0" fore_color="00E9E9E9" back_color="00000000" transparent="1" horz_align="1" letter_spacing="-2.1px" version="1.1"/>
					<text control_id="433" autosize="0" x="204" y="273" right="691" bottom="570" width="185" height="117" custom_class="TX_101_contents" text="폴라포&#x0D;&#x0A;포도맛" font="Noto Sans KR Bold,31.5,1,0,0,0" fore_color="000A0A0A" back_color_opacity="0" line_height="55" letter_spacing="-2.1px" version="1.1"/>
					<imagebox control_id="440" x="51" y="256" right="909" bottom="570" width="120" height="134" back_color_opacity="0" transparent="1" border="0" back_image="/BIZ/101/02/PUB/icecream_img6.png" back_imagesize="1" padding="0,0,0,0" image="/BIZ/101/02/PUB/thum_box.png" imagesize="1" image_width="120" image_height="120"/>
					<text control_id="441" autosize="0" x="208" y="513" right="687" bottom="385" width="185" height="62" custom_class="TX_101_contents" text="녹차마루" font="Noto Sans KR Bold,31.5,1,0,0,0" fore_color="000A0A0A" back_color_opacity="0" line_height="55" letter_spacing="-2.1px" version="1.1"/>
					<imagebox control_id="448" x="51" y="474" right="909" bottom="352" width="120" height="134" back_color_opacity="0" transparent="1" border="0" back_image="/BIZ/101/02/PUB/icecream_img7.png" back_imagesize="1" padding="0,0,0,0" image="/BIZ/101/02/PUB/thum_box.png" imagesize="1" image_width="120" image_height="120"/>
					<text control_id="449" autosize="0" x="208" y="706" right="687" bottom="137" width="185" height="117" custom_class="TX_101_contents" text="쿠앤크&#x0D;&#x0A;피스타치오" font="Noto Sans KR Bold,31.5,1,0,0,0" fore_color="000A0A0A" back_color_opacity="0" line_height="55" letter_spacing="-2.1px" version="1.1"/>
					<imagebox control_id="456" x="51" y="696" right="909" bottom="130" width="120" height="134" back_color_opacity="0" transparent="1" border="0" back_image="/BIZ/101/02/PUB/icecream_img8.png" back_imagesize="1" padding="0,0,0,0" image="/BIZ/101/02/PUB/thum_box.png" imagesize="1" image_width="120" image_height="120"/>
					<text control_id="460" autosize="0" x="62" y="243" right="994" bottom="655" width="24" height="62" text="2" font="Noto Sans CJK KR,32,500,0,0,0" fore_color="00E9E9E9" back_color="00000000" transparent="1" horz_align="1" letter_spacing="-2.1px" version="1.1"/>
					<text control_id="461" autosize="0" x="61" y="464" right="995" bottom="434" width="24" height="62" text="3" font="Noto Sans CJK KR,32,500,0,0,0" fore_color="00E9E9E9" back_color="00000000" transparent="1" horz_align="1" letter_spacing="-2.1px" version="1.1"/>
					<text control_id="462" autosize="0" x="60" y="685" right="996" bottom="213" width="24" height="62" text="4" font="Noto Sans CJK KR,32,500,0,0,0" fore_color="00E9E9E9" back_color="00000000" transparent="1" horz_align="1" letter_spacing="-2.1px" version="1.1"/>
					<numericex_field control_id="426" autosize="0" x="700" y="72" right="209" bottom="817" width="171" height="71" custom_input_class="TX_101_subContents" font="Noto Sans KR Bold,36,1,0,0,0" fore_color="00BF581C" back_color_opacity="0" transparent="1" border="0" horz_align="1" letter_spacing="-2.4px" enable="0" default_value="999999" pattern="ZZZ,ZZZ,ZZZ,ZZZ,ZZ9"/>
					<text control_id="427" autosize="0" x="878" y="77" right="163" bottom="821" width="39" height="62" custom_class="TX_101_subContents" text="원" font="Noto Sans CJK KR,32,1,0,0,0" fore_color="00BF581C" back_color_opacity="0" border_radius="0,0,0,0" border_ex="0,0,00B4B4B4,,0,,0,0,1,0,00FFFFFF,00E1E1E1^0,0,00B4B4B4,1^0,0,00B4B4B4,1^0,1,007C726E,1^0,0,00B4B4B4,1" horz_align="1" line_height="62" letter_spacing="-2.1px" version="1.1"/>
					<pushbutton control_id="428" x="933" y="58" right="47" bottom="802" width="100" height="100" style_class="0" custom_class="PB_102_close" text="" font="Noto Sans CJK KR,35,1,0,0,0" fore_color="00FFFFFF" transparent="1" border="4" image_normal="/BIZ/101/02/PUB/bt_close_100.png" box_shadow_effect="0" hover_font="Noto Sans CJK KR,35,1,0,0,0" down_color_use="1" down_forecolor="00F8F8F8" version="1.1"/>
					<numericex_field control_id="434" autosize="0" x="700" y="292" right="209" bottom="597" width="171" height="71" custom_input_class="TX_101_subContents" font="Noto Sans KR Bold,36,1,0,0,0" fore_color="00BF581C" back_color_opacity="0" transparent="1" border="0" horz_align="1" letter_spacing="-2.4px" enable="0" default_value="999999" pattern="ZZZ,ZZZ,ZZZ,ZZZ,ZZ9"/>
					<text control_id="435" autosize="0" x="878" y="297" right="163" bottom="601" width="39" height="62" custom_class="TX_101_subContents" text="원" font="Noto Sans CJK KR,32,1,0,0,0" fore_color="00BF581C" back_color_opacity="0" border_radius="0,0,0,0" border_ex="0,0,00B4B4B4,,0,,0,0,1,0,00FFFFFF,00E1E1E1^0,0,00B4B4B4,1^0,0,00B4B4B4,1^0,1,007C726E,1^0,0,00B4B4B4,1" horz_align="1" line_height="62" letter_spacing="-2.1px" version="1.1"/>
					<pushbutton control_id="436" x="933" y="278" right="47" bottom="582" width="100" height="100" style_class="0" custom_class="PB_102_close" text="" font="Noto Sans CJK KR,35,1,0,0,0" fore_color="00FFFFFF" transparent="1" border="4" image_normal="/BIZ/101/02/PUB/bt_close_100.png" box_shadow_effect="0" hover_font="Noto Sans CJK KR,35,1,0,0,0" down_color_use="1" down_forecolor="00F8F8F8" version="1.1"/>
					<numericex_field control_id="442" autosize="0" x="700" y="512" right="209" bottom="377" width="171" height="71" custom_input_class="TX_101_subContents" font="Noto Sans KR Bold,36,1,0,0,0" fore_color="00BF581C" back_color_opacity="0" transparent="1" border="0" horz_align="1" letter_spacing="-2.4px" enable="0" default_value="999999" pattern="ZZZ,ZZZ,ZZZ,ZZZ,ZZ9"/>
					<text control_id="443" autosize="0" x="878" y="517" right="163" bottom="381" width="39" height="62" custom_class="TX_101_subContents" text="원" font="Noto Sans CJK KR,32,1,0,0,0" fore_color="00BF581C" back_color_opacity="0" border_radius="0,0,0,0" border_ex="0,0,00B4B4B4,,0,,0,0,1,0,00FFFFFF,00E1E1E1^0,0,00B4B4B4,1^0,0,00B4B4B4,1^0,1,007C726E,1^0,0,00B4B4B4,1" horz_align="1" line_height="62" letter_spacing="-2.1px" version="1.1"/>
					<pushbutton control_id="444" x="933" y="498" right="47" bottom="362" width="100" height="100" style_class="0" custom_class="PB_102_close" text="" font="Noto Sans CJK KR,35,1,0,0,0" fore_color="00FFFFFF" transparent="1" border="4" image_normal="/BIZ/101/02/PUB/bt_close_100.png" box_shadow_effect="0" hover_font="Noto Sans CJK KR,35,1,0,0,0" down_color_use="1" down_forecolor="00F8F8F8" version="1.1"/>
					<numericex_field control_id="450" autosize="0" x="700" y="732" right="209" bottom="157" width="171" height="71" custom_input_class="TX_101_subContents" font="Noto Sans KR Bold,36,1,0,0,0" fore_color="00BF581C" back_color_opacity="0" transparent="1" border="0" horz_align="1" letter_spacing="-2.4px" enable="0" default_value="999999" pattern="ZZZ,ZZZ,ZZZ,ZZZ,ZZ9"/>
					<text control_id="451" autosize="0" x="878" y="737" right="163" bottom="161" width="39" height="62" custom_class="TX_101_subContents" text="원" font="Noto Sans CJK KR,32,1,0,0,0" fore_color="00BF581C" back_color_opacity="0" border_radius="0,0,0,0" border_ex="0,0,00B4B4B4,,0,,0,0,1,0,00FFFFFF,00E1E1E1^0,0,00B4B4B4,1^0,0,00B4B4B4,1^0,1,007C726E,1^0,0,00B4B4B4,1" horz_align="1" line_height="62" letter_spacing="-2.1px" version="1.1"/>
					<pushbutton control_id="452" x="933" y="718" right="47" bottom="142" width="100" height="100" style_class="0" custom_class="PB_102_close" text="" font="Noto Sans CJK KR,35,1,0,0,0" fore_color="00FFFFFF" transparent="1" border="4" image_normal="/BIZ/101/02/PUB/bt_close_100.png" box_shadow_effect="0" hover_font="Noto Sans CJK KR,35,1,0,0,0" down_color_use="1" down_forecolor="00F8F8F8" version="1.1"/>
					<line control_id="369" x1="40" y1="218" x2="1054" y2="218" right="26" bottom="742" line_width="1"/>
					<line control_id="457" x1="40" y1="436" x2="1054" y2="436" right="26" bottom="524" line_width="1"/>
					<line control_id="458" x1="40" y1="654" x2="1054" y2="654" right="26" bottom="306" line_width="1"/>
					<panel control_id="945" semantic_tag="0" x="445" y="47" right="405" bottom="783" width="230" height="130" custom_class="PN_102_num TX_101_subContents" transparent="1" back_image="/BIZ/101/02/PUB/menulist_numbox_bg-1.png" border="0" border_radius="14" border_ex="0,1,00B4B4B4,,0,0-0-0-0,0,0,1,0,00FFFFFF,00E1E1E1^0,0,00B4B4B4,1^0,0,00B4B4B4,1^0,0,00B4B4B4,1^0,0,00B4B4B4,1" title_font="맑은 고딕,9,0,0,0,0">
						<tab_order order_option="0" order_info="948,946"/>
						<pushbutton control_id="946" x="156" y="7" right="7" bottom="6" width="65" height="115" style_class="0" custom_class="PB_102_plus" text="" font="Noto Sans CJK KR,35,1,0,0,0" fore_color="00FFFFFF" transparent="1" border="4" border_radius="9" image_normal="/BIZ/101/02/PUB/menulist_plus_bt.png" image_focus="/BIZ/101/02/PUB/menulist_plus_bt_dim.png" image_down="/BIZ/101/02/PUB/menulist_plus_bt-1.png" box_shadow_effect="0" hover_font="Noto Sans CJK KR,35,1,0,0,0" down_color_use="1" down_forecolor="00F8F8F8" version="1.1"/>
						<text control_id="947" autosize="0" x="91" y="34" right="88" bottom="32" width="49" height="62" custom_class="TX_101_subContents" text="99" font="Noto Sans KR Bold,31.5,1,0,0,0" transparent="1" version="1.1"/>
						<pushbutton control_id="948" x="9" y="7" right="154" bottom="6" width="65" height="115" style_class="0" custom_class="PB_102_minus" text="" font="Noto Sans CJK KR,35,1,0,0,0" fore_color="00FFFFFF" transparent="1" border="4" border_radius="9" image_normal="/BIZ/101/02/PUB/menulist_minus_bt.png" image_focus="/BIZ/101/02/PUB/menulist_minus_bt_dim.png" image_down="/BIZ/101/02/PUB/menulist_minus_bt-1.png" box_shadow_effect="0" hover_font="Noto Sans CJK KR,35,1,0,0,0" down_color_use="1" down_forecolor="00F8F8F8" version="1.1"/>
					</panel>
					<panel control_id="957" semantic_tag="0" x="445" y="267" right="405" bottom="563" width="230" height="130" custom_class="PN_102_num TX_101_subContents" transparent="1" back_image="/BIZ/101/02/PUB/menulist_numbox_bg-1.png" border="0" border_radius="14" border_ex="0,1,00B4B4B4,,0,0-0-0-0,0,0,1,0,00FFFFFF,00E1E1E1^0,0,00B4B4B4,1^0,0,00B4B4B4,1^0,0,00B4B4B4,1^0,0,00B4B4B4,1" title_font="맑은 고딕,9,0,0,0,0">
						<tab_order order_option="0" order_info="960,958"/>
						<pushbutton control_id="958" x="156" y="7" right="7" bottom="6" width="65" height="115" style_class="0" custom_class="PB_102_plus" text="" font="Noto Sans CJK KR,35,1,0,0,0" fore_color="00FFFFFF" transparent="1" border="4" border_radius="9" image_normal="/BIZ/101/02/PUB/menulist_plus_bt.png" image_focus="/BIZ/101/02/PUB/menulist_plus_bt_dim.png" image_down="/BIZ/101/02/PUB/menulist_plus_bt-1.png" box_shadow_effect="0" hover_font="Noto Sans CJK KR,35,1,0,0,0" down_color_use="1" down_forecolor="00F8F8F8" version="1.1"/>
						<text control_id="959" autosize="0" x="91" y="34" right="88" bottom="32" width="49" height="62" custom_class="TX_101_subContents" text="99" font="Noto Sans KR Bold,31.5,1,0,0,0" transparent="1" version="1.1"/>
						<pushbutton control_id="960" x="9" y="7" right="154" bottom="6" width="65" height="115" style_class="0" custom_class="PB_102_minus" text="" font="Noto Sans CJK KR,35,1,0,0,0" fore_color="00FFFFFF" transparent="1" border="4" border_radius="9" image_normal="/BIZ/101/02/PUB/menulist_minus_bt.png" image_focus="/BIZ/101/02/PUB/menulist_minus_bt_dim.png" image_down="/BIZ/101/02/PUB/menulist_minus_bt-1.png" box_shadow_effect="0" hover_font="Noto Sans CJK KR,35,1,0,0,0" down_color_use="1" down_forecolor="00F8F8F8" version="1.1"/>
					</panel>
					<panel control_id="961" semantic_tag="0" x="445" y="487" right="405" bottom="343" width="230" height="130" custom_class="PN_102_num TX_101_subContents" transparent="1" back_image="/BIZ/101/02/PUB/menulist_numbox_bg-1.png" border="0" border_radius="14" border_ex="0,1,00B4B4B4,,0,0-0-0-0,0,0,1,0,00FFFFFF,00E1E1E1^0,0,00B4B4B4,1^0,0,00B4B4B4,1^0,0,00B4B4B4,1^0,0,00B4B4B4,1" title_font="맑은 고딕,9,0,0,0,0">
						<tab_order order_option="0" order_info="964,962"/>
						<pushbutton control_id="962" x="156" y="7" right="7" bottom="6" width="65" height="115" style_class="0" custom_class="PB_102_plus" text="" font="Noto Sans CJK KR,35,1,0,0,0" fore_color="00FFFFFF" transparent="1" border="4" border_radius="9" image_normal="/BIZ/101/02/PUB/menulist_plus_bt.png" image_focus="/BIZ/101/02/PUB/menulist_plus_bt_dim.png" image_down="/BIZ/101/02/PUB/menulist_plus_bt-1.png" box_shadow_effect="0" hover_font="Noto Sans CJK KR,35,1,0,0,0" down_color_use="1" down_forecolor="00F8F8F8" version="1.1"/>
						<text control_id="963" autosize="0" x="91" y="34" right="88" bottom="32" width="49" height="62" custom_class="TX_101_subContents" text="99" font="Noto Sans KR Bold,31.5,1,0,0,0" transparent="1" version="1.1"/>
						<pushbutton control_id="964" x="9" y="7" right="154" bottom="6" width="65" height="115" style_class="0" custom_class="PB_102_minus" text="" font="Noto Sans CJK KR,35,1,0,0,0" fore_color="00FFFFFF" transparent="1" border="4" border_radius="9" image_normal="/BIZ/101/02/PUB/menulist_minus_bt.png" image_focus="/BIZ/101/02/PUB/menulist_minus_bt_dim.png" image_down="/BIZ/101/02/PUB/menulist_minus_bt-1.png" box_shadow_effect="0" hover_font="Noto Sans CJK KR,35,1,0,0,0" down_color_use="1" down_forecolor="00F8F8F8" version="1.1"/>
					</panel>
					<panel control_id="965" semantic_tag="0" x="445" y="707" right="405" bottom="123" width="230" height="130" custom_class="PN_102_num TX_101_subContents" transparent="1" back_image="/BIZ/101/02/PUB/menulist_numbox_bg-1.png" border="0" border_radius="14" border_ex="0,1,00B4B4B4,,0,0-0-0-0,0,0,1,0,00FFFFFF,00E1E1E1^0,0,00B4B4B4,1^0,0,00B4B4B4,1^0,0,00B4B4B4,1^0,0,00B4B4B4,1" title_font="맑은 고딕,9,0,0,0,0">
						<tab_order order_option="0" order_info="968,966"/>
						<pushbutton control_id="966" x="156" y="7" right="7" bottom="6" width="65" height="115" style_class="0" custom_class="PB_102_plus" text="" font="Noto Sans CJK KR,35,1,0,0,0" fore_color="00FFFFFF" transparent="1" border="4" border_radius="9" image_normal="/BIZ/101/02/PUB/menulist_plus_bt.png" image_focus="/BIZ/101/02/PUB/menulist_plus_bt_dim.png" image_down="/BIZ/101/02/PUB/menulist_plus_bt-1.png" box_shadow_effect="0" hover_font="Noto Sans CJK KR,35,1,0,0,0" down_color_use="1" down_forecolor="00F8F8F8" version="1.1"/>
						<text control_id="967" autosize="0" x="91" y="34" right="88" bottom="32" width="49" height="62" custom_class="TX_101_subContents" text="99" font="Noto Sans KR Bold,31.5,1,0,0,0" transparent="1" version="1.1"/>
						<pushbutton control_id="968" x="9" y="7" right="154" bottom="6" width="65" height="115" style_class="0" custom_class="PB_102_minus" text="" font="Noto Sans CJK KR,35,1,0,0,0" fore_color="00FFFFFF" transparent="1" border="4" border_radius="9" image_normal="/BIZ/101/02/PUB/menulist_minus_bt.png" image_focus="/BIZ/101/02/PUB/menulist_minus_bt_dim.png" image_down="/BIZ/101/02/PUB/menulist_minus_bt-1.png" box_shadow_effect="0" hover_font="Noto Sans CJK KR,35,1,0,0,0" down_color_use="1" down_forecolor="00F8F8F8" version="1.1"/>
					</panel>
				</panel>
				<text control_id="906" autosize="0" x="502" y="976" right="499" bottom="562" width="79" height="62" custom_class="TX_101_contents" text="&lt;font class=&quot;TX_101_subContents&quot; color=&quot;#1674D2&quot;&gt;2 &lt;/font&gt;/ 2" font="Noto Sans KR Medium,31.5,500,0,0,0" transparent="1" letter_spacing="-2.1px" version="1.1"/>
			</panel>
			<panel control_id="238" semantic_tag="0" x="0" y="230" right="0" bottom="1600" width="1080" height="90" custom_class="PN_102_rec" back_color="00D47416" border="0" border_color="00D47416" title_font="맑은 고딕,9,0,0,0,0">
				<text control_id="239" autosize="0" x="75" y="14" right="927" bottom="14" width="78" height="62" text="상품" font="Noto Sans KR Bold,31.5,1,0,0,0" fore_color="00F8F8F8" back_color="00D47416" transparent="1" horz_align="1" line_height="62" version="1.1"/>
				<text control_id="242" autosize="0" x="521" y="14" right="481" bottom="14" width="78" height="62" text="수량" font="Noto Sans KR Bold,31.5,1,0,0,0" fore_color="00F8F8F8" back_color="00D47416" transparent="1" horz_align="1" line_height="62" version="1.1"/>
				<text control_id="243" autosize="0" x="777" y="14" right="225" bottom="14" width="78" height="62" custom_class="TX_102_contents" text="가격" font="Noto Sans KR Bold,31.5,1,0,0,0" fore_color="00F8F8F8" back_color="00D47416" transparent="1" horz_align="1" line_height="62" version="1.1"/>
			</panel>
			<panel control_id="233" semantic_tag="0" x="0" y="80" right="0" bottom="1690" width="1080" height="150" custom_class="PN_101_bgG" back_color="00B4B4B4" back_image="/BIZ/101/02/PUB/tab.png" border="0" title_font="맑은 고딕,9,0,0,0,0">
				<tab_order order_option="0" order_info="895"/>
				<text control_id="217" autosize="0" x="68" y="80" right="810" bottom="8" width="202" height="62" custom_class="TX_101_stepDone" text="바코드 읽기" font="Noto Sans KR Regular,31.5,0,0,0,0" fore_color="000A0A0A" back_color="00DFDDDC" transparent="1" back_imagehorzalign="1" horz_align="1" version="1.1"/>
				<text control_id="219" autosize="0" x="335" y="80" right="590" bottom="8" width="155" height="62" custom_class="TX_101_step" text="결제하기" font="Noto Sans KR Regular,31.5,0,0,0,0" fore_color="006C5E5A" back_color="00DFDDDC" transparent="1" horz_align="1" version="1.1"/>
				<text control_id="223" autosize="0" x="625" y="80" right="378" bottom="8" width="77" height="62" custom_class="TX_101_step" text="완료" font="Noto Sans KR Regular,31.5,0,0,0,0" fore_color="006C5E5A" back_color="00DFDDDC" transparent="1" horz_align="1" version="1.1"/>
				<panel control_id="895" semantic_tag="0" x="132" y="6" right="384" bottom="70" width="564" height="74" custom_class="PN_102_stepBar_1" transparent="1" back_image="/BIZ/101/02/PUB/comn_3step_B_S_bar_1.png" border="0" title_font="맑은 고딕,9,0,0,0,0"></panel>
			</panel>
			<panel control_id="6" semantic_tag="0" x="0" y="0" right="0" bottom="1840" width="1080" height="80" custom_class="PN_101_back" border="0" vertscrollbar_style="0" horzscrollbar_style="0" boxshadow_type="1" title_font="맑은 고딕,9,0,0,0,0">
				<tab_order order_option="0" order_info="192,214,193,884"/>
				<pushbutton control_id="192" name="btn_Home" x="14" y="5" right="866" bottom="5" width="200" height="70" style_class="0" custom_class="PB_101_home" text="처음으로" font="Noto Sans KR Medium,31.5,500,0,0,0" fore_color="000A0A0A" back_color="00FBFBFB" border="4" border_color="007A665E" border_radius="35,35,35,35" image_normal="/BIZ/101/01/PUB/home_bt_G.png" image_down="/BIZ/101/01/PUB/home_bt_G_o.png" image_vert_align="1" box_shadow_effect="0" horz_align="0" line_height="62" text_margin="40,0,0,0" hover_font="맑은 고딕,9,0,0,0,0" down_color_use="3" down_backcolor="006D574E" letter_spacing="-2.1px" version="1.1"/>
				<pushbutton control_id="193" name="btn_Call" x="866" y="5" right="14" bottom="5" width="200" height="70" style_class="0" custom_class="PB_101_call" text="직원호출" font="Noto Sans KR Medium,31.5,500,0,0,0" fore_color="00FFFFFF" back_color="00FBFBFB" border="4" border_color="000000D1" border_radius="35" image_normal="/BIZ/101/01/PUB/call_bt_R.png" image_down="/BIZ/101/01/PUB/call_bt_R_o.png" image_vert_align="1" box_shadow_effect="0" horz_align="0" line_height="62" text_margin="39,0,0,0" hover_font="맑은 고딕,9,0,0,0,0" down_color_use="3" down_backcolor="0011119C" letter_spacing="-2.1px" version="1.1"/>
				<pushbutton control_id="214" name="btn_Flag" x="758" y="5" right="252" bottom="5" width="70" height="70" style_class="0" custom_class="PB_101_selLanguage" text="" font="Noto Sans CJK KR,32,0,0,0,0" fore_color="000A0A0A" transparent="1" border="4" border_color="00E2E2E2" border_radius="44" image_normal="/BIZ/101/01/PUB/language_lound_bt.png" image_down="/BIZ/101/01/PUB/language_lound_kr_bt_o.png" box_shadow_effect="0" horz_align="2" line_height="62" text_margin="" text_wordellipsis="0" hover_font="맑은 고딕,9,0,0,0,0" down_color_use="2" down_forecolor="00F8F8F8" version="1.1"/>
				<pushbutton control_id="884" x="405" y="24" right="404" bottom="25" width="271" height="31" style_class="0" custom_class="IM_102_title" text="" font="맑은 고딕,9,0,0,0,0" transparent="1" border="4" image_normal="/BIZ/101/02/PUB/logo_icecream.png" imagesize="2" hover_font="맑은 고딕,9,0,0,0,0" version="1.1"/>
			</panel>
		</panel>
	</map>
</map_list>
