﻿<?xml version="1.0" encoding="UTF-8"?>
<map_list>
	<map>
		<screen version="2.0" scriptcode="java" title="무인상품판매기_결제방법" directory="/BIZ/101/02/" screenid="10102007" last_update_date="2024-11-13 14:36:01" width="1080" width_type="0" height="1920" height_type="0" canvas_width="1100" canvas_height="1930" on_load="eventfunc:screen_on_load()" funclist="screen_on_load"/>
		<panel control_id="4" semantic_tag="0" x="0" y="0" right="0" bottom="0" width="1080" height="1920" custom_class="PN_101_startBack" back_color="00F6F6F6" border="0" title_font="맑은 고딕,9,0,0,0,0">
			<tab_order order_option="0" order_info="6,233,1187,1190,1191,1192,7"/>
			<text control_id="246" autosize="0" x="267" y="388" right="267" bottom="1443" width="546" height="89" custom_class="TX_101_contents" text="&lt;font class=&quot;TX_101_subContents&quot; color=&quot;#1674D2&quot;&gt;결제 방법&lt;/font&gt;을 선택하세요" font="Noto Sans KR Bold,45,1,0,0,0" fore_color="000A0A0A" transparent="1" letter_spacing="-3px" version="1.1"/>
			<panel control_id="1187" semantic_tag="0" x="0" y="636" right="0" bottom="1084" width="1080" height="200" custom_class="PN_102_rec" back_color="00D27416" title_font="맑은 고딕,9,0,0,0,0">
				<tab_order order_option="0" order_info="450"/>
				<text control_id="1189" autosize="0" x="162" y="56" right="641" bottom="53" width="275" height="89" text="총 결제금액 " font="Noto Sans KR Medium,45,500,0,0,0" fore_color="00F8F8F8" back_color="00D47416" transparent="1" letter_spacing="-3px" version="1.1"/>
				<numericex_field control_id="450" autosize="0" x="607" y="34" right="257" bottom="31" width="214" height="133" font="Noto Sans KR Medium,67.5,500,0,0,0" fore_color="00FFFFFF" back_color="00D47416" back_color_opacity="0" transparent="1" border="0" letter_spacing="-4.5px" enable="0" default_value="9000" pattern="ZZZ,ZZZ,ZZZ,ZZZ,ZZ9"/>
				<text control_id="451" autosize="0" x="857" y="56" right="166" bottom="53" width="55" height="89" text="원" font="Noto Sans KR Medium,45,500,0,0,0" fore_color="00FFFFFF" back_color="00D47416" back_color_opacity="0" border_radius="0,0,0,0" border_ex="0,0,00B4B4B4,,0,,0,0,1,0,00FFFFFF,00E1E1E1^0,0,00B4B4B4,1^0,0,00B4B4B4,1^0,1,007C726E,1^0,0,00B4B4B4,1" letter_spacing="-3px" version="1.1"/>
				<line control_id="332" x1="510" y1="78" x2="510" y2="125" right="568" bottom="73" line_color="00FFFFFF"/>
			</panel>
			<pushbutton control_id="1190" x="101" y="948" right="694" bottom="692" width="285" height="280" style_class="0" custom_class="PB_102_cade" text="신용카드" font="Noto Sans KR Bold,33.8,1,0,0,0" border="4" border_radius="15" image_normal="/BIZ/101/02/PUB/pay_card_bt_285x280.png" image_down="/BIZ/101/02/PUB/pay_card_bt_285x280_o.png" image_vert_align="1" vert_align="2" line_height="55" text_margin="0,0,0,34" hover_font="맑은 고딕,9,0,0,0,0" letter_spacing="-2.25px" version="1.1"/>
			<pushbutton control_id="1191" x="398" y="948" right="397" bottom="692" width="285" height="280" style_class="0" custom_class="PB_102_NIA" text="NIA페이" font="Noto Sans KR Bold,33.8,1,0,0,0" border="4" border_radius="15" image_normal="/BIZ/101/02/PUB/pay_pay_bt_285x280.png" image_down="/BIZ/101/02/PUB/pay_pay_bt_285x280_o.png" image_vert_align="1" vert_align="2" line_height="55" text_margin="0,0,0,34" hover_font="맑은 고딕,9,0,0,0,0" letter_spacing="-2.25px" version="1.1"/>
			<pushbutton control_id="1192" x="695" y="948" right="100" bottom="692" width="285" height="280" style_class="0" custom_class="PB_102_cash" text="현금" font="Noto Sans KR Bold,33.8,1,0,0,0" border="4" border_radius="15" image_normal="/BIZ/101/02/PUB/pay_cash_bt_285x280.png" image_down="/BIZ/101/02/PUB/pay_cash_bt_285x280_o.png" image_horz_align="1" image_vert_align="1" vert_align="2" line_height="55" text_margin="0,0,0,34" hover_font="맑은 고딕,9,0,0,0,0" letter_spacing="-2.25px" version="1.1"/>
			<panel control_id="233" semantic_tag="0" x="0" y="80" right="0" bottom="1690" width="1080" height="150" custom_class="PN_101_bgG" back_color="00B4B4B4" back_image="/BIZ/101/02/PUB/tab.png" border="0" title_font="맑은 고딕,9,0,0,0,0">
				<tab_order order_option="0" order_info="895"/>
				<text control_id="217" autosize="0" x="68" y="80" right="810" bottom="8" width="202" height="62" custom_class="TX_101_stepDone" text="바코드 읽기" font="Noto Sans KR Regular,31.5,0,0,0,0" fore_color="000A0A0A" back_color="00DFDDDC" transparent="1" back_imagehorzalign="1" horz_align="1" version="1.1"/>
				<text control_id="219" autosize="0" x="335" y="80" right="590" bottom="8" width="155" height="62" custom_class="TX_101_stepDone" text="결제하기" font="Noto Sans KR Regular,31.5,0,0,0,0" fore_color="000A0A0A" back_color="00DFDDDC" transparent="1" horz_align="1" version="1.1"/>
				<text control_id="223" autosize="0" x="625" y="80" right="378" bottom="8" width="77" height="62" custom_class="TX_101_step" text="완료" font="Noto Sans KR Regular,31.5,0,0,0,0" fore_color="006C5E5A" back_color="00DFDDDC" transparent="1" horz_align="1" version="1.1"/>
				<panel control_id="895" semantic_tag="0" x="132" y="6" right="390" bottom="70" width="558" height="74" custom_class="PN_102_stepBar_2" transparent="1" back_image="/BIZ/101/02/PUB/comn_3step_B_S_bar_2.png" border="0" title_font="맑은 고딕,9,0,0,0,0"></panel>
			</panel>
			<panel control_id="7" semantic_tag="0" x="0" y="1805" right="0" bottom="0" width="1080" height="115" custom_class="PN_101_back" border="0" boxshadow_type="1" title_font="맑은 고딕,9,0,0,0,0">
				<tab_order order_option="0" order_info="48,230"/>
				<pushbutton control_id="230" name="btn_Acc" x="866" y="18" right="14" bottom="17" width="200" height="80" style_class="0" custom_class="PB_101_access" text="접근성" font="Noto Sans KR,31.5,1,0,0,0" fore_color="00FFFFFF" transparent="1" border="4" border_color="00E2E2E2" border_radius="44" image_normal="/BIZ/101/01/PUB/lowsc_bt.png" image_down="/BIZ/101/01/PUB/lowsc_bt_o.png" box_shadow_effect="0" horz_align="0" line_height="62" text_margin="63,0,0,0" text_wordellipsis="0" hover_font="맑은 고딕,9,0,0,0,0" down_color_use="2" down_forecolor="00F8F8F8" letter_spacing="-2.1px" version="1.1"/>
				<pushbutton control_id="48" name="btn_Prev" x="14" y="18" right="851" bottom="17" width="215" height="80" style_class="0" custom_class="PB_101_Previous" text="이전" font="Noto Sans KR,31.5,1,0,0,0" fore_color="000A0A0A" transparent="1" border="4" border_color="00F6F6F6" border_radius="45" image_normal="/BIZ/101/01/PUB/back_bt.png" image_down="/BIZ/101/01/PUB/back_bt_o.png" image_vert_align="1" box_shadow_effect="0" line_height="62" hover_font="맑은 고딕,9,0,0,0,0" down_color_use="3" down_backcolor="0019AADE" letter_spacing="-2.1px" version="1.1"/>
			</panel>
			<panel control_id="6" semantic_tag="0" x="0" y="0" right="0" bottom="1840" width="1080" height="80" custom_class="PN_101_back" border="0" vertscrollbar_style="0" horzscrollbar_style="0" boxshadow_type="1" title_font="맑은 고딕,9,0,0,0,0">
				<tab_order order_option="0" order_info="192,214,193,884"/>
				<pushbutton control_id="192" name="btn_Home" x="14" y="5" right="866" bottom="5" width="200" height="70" style_class="0" custom_class="PB_101_home" text="처음으로" font="Noto Sans KR Medium,31.5,500,0,0,0" fore_color="000A0A0A" back_color="00FBFBFB" border="4" border_color="007A665E" border_radius="35,35,35,35" image_normal="/BIZ/101/01/PUB/home_bt_G.png" image_down="/BIZ/101/01/PUB/home_bt_G_o.png" image_vert_align="1" box_shadow_effect="0" horz_align="0" line_height="62" text_margin="40,0,0,0" hover_font="맑은 고딕,9,0,0,0,0" down_color_use="3" down_backcolor="006D574E" letter_spacing="-2.1px" version="1.1"/>
				<pushbutton control_id="193" name="btn_Call" x="866" y="5" right="14" bottom="5" width="200" height="70" style_class="0" custom_class="PB_101_call" text="직원호출" font="Noto Sans KR Medium,31.5,500,0,0,0" fore_color="00FFFFFF" back_color="00FBFBFB" border="4" border_color="000000D1" border_radius="35" image_normal="/BIZ/101/01/PUB/call_bt_R.png" image_down="/BIZ/101/01/PUB/call_bt_R_o.png" image_vert_align="1" box_shadow_effect="0" horz_align="0" line_height="62" text_margin="39,0,0,0" hover_font="맑은 고딕,9,0,0,0,0" down_color_use="3" down_backcolor="0011119C" letter_spacing="-2.1px" version="1.1"/>
				<pushbutton control_id="214" name="btn_Flag" x="758" y="5" right="252" bottom="5" width="70" height="70" style_class="0" custom_class="PB_101_selLanguage" text="" font="Noto Sans CJK KR,32,0,0,0,0" fore_color="000A0A0A" transparent="1" border="4" border_color="00E2E2E2" border_radius="44" image_normal="/BIZ/101/01/PUB/language_lound_bt.png" image_down="/BIZ/101/01/PUB/language_lound_kr_bt_o.png" box_shadow_effect="0" horz_align="2" line_height="62" text_margin="" text_wordellipsis="0" hover_font="맑은 고딕,9,0,0,0,0" down_color_use="2" down_forecolor="00F8F8F8" version="1.1"/>
				<pushbutton control_id="884" x="405" y="24" right="404" bottom="25" width="271" height="31" style_class="0" custom_class="IM_102_title" text="" font="맑은 고딕,9,0,0,0,0" transparent="1" border="4" image_normal="/BIZ/101/02/PUB/logo_icecream.png" imagesize="2" hover_font="맑은 고딕,9,0,0,0,0" version="1.1"/>
			</panel>
		</panel>
	</map>
</map_list>
