﻿<?xml version="1.0" encoding="UTF-8"?>
<map_list>
	<map>
		<screen version="2.0" scriptcode="java" title="무인상품판매기_포장봉투" directory="/BIZ/101/02/" screenid="10102006" last_update_date="2024-10-25 13:14:40" width="1080" width_type="0" height="1920" height_type="0" canvas_width="1100" canvas_height="1930" on_load="eventfunc:screen_on_load()" funclist="screen_on_load"/>
		<panel control_id="4" semantic_tag="0" x="0" y="0" right="0" bottom="0" width="1080" height="1920" custom_class="PN_101_startBack" back_color="00F6F6F6" border="0" title_font="맑은 고딕,9,0,0,0,0">
			<tab_order order_option="0" order_info="6,233,238,1174,1173,7"/>
			<imagebox control_id="235" x="0" y="735" right="0" bottom="585" width="1080" height="600" back_color="00878787" transparent="0" border="0" padding="0,0,0,0"/>
			<text control_id="236" autosize="0" x="324" y="960" right="327" bottom="828" width="429" height="132" text="추후 교체 예정" font="Noto Sans KR,46.5,0,0,0,0" fore_color="00FFFFFF" back_color="001515CF" back_color_opacity="7" horz_align="1" line_height="93" letter_spacing="-2.75px" version="1.1"/>
			<text control_id="246" autosize="0" x="166" y="388" right="166" bottom="1353" width="748" height="179" custom_class="TX_101_contents" text="&lt;font class=&quot;TX_101_subContents&quot; color=&quot;#1674D2&quot;&gt;포장봉투&lt;/font&gt;를 구매하시겠습니까? &#x0D;&#x0A;환경부담금 &lt;font class=&quot;TX_101_subContents&quot; color=&quot;#1674D2&quot;&gt;100원&lt;/font&gt;이 추가됩니다" font="Noto Sans KR Bold,45,1,0,0,0" fore_color="000A0A0A" transparent="1" horz_align="1" line_height="90" letter_spacing="-3px" version="1.1"/>
			<pushbutton control_id="1173" x="550" y="1478" right="170" bottom="212" width="360" height="230" style_class="0" custom_class="PB_101_yes" text="예" font="Noto Sans KR Bold,34.5,1,0,0,0" fore_color="000A0A0A" transparent="1" border="4" border_color="00E6E6E6" border_radius="15" image_normal="/BIZ/101/01/PUB/point_yes_bt_360x230.png" image_down="/BIZ/101/01/PUB/point_yes_bt_360x230_o.png" image_vert_align="1" box_shadow_effect="0" vert_align="2" line_height="68" text_margin="0,0,0,35" hover_font="맑은 고딕,9,0,0,0,0" down_color_use="4" down_forecolor="000A0A0A" down_backcolor="00D1D1D1" down_bordercolor="00D1D1D1" version="1.1"/>
			<pushbutton control_id="1174" x="170" y="1477" right="550" bottom="213" width="360" height="230" style_class="0" custom_class="PB_101_no" text="아니요" font="Noto Sans KR Bold,34.5,1,0,0,0" transparent="1" border="4" border_color="00E6E6E6" border_radius="15" image_normal="/BIZ/101/01/PUB/point_no_bt_360x230.png" image_down="/BIZ/101/01/PUB/point_no_bt_360x230_o.png" image_vert_align="1" box_shadow_effect="0" vert_align="2" line_height="68" text_margin="0,0,0,35" hover_font="맑은 고딕,9,0,0,0,0" down_color_use="4" down_forecolor="000A0A0A" down_backcolor="00D1D1D1" down_bordercolor="00D1D1D1" version="1.1"/>
			<panel control_id="238" semantic_tag="0" x="0" y="230" right="0" bottom="1600" width="1080" height="90" custom_class="PN_102_rec" back_color="00D47416" border="0" border_color="00D47416" title_font="맑은 고딕,9,0,0,0,0">
				<text control_id="239" autosize="0" x="75" y="14" right="927" bottom="14" width="78" height="62" text="상품" font="Noto Sans KR Bold,31.5,1,0,0,0" fore_color="00F8F8F8" back_color="00D47416" transparent="1" horz_align="1" line_height="62" version="1.1"/>
				<text control_id="242" autosize="0" x="521" y="14" right="481" bottom="14" width="78" height="62" text="수량" font="Noto Sans KR Bold,31.5,1,0,0,0" fore_color="00F8F8F8" back_color="00D47416" transparent="1" horz_align="1" line_height="62" version="1.1"/>
				<text control_id="243" autosize="0" x="777" y="14" right="225" bottom="14" width="78" height="62" custom_class="TX_102_contents" text="가격" font="Noto Sans KR Bold,31.5,1,0,0,0" fore_color="00F8F8F8" back_color="00D47416" transparent="1" horz_align="1" line_height="62" version="1.1"/>
			</panel>
			<panel control_id="233" semantic_tag="0" x="0" y="80" right="0" bottom="1690" width="1080" height="150" custom_class="PN_101_bgG" back_color="00B4B4B4" back_image="/BIZ/101/02/PUB/tab.png" border="0" title_font="맑은 고딕,9,0,0,0,0">
				<tab_order order_option="0" order_info="895"/>
				<text control_id="217" autosize="0" x="68" y="80" right="810" bottom="8" width="202" height="62" custom_class="TX_101_stepDone" text="바코드 읽기" font="Noto Sans KR Regular,31.5,0,0,0,0" fore_color="000A0A0A" back_color="00DFDDDC" transparent="1" back_imagehorzalign="1" horz_align="1" version="1.1"/>
				<text control_id="219" autosize="0" x="335" y="80" right="590" bottom="8" width="155" height="62" custom_class="TX_101_step" text="결제하기" font="Noto Sans KR Regular,31.5,0,0,0,0" fore_color="006C5E5A" back_color="00DFDDDC" transparent="1" horz_align="1" version="1.1"/>
				<text control_id="223" autosize="0" x="625" y="80" right="378" bottom="8" width="77" height="62" custom_class="TX_101_step" text="완료" font="Noto Sans KR Regular,31.5,0,0,0,0" fore_color="006C5E5A" back_color="00DFDDDC" transparent="1" horz_align="1" version="1.1"/>
				<panel control_id="895" semantic_tag="0" x="132" y="6" right="384" bottom="70" width="564" height="74" custom_class="PN_102_stepBar_1" transparent="1" back_image="/BIZ/101/02/PUB/comn_3step_B_S_bar_1.png" border="0" title_font="맑은 고딕,9,0,0,0,0"></panel>
			</panel>
			<panel control_id="6" semantic_tag="0" x="0" y="0" right="0" bottom="1840" width="1080" height="80" custom_class="PN_101_back" border="0" vertscrollbar_style="0" horzscrollbar_style="0" boxshadow_type="1" title_font="맑은 고딕,9,0,0,0,0">
				<tab_order order_option="0" order_info="192,214,193,884"/>
				<pushbutton control_id="192" name="btn_Home" x="14" y="5" right="866" bottom="5" width="200" height="70" style_class="0" custom_class="PB_101_home" text="처음으로" font="Noto Sans KR Medium,31.5,500,0,0,0" fore_color="000A0A0A" back_color="00FBFBFB" border="4" border_color="007A665E" border_radius="35,35,35,35" image_normal="/BIZ/101/01/PUB/home_bt_G.png" image_down="/BIZ/101/01/PUB/home_bt_G_o.png" image_vert_align="1" box_shadow_effect="0" horz_align="0" line_height="62" text_margin="40,0,0,0" hover_font="맑은 고딕,9,0,0,0,0" down_color_use="3" down_backcolor="006D574E" letter_spacing="-2.1px" version="1.1"/>
				<pushbutton control_id="193" name="btn_Call" x="866" y="5" right="14" bottom="5" width="200" height="70" style_class="0" custom_class="PB_101_call" text="직원호출" font="Noto Sans KR Medium,31.5,500,0,0,0" fore_color="00FFFFFF" back_color="00FBFBFB" border="4" border_color="000000D1" border_radius="35" image_normal="/BIZ/101/01/PUB/call_bt_R.png" image_down="/BIZ/101/01/PUB/call_bt_R_o.png" image_vert_align="1" box_shadow_effect="0" horz_align="0" line_height="62" text_margin="39,0,0,0" hover_font="맑은 고딕,9,0,0,0,0" down_color_use="3" down_backcolor="0011119C" letter_spacing="-2.1px" version="1.1"/>
				<pushbutton control_id="214" name="btn_Flag" x="758" y="5" right="252" bottom="5" width="70" height="70" style_class="0" custom_class="PB_101_selLanguage" text="" font="Noto Sans CJK KR,32,0,0,0,0" fore_color="000A0A0A" transparent="1" border="4" border_color="00E2E2E2" border_radius="44" image_normal="/BIZ/101/01/PUB/language_lound_bt.png" image_down="/BIZ/101/01/PUB/language_lound_kr_bt_o.png" box_shadow_effect="0" horz_align="2" line_height="62" text_margin="" text_wordellipsis="0" hover_font="맑은 고딕,9,0,0,0,0" down_color_use="2" down_forecolor="00F8F8F8" version="1.1"/>
				<pushbutton control_id="884" x="405" y="24" right="404" bottom="25" width="271" height="31" style_class="0" custom_class="IM_102_title" text="" font="맑은 고딕,9,0,0,0,0" transparent="1" border="4" image_normal="/BIZ/101/02/PUB/logo_icecream.png" imagesize="2" hover_font="맑은 고딕,9,0,0,0,0" version="1.1"/>
			</panel>
			<panel control_id="7" semantic_tag="0" x="0" y="1805" right="0" bottom="0" width="1080" height="115" custom_class="PN_101_back" border="0" boxshadow_type="1" title_font="맑은 고딕,9,0,0,0,0">
				<tab_order order_option="0" order_info="48,230"/>
				<pushbutton control_id="230" name="btn_Acc" x="866" y="18" right="14" bottom="17" width="200" height="80" style_class="0" custom_class="PB_101_access" text="접근성" font="Noto Sans KR,31.5,1,0,0,0" fore_color="00FFFFFF" transparent="1" border="4" border_color="00E2E2E2" border_radius="44" image_normal="/BIZ/101/01/PUB/lowsc_bt.png" image_down="/BIZ/101/01/PUB/lowsc_bt_o.png" box_shadow_effect="0" horz_align="0" line_height="62" text_margin="63,0,0,0" text_wordellipsis="0" hover_font="맑은 고딕,9,0,0,0,0" down_color_use="2" down_forecolor="00F8F8F8" letter_spacing="-2.1px" version="1.1"/>
				<pushbutton control_id="48" name="btn_Prev" x="14" y="18" right="851" bottom="17" width="215" height="80" style_class="0" custom_class="PB_101_Previous" text="이전" font="Noto Sans KR,31.5,1,0,0,0" fore_color="000A0A0A" transparent="1" border="4" border_color="00F6F6F6" border_radius="45" image_normal="/BIZ/101/01/PUB/back_bt.png" image_down="/BIZ/101/01/PUB/back_bt_o.png" image_vert_align="1" box_shadow_effect="0" line_height="62" hover_font="맑은 고딕,9,0,0,0,0" down_color_use="3" down_backcolor="0019AADE" letter_spacing="-2.1px" version="1.1"/>
			</panel>
		</panel>
	</map>
</map_list>
