﻿<?xml version="1.0" encoding="UTF-8"?>
<map_list>
	<map>
		<screen version="2.0" scriptcode="java" title="무인상품판매기_마무리인사" directory="/BIZ/101/02/" screenid="10102010" last_update_date="2024-10-28 17:18:56" width="1080" width_type="0" height="1920" height_type="0" canvas_width="1100" canvas_height="1930" on_load="eventfunc:screen_on_load()" funclist="screen_on_load"/>
		<panel control_id="4" semantic_tag="0" x="0" y="0" right="0" bottom="0" width="1080" height="1920" custom_class="PN_101_startBack" back_color="00F6F6F6" border="0" title_font="맑은 고딕,9,0,0,0,0">
			<tab_order order_option="0" order_info="6,233,1189,7"/>
			<text control_id="1176" autosize="0" x="485" y="1444" right="484" bottom="180" width="111" height="296" custom_class="TX_101_contents" text="5" font="Noto Sans KR Regular,150,0,0,0,0" fore_color="000A0A0A" transparent="1" horz_align="1" version="1.1"/>
			<text control_id="185" autosize="0" x="178" y="609" right="178" bottom="1222" width="724" height="89" custom_class="TX_101_subContents" text="이용해주셔서 감사합니다" font="Noto Sans KR Bold,45,1,0,0,0" fore_color="00D27416" back_color="00F6F6F6" transparent="1" horz_align="1" line_height="90" letter_spacing="-3px" version="1.1"/>
			<text control_id="240" autosize="0" x="178" y="699" right="178" bottom="1132" width="724" height="89" custom_class="TX_101_contents" text="잊으신 물건 없이 안녕히 가세요" font="Noto Sans KR Bold,45,1,0,0,0" fore_color="000A0A0A" back_color="00F6F6F6" transparent="1" horz_align="1" line_height="90" letter_spacing="-3px" version="1.1"/>
			<panel control_id="233" semantic_tag="0" x="0" y="80" right="0" bottom="1690" width="1080" height="150" custom_class="PN_101_bgG" back_color="00B4B4B4" back_image="/BIZ/101/02/PUB/tab.png" border="0" title_font="맑은 고딕,9,0,0,0,0">
				<tab_order order_option="0" order_info="895"/>
				<text control_id="217" autosize="0" x="68" y="80" right="810" bottom="8" width="202" height="62" custom_class="TX_101_stepDone" text="바코드 읽기" font="Noto Sans KR Regular,31.5,0,0,0,0" fore_color="000A0A0A" back_color="00DFDDDC" transparent="1" back_imagehorzalign="1" horz_align="1" version="1.1"/>
				<text control_id="219" autosize="0" x="334" y="80" right="591" bottom="8" width="155" height="62" custom_class="TX_101_stepDone" text="결제하기" font="Noto Sans KR Regular,31.5,0,0,0,0" fore_color="000A0A0A" back_color="00DFDDDC" transparent="1" horz_align="1" version="1.1"/>
				<text control_id="223" autosize="0" x="625" y="80" right="378" bottom="8" width="77" height="62" custom_class="TX_101_stepDone" text="완료" font="Noto Sans KR Regular,31.5,0,0,0,0" fore_color="000A0A0A" back_color="00DFDDDC" transparent="1" horz_align="1" version="1.1"/>
				<panel control_id="895" semantic_tag="0" x="132" y="6" right="384" bottom="70" width="564" height="74" custom_class="PN_102_stepBar_3" transparent="1" back_image="/BIZ/101/02/PUB/comn_3step_B_S_bar_3.png" border="0" title_font="맑은 고딕,9,0,0,0,0"></panel>
			</panel>
			<panel control_id="7" semantic_tag="0" x="0" y="1805" right="0" bottom="0" width="1080" height="115" border="0" boxshadow_type="1" title_font="맑은 고딕,9,0,0,0,0">
				<tab_order order_option="0" order_info="48,230"/>
				<pushbutton control_id="230" name="btn_Acc" x="866" y="18" right="14" bottom="17" width="200" height="80" style_class="0" text="접근성" font="Noto Sans KR,31.5,1,0,0,0" fore_color="00FFFFFF" transparent="1" border="4" border_color="00E2E2E2" border_radius="44" image_normal="/BIZ/101/02/PUB/comn_lowscreen_bt.png" box_shadow_effect="0" horz_align="0" line_height="62" text_margin="63,0,0,0" text_wordellipsis="0" hover_font="맑은 고딕,9,0,0,0,0" down_color_use="2" down_forecolor="00F8F8F8" letter_spacing="-2.1px" version="1.1"/>
				<pushbutton control_id="48" name="btn_Prev" x="14" y="18" right="851" bottom="17" width="215" height="80" style_class="0" text="이전" font="Noto Sans KR,31.5,1,0,0,0" fore_color="000A0A0A" back_color="00F0FFFF" transparent="1" border="4" border_color="0024C5FF" border_radius="45" image_normal="/BIZ/101/02/PUB/comn_pre_bt.png" image_vert_align="1" box_shadow_effect="0" line_height="62" hover_font="맑은 고딕,9,0,0,0,0" down_color_use="3" down_backcolor="0019AADE" letter_spacing="-2.1px" version="1.1"/>
			</panel>
			<panel control_id="1189" semantic_tag="0" x="180" y="1053" right="180" bottom="617" width="720" height="250" custom_class="PN_102_log" back_image="/BIZ/101/02/PUB/logo_icecream_G.png" border="0" title_font="맑은 고딕,9,0,0,0,0"></panel>
			<panel control_id="6" semantic_tag="0" x="0" y="0" right="0" bottom="1840" width="1080" height="80" custom_class="PN_101_back" border="0" vertscrollbar_style="0" horzscrollbar_style="0" boxshadow_type="1" title_font="맑은 고딕,9,0,0,0,0">
				<tab_order order_option="0" order_info="192,214,193,884"/>
				<pushbutton control_id="192" name="btn_Home" x="14" y="5" right="866" bottom="5" width="200" height="70" style_class="0" custom_class="PB_101_home" text="처음으로" font="Noto Sans KR Medium,31.5,500,0,0,0" fore_color="000A0A0A" back_color="00FBFBFB" border="4" border_color="007A665E" border_radius="35,35,35,35" image_normal="/BIZ/101/01/PUB/home_bt_G.png" image_down="/BIZ/101/01/PUB/home_bt_G_o.png" image_vert_align="1" box_shadow_effect="0" horz_align="0" line_height="62" text_margin="40,0,0,0" hover_font="맑은 고딕,9,0,0,0,0" down_color_use="3" down_backcolor="006D574E" letter_spacing="-2.1px" version="1.1"/>
				<pushbutton control_id="193" name="btn_Call" x="866" y="5" right="14" bottom="5" width="200" height="70" style_class="0" custom_class="PB_101_call" text="직원호출" font="Noto Sans KR Medium,31.5,500,0,0,0" fore_color="00FFFFFF" back_color="00FBFBFB" border="4" border_color="000000D1" border_radius="35" image_normal="/BIZ/101/01/PUB/call_bt_R.png" image_down="/BIZ/101/01/PUB/call_bt_R_o.png" image_vert_align="1" box_shadow_effect="0" horz_align="0" line_height="62" text_margin="39,0,0,0" hover_font="맑은 고딕,9,0,0,0,0" down_color_use="3" down_backcolor="0011119C" letter_spacing="-2.1px" version="1.1"/>
				<pushbutton control_id="214" name="btn_Flag" x="758" y="5" right="252" bottom="5" width="70" height="70" style_class="0" custom_class="PB_101_selLanguage" text="" font="Noto Sans CJK KR,32,0,0,0,0" fore_color="000A0A0A" transparent="1" border="4" border_color="00E2E2E2" border_radius="44" image_normal="/BIZ/101/01/PUB/language_lound_bt.png" image_down="/BIZ/101/01/PUB/language_lound_kr_bt_o.png" box_shadow_effect="0" horz_align="2" line_height="62" text_margin="" text_wordellipsis="0" hover_font="맑은 고딕,9,0,0,0,0" down_color_use="2" down_forecolor="00F8F8F8" version="1.1"/>
				<pushbutton control_id="884" x="405" y="24" right="404" bottom="25" width="271" height="31" style_class="0" custom_class="IM_102_title" text="" font="맑은 고딕,9,0,0,0,0" transparent="1" border="4" image_normal="/BIZ/101/02/PUB/logo_icecream.png" imagesize="2" hover_font="맑은 고딕,9,0,0,0,0" version="1.1"/>
			</panel>
		</panel>
	</map>
</map_list>
