﻿<?xml version="1.0" encoding="UTF-8"?>
<map_list>
	<map>
		<screen version="2.0" scriptcode="java" title="[저]음식점_메뉴선택" directory="/BIZ/102/05LP/" screenid="10205003" last_update_date="2024-10-31 15:29:57" width="1080" width_type="0" height="1920" height_type="0" canvas_height="2120" on_load="eventfunc:screen_on_load()" funclist="screen_on_load"/>
		<panel control_id="0" semantic_tag="0" x="0" y="0" right="0" bottom="0" width="1080" height="1920" back_color="00807D79" border="0" vertscrollbar_style="0" horzscrollbar_style="0" title_font="맑은 고딕,9,0,0,0,0">
			<panel control_id="1" semantic_tag="0" x="0" y="710" right="0" bottom="0" width="1080" height="1210" back_color="00F6F6F6" border="0" vertscrollbar_style="0" horzscrollbar_style="0" title_font="맑은 고딕,9,0,0,0,0">
				<tab_order order_option="0" order_info="6,233,104,326,108,164,7"/>
				<panel control_id="7" semantic_tag="0" x="0" y="1095" right="0" bottom="0" width="1080" height="115" border="0" title_font="맑은 고딕,9,0,0,0,0">
					<tab_order order_option="0" order_info="236,237,235,48,230"/>
					<pushbutton control_id="230" name="btn_Acc" x="658" y="18" right="222" bottom="17" width="200" height="80" style_class="0" text="접근성" font="Noto Sans KR Medium,31.5,500,0,0,0" fore_color="00FFFFFF" transparent="1" border="4" border_color="00E2E2E2" border_radius="44" image_normal="/BIZ/101/01/PUB/lowsc_bt.png" image_down="/BIZ/101/01/PUB/lowsc_bt_o.png" imagesize="1" box_shadow_effect="0" horz_align="0" line_height="62" text_margin="61,27,9,9" text_wordellipsis="0" hover_font="맑은 고딕,9,0,0,0,0" down_color_use="2" down_forecolor="00F8F8F8" letter_spacing="-2.1px" version="1.1"/>
					<pushbutton control_id="48" name="btn_Prev" x="226" y="18" right="654" bottom="17" width="200" height="80" style_class="0" text="이전" font="Noto Sans KR Medium,31.5,500,0,0,0" fore_color="000A0A0A" back_color="00F0FFFF" transparent="1" border="4" border_color="0024C5FF" border_radius="45" image_normal="/BIZ/101/01/PUB/back_bt.png" image_focus="/BIZ/101/01/PUB/back_bt_foc.png" image_down="/BIZ/101/01/PUB/back_bt_o.png" imagesize="1" image_vert_align="1" box_shadow_effect="0" line_height="62" text_margin="70,54,9,9" hover_font="맑은 고딕,9,0,0,0,0" down_color_use="3" down_backcolor="0019AADE" letter_spacing="-2.1px" version="1.1"/>
					<pushbutton control_id="235" name="btn_Home" x="15" y="18" right="865" bottom="17" width="200" height="80" style_class="0" text="처음으로" font="Noto Sans KR Medium,31.5,500,0,0,0" fore_color="000A0A0A" back_color="00FBFBFB" border="4" border_color="007A665E" border_radius="35,35,35,35" image_normal="/BIZ/101/01/PUB/home_bt_G_200x70.png" image_down="/BIZ/101/01/PUB/home_bt_G_o.png" imagesize="1" image_vert_align="1" box_shadow_effect="0" horz_align="0" line_height="62" text_margin="40,12,9,9" hover_font="맑은 고딕,9,0,0,0,0" down_color_use="3" down_backcolor="006D574E" letter_spacing="-2.1px" version="1.1"/>
					<pushbutton control_id="236" name="btn_Flag" x="500" y="16" right="500" bottom="19" width="80" height="80" style_class="0" text="" font="Noto Sans CJK KR,32,0,0,0,0" fore_color="000A0A0A" transparent="1" border="4" border_color="00E2E2E2" border_radius="44" image_normal="/BIZ/101/01/PUB/language_lound_bt.png" image_down="/BIZ/101/01/PUB/language_lound_kr_bt_o.png" imagesize="1" box_shadow_effect="0" horz_align="2" line_height="62" text_margin="" text_wordellipsis="0" hover_font="맑은 고딕,9,0,0,0,0" down_color_use="2" down_forecolor="00F8F8F8" version="1.1"/>
					<pushbutton control_id="237" name="btn_Call" x="867" y="16" right="13" bottom="19" width="200" height="80" style_class="0" text="직원호출" font="Noto Sans KR Medium,31.5,500,0,0,0" fore_color="00FFFFFF" back_color="00FBFBFB" border="4" border_color="000000D1" border_radius="35" image_normal="/BIZ/101/01/PUB/call_bt_R_200x80.png" image_down="/BIZ/101/01/PUB/call_bt_R_200x80_o.png" imagesize="1" image_vert_align="1" box_shadow_effect="0" horz_align="0" line_height="62" text_margin="38,14,9,9" hover_font="맑은 고딕,9,0,0,0,0" down_color_use="3" down_backcolor="0011119C" letter_spacing="-2.1px" version="1.1"/>
				</panel>
				<panel control_id="233" semantic_tag="0" x="0" y="60" right="0" bottom="1000" width="1080" height="150" custom_class="PN_101_bgG" back_color="00DFDDDC" back_image="/BIZ/101/01/PUB/bg_G_1080x150.png" back_imagesize="1" border="0" title_font="맑은 고딕,9,0,0,0,0">
					<tab_order order_option="0" order_info="886"/>
					<text control_id="217" autosize="0" x="37" y="78" right="901" bottom="10" width="142" height="62" custom_class="TX_101_stepDone" text="메뉴선택" font="Noto Sans KR Regular,31.5,0,0,0,0" fore_color="000A0A0A" back_color="00DFDDDC" transparent="1" horz_align="1" line_height="40" letter_spacing="-4.2px" version="1.1"/>
					<text control_id="218" autosize="0" x="250" y="78" right="682" bottom="10" width="148" height="62" custom_class="TX_101_step" text="내역확인" font="Noto Sans KR Regular,31.5,0,0,0,0" fore_color="006C5E5A" back_color="00DFDDDC" transparent="1" horz_align="1" line_height="40" letter_spacing="-2.1px" version="1.1"/>
					<text control_id="219" autosize="0" x="449" y="78" right="449" bottom="10" width="182" height="62" custom_class="TX_101_step" text="포인트적립" font="Noto Sans KR Regular,31.5,0,0,0,0" fore_color="006C5E5A" back_color="00DFDDDC" transparent="1" horz_align="1" line_height="40" letter_spacing="-4.2px" version="1.1"/>
					<text control_id="222" autosize="0" x="685" y="78" right="247" bottom="10" width="148" height="62" custom_class="TX_101_step" text="결제하기" font="Noto Sans KR Regular,31.5,0,0,0,0" fore_color="006C5E5A" back_color="00DFDDDC" transparent="1" horz_align="1" line_height="40" letter_spacing="-2.1px" version="1.1"/>
					<text control_id="223" autosize="0" x="940" y="78" right="64" bottom="10" width="76" height="62" custom_class="TX_101_step" text="완료" font="Noto Sans KR Regular,31.5,0,0,0,0" fore_color="006C5E5A" back_color="00DFDDDC" transparent="1" horz_align="1" line_height="40" letter_spacing="-2.1px" version="1.1"/>
					<panel control_id="886" semantic_tag="0" x="76" y="7" right="76" bottom="69" width="928" height="74" custom_class="PN_105_stepBar_1" back_color="00DFDDDC" transparent="1" back_image="/BIZ/102/05/PUB/comn_5step_R_bar_1.png" border="0" title_font="맑은 고딕,9,0,0,0,0"></panel>
				</panel>
				<panel control_id="6" semantic_tag="0" x="0" y="0" right="0" bottom="1150" width="1080" height="60" back_color="00C4C4C4" border="0" vertscrollbar_style="0" horzscrollbar_style="0" boxshadow_type="1" title_font="맑은 고딕,9,0,0,0,0">
					<pushbutton control_id="888" x="447" y="9" right="446" bottom="9" width="187" height="42" style_class="0" custom_class="PB_105_title" text="" font="맑은 고딕,9,0,0,0,0" back_color="00C4C4C4" transparent="1" border="4" image_normal="/BIZ/102/05/PUB/logo_restaurant.png" imagesize="1" hover_font="맑은 고딕,9,0,0,0,0" version="1.1"/>
				</panel>
				<text control_id="889" autosize="0" x="156" y="240" right="156" bottom="896" width="768" height="74" custom_class="TX_101_contents" text="&lt;font class=&quot;TX_105_R&quot; color=&quot;#D21630&quot;&gt;메뉴&lt;/font&gt;를 선택하시고&lt;font class=&quot;TX_105_R&quot; color=&quot;#D21630&quot;&gt; 주문하기&lt;/font&gt;를 누르세요" font="Noto Sans KR Bold,45,1,0,0,0" back_color="00F6F6F6" transparent="1" letter_spacing="-3px" version="1.1"/>
				<panel control_id="104" semantic_tag="0" x="0" y="343" right="0" bottom="757" width="1080" height="110" custom_class="PN_105_color_2" back_color="00BDBDBD" border="0" border_color="00BDBDBD" vertscrollbar_style="0" horzscrollbar_style="0" title_font="맑은 고딕,9,0,0,0,0"></panel>
				<tab control_id="326" x="0" y="353" right="0" bottom="449" width="1080" height="408" fore_color="00F8F8F8" back_color="00F8F8F8" border="0" border_color="00F8F8F8" border_ex="0,5,00F8F8F8,,0,0-0-0-0,0,0,1,0,00FFFFFF,00E1E1E1^1,5,00F8F8F8,1^1,0,00B4B4B4,1^1,0,00B4B4B4,1^1,0,00B4B4B4,1" tabitemarea_transparent="1" tabitemarea_leftmargin="7" tabitemarea_rightmargin="10" tabitem_height="99" tabitem_width="207" tabitem_gap="7" tabitem_radius="15" tabitem_border="0" tabitem_font="Noto Sans KR Medium,31.5,500,0,0,0" tabitem_selfont="Noto Sans KR Medium,31.5,500,0,0,0" tabitem_color="00F2F2F2" tabitem_selcolor="00F8F8F8" tabitem_forecolor="00F8F8F8" tabitem_backcolor="00F2F2F2" tabitem_selforecolor="001A232A" tabitem_selbackcolor="00F8F8F8" tabitem_wordellipse="0" tabitem_fitimage="1" tabitem_scrollbtnboxwidth="0" titlebar_font="맑은 고딕,9,1,0,0,0">
					<tab_item title="메뉴선택" width="206" height="99" link_type="1" image="/BIZ/102/05/PUB/tap_bt_DBR.png" selimage="/BIZ/102/05/PUB/tap_bt_W.png" panel_color="00F8F8F8">
						<tab_order order_option="0" order_info="808,239,811,323,324"/>
						<panel control_id="239" semantic_tag="0" x="299" y="19" right="531" bottom="15" width="250" height="270" custom_class="PN_101_back" back_image="/BIZ/102/05/PUB/list_252-270.png" back_imagesize="1" border="0" border_color="00BBC2C7" border_radius="15" vertscrollbar_style="0" horzscrollbar_style="0" boxshadow_type="1" title_font="맑은 고딕,9,0,0,0,0">
							<tab_order order_option="0" order_info="240,814"/>
							<pushbutton control_id="240" x="0" y="0" right="0" bottom="165" width="250" height="105" style_class="0" text="" font="Noto Sans CJK KR,35,1,0,0,0" fore_color="00FFFFFF" transparent="1" border_radius="15,15,0,0" image_normal="/BIZ/102/05/PUB/restaurant_thum2.png" imagesize="1" image_horz_align="1" image_vert_align="1" box_shadow_effect="0" hover_font="Noto Sans CJK KR,35,1,0,0,0" down_color_use="1" down_forecolor="00F8F8F8" version="1.1"/>
							<pushbutton control_id="814" x="0" y="105" right="0" bottom="0" width="250" height="165" style_class="0" custom_class="TX_101_contents PB_101_back PB_105_pop_1" text="돌솥비빔밥&#x0D;&#x0A;정식&#x0D;&#x0A;13,000 원" font="Noto Sans KR Medium,31.5,500,0,0,0" transparent="1" border_radius="0,0,15,15" box_shadow_effect="0" text_margin="" hover_font="Noto Sans KR Medium,31.5,500,0,0,0" down_color_use="1" down_backcolor="00DCE4EA" letter_spacing="-2.1px" version="1.1"/>
						</panel>
						<pushbutton control_id="323" x="852" y="19" right="28" bottom="205" width="200" height="80" style_class="0" custom_class="PB_105_pre" text="이전" font="Noto Sans KR Medium,31.5,500,0,0,0" fore_color="000A0A0A" back_color="00F8F8F8" transparent="1" border="4" image_normal="/BIZ/102/05/PUB/pre_bt_G_275x80.png" image_down="/BIZ/102/05/PUB/pre_bt_G_275x80_o.png" imagesize="1" box_shadow_effect="0" horz_align="2" line_height="62" text_margin="61,21,9,9" hover_font="Noto Sans CJK KR,31,500,0,0,0" down_color_use="1" down_forecolor="000A0A0A" down_backcolor="00BBC2C7" disable_color_use="1" disable_forecolor="00B5B5B5" disable_backcolor="00BBC2C7" letter_spacing="-2.1px" version="1.1"/>
						<pushbutton control_id="324" x="851" y="209" right="29" bottom="15" width="200" height="80" style_class="0" custom_class="PB_105_next" text="다음" font="Noto Sans KR Medium,31.5,500,0,0,0" fore_color="000A0A0A" back_color="00F8F8F8" transparent="1" border="4" image_normal="/BIZ/102/05/PUB/next_bt_G_275x80.png" image_down="/BIZ/102/05/PUB/next_bt_G_275x80_o.png" imagesize="1" box_shadow_effect="0" horz_align="0" line_height="62" text_margin="25,57,9,9" hover_font="Noto Sans CJK KR,31,500,0,0,0" down_color_use="1" down_forecolor="000A0A0A" down_backcolor="00BBC2C7" disable_color_use="1" disable_forecolor="00F8F8F8" disable_backcolor="00BBC2C7" letter_spacing="-2.1px" version="1.1"/>
						<text control_id="380" autosize="0" x="914" y="120" right="142" bottom="122" width="24" height="62" custom_class="TX_105_R" text="1" font="Noto Sans KR Medium,31.5,500,0,0,0" fore_color="003016D2" back_color="00F8F8F8" transparent="1" horz_align="2" line_height="62" letter_spacing="-2.1px" version="1.1"/>
						<line control_id="382" x1="959" y1="140" x2="948" y2="174" right="121" bottom="130" line_width="1" line_color="000A0A0A"/>
						<panel control_id="808" semantic_tag="0" x="27" y="19" right="803" bottom="15" width="250" height="270" custom_class="PN_101_back" back_image="/BIZ/102/05/PUB/list_252-270.png" back_imagesize="1" border="0" border_color="00BBC2C7" border_radius="15" vertscrollbar_style="0" horzscrollbar_style="0" boxshadow_type="1" title_font="맑은 고딕,9,0,0,0,0" on_click="eventfunc:btn_menu_on_click(objInst)">
							<tab_order order_option="0" order_info="809,810"/>
							<pushbutton control_id="809" x="0" y="0" right="0" bottom="165" width="250" height="105" style_class="0" text="" font="Noto Sans CJK KR,35,1,0,0,0" fore_color="00FFFFFF" transparent="1" border_radius="15,15,0,0" image_normal="/BIZ/102/05/PUB/restaurant_thum1.png" imagesize="1" image_horz_align="1" image_vert_align="1" box_shadow_effect="0" hover_font="Noto Sans CJK KR,35,1,0,0,0" down_color_use="1" down_forecolor="00F8F8F8" version="1.1"/>
							<pushbutton control_id="810" x="0" y="105" right="0" bottom="0" width="250" height="165" style_class="0" custom_class="TX_101_contents PB_101_back PB_105_pop_1" text="전주비빔밥&#x0D;&#x0A;정식&#x0D;&#x0A;13,000 원" font="Noto Sans KR Medium,31.5,500,0,0,0" border_radius="0,0,15,15" box_shadow_effect="0" text_margin="" hover_font="Noto Sans KR Medium,31.5,500,0,0,0" down_color_use="1" down_backcolor="00DCE4EA" letter_spacing="-2.1px" version="1.1" on_click="eventfunc:test_on_click(objInst)"/>
						</panel>
						<panel control_id="811" semantic_tag="0" x="571" y="19" right="259" bottom="15" width="250" height="270" custom_class="PN_101_back" back_image="/BIZ/102/05/PUB/list_252-270.png" back_imagesize="1" border="0" border_radius="15" vertscrollbar_style="0" horzscrollbar_style="0" boxshadow_type="1" title_font="맑은 고딕,9,0,0,0,0">
							<tab_order order_option="0" order_info="812,813"/>
							<pushbutton control_id="812" x="0" y="0" right="0" bottom="165" width="250" height="105" style_class="0" text="" font="Noto Sans CJK KR,35,1,0,0,0" fore_color="00FFFFFF" transparent="1" border_radius="15,15,0,0" image_normal="/BIZ/102/05/PUB/restaurant_thum3.png" imagesize="1" image_horz_align="1" image_vert_align="1" box_shadow_effect="0" hover_font="Noto Sans CJK KR,35,1,0,0,0" down_color_use="1" down_forecolor="00F8F8F8" version="1.1"/>
							<pushbutton control_id="813" x="0" y="105" right="0" bottom="0" width="250" height="165" style_class="0" custom_class="TX_101_contents PB_101_back PB_105_pop_1" text="해물순두부&#x0D;&#x0A;비빔밥정식&#x0D;&#x0A;13,000 원" font="Noto Sans KR Medium,31.5,500,0,0,0" transparent="1" border_radius="0,0,15,15" box_shadow_effect="0" text_margin="" hover_font="Noto Sans KR Medium,31.5,500,0,0,0" down_color_use="1" down_backcolor="00DCE4EA" letter_spacing="-2.1px" version="1.1"/>
						</panel>
						<text control_id="379" autosize="0" x="969" y="120" right="87" bottom="122" width="24" height="62" text="6" font="Noto Sans KR Medium,31.5,500,0,0,0" fore_color="000A0A0A" back_color="00F8F8F8" transparent="1" horz_align="1" line_height="62" letter_spacing="-2.1px" version="1.1"/>
					</tab_item>
					<tab_item title="밥류" width="206" height="99" link_type="1" image="/BIZ/102/05/PUB/tap_bt_DBR.png" selimage="/BIZ/102/05/PUB/tap_bt_W.png" panel_color="00EBEBEB">
					</tab_item>
					<tab_item title="면류" width="206" height="99" image="/BIZ/102/05/PUB/tap_bt_DBR.png" selimage="/BIZ/102/05/PUB/tap_bt_W.png" panel_color="00EBEBEB">
					</tab_item>
					<tab_item title="사이드" width="206" height="99" image="/BIZ/102/05/PUB/tap_bt_DBR.png" selimage="/BIZ/102/05/PUB/tap_bt_W.png" panel_color="00EBEBEB">
					</tab_item>
					<tab_item title="기타" width="206" height="99" link_type="1" image="/BIZ/102/05/PUB/tap_bt_DBR.png" selimage="/BIZ/102/05/PUB/tap_bt_W.png" panel_color="00EBEBEB">
					</tab_item>
				</tab>
				<panel control_id="108" semantic_tag="0" x="0" y="757" right="0" bottom="373" width="1080" height="80" custom_class="PN_105_rec" back_color="003016D2" border="0" vertscrollbar_style="0" horzscrollbar_style="0" title_font="맑은 고딕,9,0,0,0,0">
					<tab_order order_option="0" order_info="150,149"/>
					<text control_id="127" autosize="0" x="46" y="9" right="922" bottom="9" width="112" height="62" text="총수량" font="Noto Sans KR Medium,31.5,500,0,0,0" fore_color="00FFFFFF" back_color="003016D2" transparent="1" horz_align="1" line_height="62" letter_spacing="-2.1px" version="1.1"/>
					<line control_id="130" x1="188" y1="25" x2="188" y2="60" right="892" bottom="20"/>
					<numericex_field control_id="149" name="totalPr" autosize="0" x="658" y="2" right="221" bottom="1" width="201" height="77" font="Noto Sans KR Medium,39,500,0,0,0" fore_color="00FFFFFF" transparent="1" border="0" horz_align="1" enable="0" default_value="0" pattern="ZZZ,ZZZ,ZZZ,ZZZ,ZZ9"/>
					<text control_id="129" autosize="0" x="864" y="7" right="175" bottom="7" width="41" height="66" text="원" font="Noto Sans KR Regular,33.8,0,0,0,0" fore_color="00FFFFFF" back_color="003016D2" transparent="1" border_radius="0,0,0,0" border_ex="0,0,00B4B4B4,,0,,0,0,1,0,00FFFFFF,00E1E1E1^0,0,00B4B4B4,1^0,0,00B4B4B4,1^0,1,007C726E,1^0,0,00B4B4B4,1" horz_align="1" line_height="66" letter_spacing="-2.25px" version="1.1"/>
					<numericex_field control_id="150" name="totalEa" autosize="0" x="245" y="2" right="805" bottom="1" width="30" height="77" font="Noto Sans KR Medium,39,500,0,0,0" fore_color="00FFFFFF" transparent="1" border="0" horz_align="1" enable="0" default_value="0" pattern="ZZZ,ZZZ,ZZZ,ZZZ,ZZ9"/>
					<text control_id="151" autosize="0" x="291" y="7" right="748" bottom="7" width="41" height="66" text="개" font="Noto Sans KR Regular,33.8,0,0,0,0" fore_color="00FFFFFF" back_color="003016D2" transparent="1" border_radius="0,0,0,0" border_ex="0,0,00B4B4B4,,0,,0,0,1,0,00FFFFFF,00E1E1E1^0,0,00B4B4B4,1^0,0,00B4B4B4,1^0,1,007C726E,1^0,0,00B4B4B4,1" horz_align="1" line_height="66" letter_spacing="-2.25px" version="1.1"/>
					<text control_id="152" autosize="0" x="504" y="9" right="464" bottom="9" width="112" height="62" text="총금액" font="Noto Sans KR Medium,31.5,500,0,0,0" fore_color="00FFFFFF" back_color="003016D2" transparent="1" line_height="62" letter_spacing="-2.1px" version="1.1"/>
					<line control_id="153" x1="636" y1="30" x2="636" y2="60" right="444" bottom="20"/>
				</panel>
				<panel control_id="164" semantic_tag="0" x="776" y="845" right="230" bottom="123" width="74" height="242" custom_class="PN_105_box" transparent="1" back_image="/BIZ/102/05/PUB/list_num_box_bg.png" back_imagesize="1" border="0" border_color="00686A6E" vertscrollbar_style="0" horzscrollbar_style="0" title_font="맑은 고딕,9,0,0,0,0">
					<tab_order order_option="0" order_info="117,166"/>
					<pushbutton control_id="117" x="5" y="4" right="5" bottom="163" width="64" height="75" style_class="0" custom_class="PB_105_up" text="" font="Noto Sans CJK KR,35,1,0,0,0" fore_color="00FFFFFF" transparent="1" border="4" image_normal="/BIZ/102/05/PUB/cafe_list_up.png" image_down="/BIZ/102/05/PUB/up_bt_BR_75x100_o.png" imagesize="1" box_shadow_effect="0" hover_font="Noto Sans CJK KR,35,1,0,0,0" down_color_use="1" down_forecolor="00F8F8F8" version="1.1"/>
					<pushbutton control_id="166" x="4" y="161" right="6" bottom="6" width="64" height="75" style_class="0" custom_class="PB_105_down" text="" font="Noto Sans CJK KR,35,1,0,0,0" fore_color="00FFFFFF" transparent="1" border="4" image_normal="/BIZ/102/05/PUB/cafe_list_down.png" image_down="/BIZ/102/05/PUB/dwn_bt_BR_75x100_o.png" imagesize="1" box_shadow_effect="0" hover_font="Noto Sans CJK KR,35,1,0,0,0" down_color_use="1" down_forecolor="00F8F8F8" version="1.1"/>
				</panel>
			</panel>
		</panel>
	</map>
</map_list>
