﻿<?xml version="1.0" encoding="UTF-8"?>
<map_list>
	<map>
		<screen version="2.0" scriptcode="java" title="[저]음식점_내역확인" directory="/BIZ/102/05LP/" screenid="10205005" last_update_date="2024-10-31 15:36:34" width="1080" width_type="0" height="1920" height_type="0" canvas_height="2120" on_load="eventfunc:screen_on_load()" funclist="screen_on_load"/>
		<panel control_id="0" semantic_tag="0" x="0" y="0" right="0" bottom="0" width="1080" height="1920" back_color="00807D79" border="0" vertscrollbar_style="0" horzscrollbar_style="0" title_font="맑은 고딕,9,0,0,0,0">
			<panel control_id="1" semantic_tag="0" x="0" y="710" right="0" bottom="0" width="1080" height="1210" back_color="00F6F6F6" border="0" vertscrollbar_style="0" horzscrollbar_style="0" title_font="맑은 고딕,9,0,0,0,0">
				<tab_order order_option="0" order_info="6,233,238,1322,901,428,426,1318,1281,1278,1276,1314,1291,1288,1286,1315,1301,1298,1296,1305,1306,1308,891"/>
				<panel control_id="233" semantic_tag="0" x="0" y="60" right="0" bottom="1000" width="1080" height="150" custom_class="PN_101_bgG" back_color="00DFDDDC" back_image="/BIZ/101/01/PUB/bg_G_1080x150.png" back_imagesize="1" border="0" title_font="맑은 고딕,9,0,0,0,0">
					<tab_order order_option="0" order_info="886"/>
					<text control_id="217" autosize="0" x="37" y="75" right="901" bottom="13" width="142" height="62" custom_class="TX_101_stepDone" text="메뉴선택" font="Noto Sans KR Regular,31.5,0,0,0,0" fore_color="000A0A0A" back_color="00DFDDDC" transparent="1" horz_align="1" line_height="40" letter_spacing="-4.2px" version="1.1"/>
					<text control_id="218" autosize="0" x="250" y="78" right="682" bottom="10" width="148" height="62" custom_class="TX_101_stepDone" text="내역확인" font="Noto Sans KR Regular,31.5,0,0,0,0" fore_color="000A0A0A" back_color="00DFDDDC" transparent="1" horz_align="1" line_height="40" letter_spacing="-2.1px" version="1.1"/>
					<text control_id="219" autosize="0" x="449" y="78" right="449" bottom="10" width="182" height="62" custom_class="TX_101_step" text="포인트적립" font="Noto Sans KR Regular,31.5,0,0,0,0" fore_color="006C5E5A" back_color="00DFDDDC" transparent="1" horz_align="1" line_height="40" letter_spacing="-4.2px" version="1.1"/>
					<text control_id="222" autosize="0" x="685" y="78" right="247" bottom="10" width="148" height="62" custom_class="TX_101_step" text="결제하기" font="Noto Sans KR Regular,31.5,0,0,0,0" fore_color="006C5E5A" back_color="00DFDDDC" transparent="1" horz_align="1" line_height="40" letter_spacing="-2.1px" version="1.1"/>
					<text control_id="223" autosize="0" x="940" y="78" right="64" bottom="10" width="76" height="62" custom_class="TX_101_step" text="완료" font="Noto Sans KR Regular,31.5,0,0,0,0" fore_color="006C5E5A" back_color="00DFDDDC" transparent="1" horz_align="1" line_height="40" letter_spacing="-2.1px" version="1.1"/>
					<panel control_id="886" semantic_tag="0" x="76" y="7" right="76" bottom="69" width="928" height="74" custom_class="PN_105_stepBar_2" back_color="00DFDDDC" transparent="1" back_image="/BIZ/102/05/PUB/comn_5step_R_bar_2.png" border="0" title_font="맑은 고딕,9,0,0,0,0"></panel>
				</panel>
				<panel control_id="6" semantic_tag="0" x="0" y="0" right="0" bottom="1150" width="1080" height="60" back_color="00C4C4C4" border="0" vertscrollbar_style="0" horzscrollbar_style="0" boxshadow_type="1" title_font="맑은 고딕,9,0,0,0,0">
					<pushbutton control_id="888" x="447" y="9" right="446" bottom="9" width="187" height="42" style_class="0" custom_class="PB_105_title" text="" font="맑은 고딕,9,0,0,0,0" back_color="00C4C4C4" transparent="1" border="4" image_normal="/BIZ/102/05/PUB/logo_restaurant.png" imagesize="1" hover_font="맑은 고딕,9,0,0,0,0" version="1.1"/>
				</panel>
				<text control_id="889" autosize="0" x="208" y="216" right="207" bottom="855" width="665" height="139" text="선택하신 &lt;font color=&quot;#D21630&quot;&gt; 9개의 상품&lt;/font&gt;을 확인하시고&#x0D;&#x0A;&lt;font color=&quot;#D21630&quot;&gt;결제하기&lt;/font&gt;를 누르세요" font="Noto Sans KR Bold,45,1,0,0,0" back_color="00F6F6F6" transparent="1" horz_align="1" line_height="65" letter_spacing="-3px" version="1.1"/>
				<panel control_id="238" semantic_tag="0" x="0" y="356" right="0" bottom="774" width="1080" height="80" custom_class="PN_105_rec" back_color="003016D2" border="0" border_color="003016D2" title_font="맑은 고딕,9,0,0,0,0">
					<text control_id="239" autosize="0" x="277" y="9" right="674" bottom="9" width="129" height="62" text="상품명" font="Noto Sans KR Medium,31.5,500,0,0,0" fore_color="00F8F8F8" back_color="003016D2" transparent="1" horz_align="1" line_height="62" mousehover_color="003016D2" mousehover_forecolor="003016D2" version="1.1"/>
					<text control_id="242" autosize="0" x="607" y="9" right="395" bottom="9" width="78" height="62" text="수량" font="Noto Sans KR Medium,31.5,500,0,0,0" fore_color="00F8F8F8" back_color="003016D2" transparent="1" horz_align="1" line_height="62" mousehover_color="003016D2" mousehover_forecolor="003016D2" version="1.1"/>
					<text control_id="243" autosize="0" x="797" y="9" right="205" bottom="9" width="78" height="62" text="가격" font="Noto Sans KR Medium,31.5,500,0,0,0" fore_color="00F8F8F8" back_color="003016D2" transparent="1" horz_align="1" line_height="62" mousehover_color="003016D2" mousehover_forecolor="003016D2" version="1.1"/>
					<text control_id="921" autosize="0" x="968" y="9" right="34" bottom="9" width="78" height="62" text="취소" font="Noto Sans KR Medium,31.5,500,0,0,0" fore_color="00F8F8F8" back_color="003016D2" transparent="1" horz_align="1" line_height="62" mousehover_color="003016D2" mousehover_forecolor="003016D2" version="1.1"/>
				</panel>
				<text control_id="425" autosize="0" x="129" y="453" right="528" bottom="695" width="423" height="62" custom_class="TX_101_contents" text="전주비빔밥정식(백미/.." font="Noto Sans KR Medium,31.5,500,0,0,0" fore_color="000A0A0A" back_color_opacity="0" letter_spacing="-2.1px" version="1.1"/>
				<numericex_field control_id="426" autosize="0" x="761" y="453" right="170" bottom="695" width="149" height="62" font="Noto Sans KR Bold,31.5,1,0,0,0" fore_color="0013488A" back_color_opacity="0" transparent="1" border="0" horz_align="1" letter_spacing="-2.1px" enable="0" default_value="999000" pattern="ZZZ,ZZZ,ZZZ,ZZZ,ZZ9"/>
				<text control_id="427" autosize="0" x="917" y="453" right="124" bottom="695" width="39" height="62" text="원" font="Noto Sans KR Bold,31.5,1,0,0,0" fore_color="0013488A" back_color_opacity="0" border_radius="0,0,0,0" border_ex="0,0,00B4B4B4,,0,,0,0,1,0,00FFFFFF,00E1E1E1^0,0,00B4B4B4,1^0,0,00B4B4B4,1^0,1,007C726E,1^0,0,00B4B4B4,1" line_height="62" letter_spacing="-2.1px" version="1.1"/>
				<pushbutton control_id="428" x="980" y="451" right="30" bottom="689" width="70" height="70" style_class="0" custom_class="PB_105_X" text="" font="Noto Sans CJK KR,35,1,0,0,0" fore_color="00FFFFFF" transparent="1" border="4" image_normal="/BIZ/102/05/PUB/close_bt_G_100x100.png" image_down="/BIZ/102/05/PUB/close_bt_G_100x100_o.png" imagesize="1" box_shadow_effect="0" hover_font="Noto Sans CJK KR,35,1,0,0,0" down_color_use="1" down_forecolor="00F8F8F8" version="1.1"/>
				<line control_id="369" x1="30" y1="531" x2="1050" y2="531" right="30" bottom="679" line_width="1"/>
				<imagebox control_id="784" x="30" y="446" right="975" bottom="689" width="75" height="75" transparent="1" border="0" border_radius="0,0,0,15" back_imagesize="1" padding="0,0,0,0" image="/BIZ/102/05/PUB/restaurant_thum1_s.png" imagesize="1" image_width="120" image_height="120"/>
				<panel control_id="901" semantic_tag="0" x="556" y="446" right="344" bottom="689" width="180" height="75" back_image="/BIZ/102/05/PUB/menulist_numbox_bg.png" back_imagesize="1" border="0" title_font="맑은 고딕,9,0,0,0,0">
					<tab_order order_option="0" order_info="902,904"/>
					<pushbutton control_id="902" x="6" y="7" right="119" bottom="8" width="55" height="60" style_class="0" text="" font="Noto Sans CJK KR,35,1,0,0,0" fore_color="00FFFFFF" transparent="1" border="4" image_normal="/BIZ/102/05/PUB/minus_bt_DG_55x60.png" imagesize="1" box_shadow_effect="0" hover_font="Noto Sans CJK KR,35,1,0,0,0" down_color_use="1" down_forecolor="00F8F8F8" version="1.1"/>
					<text control_id="903" autosize="0" x="65" y="7" right="65" bottom="8" width="50" height="60" text="99" font="Noto Sans KR Bold,31.5,1,0,0,0" transparent="1" version="1.1"/>
					<pushbutton control_id="904" x="119" y="7" right="6" bottom="8" width="55" height="60" style_class="0" text="" font="Noto Sans CJK KR,35,1,0,0,0" fore_color="00FFFFFF" transparent="1" border="4" image_normal="/BIZ/102/05/PUB/plus_bt_DG_55x60.png" imagesize="1" box_shadow_effect="0" hover_font="Noto Sans CJK KR,35,1,0,0,0" down_color_use="1" down_forecolor="00F8F8F8" version="1.1"/>
				</panel>
				<text control_id="1275" autosize="0" x="129" y="545" right="528" bottom="603" width="423" height="62" custom_class="TX_101_contents" text="전주비빔밥(백미)" font="Noto Sans KR Medium,31.5,500,0,0,0" fore_color="000A0A0A" back_color_opacity="0" letter_spacing="-2.1px" version="1.1"/>
				<numericex_field control_id="1276" autosize="0" x="761" y="545" right="170" bottom="603" width="149" height="62" font="Noto Sans KR Bold,31.5,1,0,0,0" fore_color="0013488A" back_color_opacity="0" transparent="1" border="0" horz_align="1" letter_spacing="-2.1px" enable="0" default_value="999000" pattern="ZZZ,ZZZ,ZZZ,ZZZ,ZZ9"/>
				<text control_id="1277" autosize="0" x="917" y="545" right="124" bottom="603" width="39" height="62" text="원" font="Noto Sans KR Bold,31.5,1,0,0,0" fore_color="0013488A" back_color_opacity="0" border_radius="0,0,0,0" border_ex="0,0,00B4B4B4,,0,,0,0,1,0,00FFFFFF,00E1E1E1^0,0,00B4B4B4,1^0,0,00B4B4B4,1^0,1,007C726E,1^0,0,00B4B4B4,1" line_height="62" letter_spacing="-2.1px" version="1.1"/>
				<pushbutton control_id="1278" x="980" y="543" right="30" bottom="597" width="70" height="70" style_class="0" custom_class="PB_105_X" text="" font="Noto Sans CJK KR,35,1,0,0,0" fore_color="00FFFFFF" transparent="1" border="4" image_normal="/BIZ/102/05/PUB/close_bt_G_100x100.png" image_down="/BIZ/102/05/PUB/close_bt_G_100x100_o.png" imagesize="1" box_shadow_effect="0" hover_font="Noto Sans CJK KR,35,1,0,0,0" down_color_use="1" down_forecolor="00F8F8F8" version="1.1"/>
				<line control_id="1279" x1="30" y1="623" x2="1050" y2="623" right="30" bottom="587" line_width="1"/>
				<imagebox control_id="1280" x="30" y="538" right="975" bottom="597" width="75" height="75" transparent="1" border="0" border_radius="0,0,0,15" back_image="/BIZ/102/05/PUB/orderlist_num.png" padding="0,0,0,0" image="/BIZ/102/05/PUB/restaurant_thum4_s.png" imagesize="1" image_width="120" image_height="120"/>
				<panel control_id="1281" semantic_tag="0" x="556" y="538" right="344" bottom="597" width="180" height="75" back_image="/BIZ/102/05/PUB/menulist_numbox_bg.png" back_imagesize="1" border="0" title_font="맑은 고딕,9,0,0,0,0">
					<tab_order order_option="0" order_info="1282,1284"/>
					<pushbutton control_id="1282" x="6" y="7" right="119" bottom="8" width="55" height="60" style_class="0" text="" font="Noto Sans CJK KR,35,1,0,0,0" fore_color="00FFFFFF" transparent="1" border="4" image_normal="/BIZ/102/05/PUB/minus_bt_DG_55x60.png" imagesize="1" box_shadow_effect="0" hover_font="Noto Sans CJK KR,35,1,0,0,0" down_color_use="1" down_forecolor="00F8F8F8" version="1.1"/>
					<text control_id="1283" autosize="0" x="65" y="7" right="65" bottom="8" width="50" height="60" text="99" font="Noto Sans KR Bold,31.5,1,0,0,0" transparent="1" version="1.1"/>
					<pushbutton control_id="1284" x="119" y="7" right="6" bottom="8" width="55" height="60" style_class="0" text="" font="Noto Sans CJK KR,35,1,0,0,0" fore_color="00FFFFFF" transparent="1" border="4" image_normal="/BIZ/102/05/PUB/plus_bt_DG_55x60.png" imagesize="1" box_shadow_effect="0" hover_font="Noto Sans CJK KR,35,1,0,0,0" down_color_use="1" down_forecolor="00F8F8F8" version="1.1"/>
				</panel>
				<text control_id="1285" autosize="0" x="129" y="637" right="528" bottom="511" width="423" height="62" custom_class="TX_101_contents" text="해물순두부 비빔밥 정식" font="Noto Sans KR Medium,31.5,500,0,0,0" fore_color="000A0A0A" back_color_opacity="0" letter_spacing="-2.1px" version="1.1"/>
				<numericex_field control_id="1286" autosize="0" x="761" y="637" right="170" bottom="511" width="149" height="62" font="Noto Sans KR Bold,31.5,1,0,0,0" fore_color="0013488A" back_color_opacity="0" transparent="1" border="0" horz_align="1" letter_spacing="-2.1px" enable="0" default_value="999000" pattern="ZZZ,ZZZ,ZZZ,ZZZ,ZZ9"/>
				<text control_id="1287" autosize="0" x="917" y="637" right="124" bottom="511" width="39" height="62" text="원" font="Noto Sans KR Bold,31.5,1,0,0,0" fore_color="0013488A" back_color_opacity="0" border_radius="0,0,0,0" border_ex="0,0,00B4B4B4,,0,,0,0,1,0,00FFFFFF,00E1E1E1^0,0,00B4B4B4,1^0,0,00B4B4B4,1^0,1,007C726E,1^0,0,00B4B4B4,1" line_height="62" letter_spacing="-2.1px" version="1.1"/>
				<pushbutton control_id="1288" x="980" y="635" right="30" bottom="505" width="70" height="70" style_class="0" custom_class="PB_105_X" text="" font="Noto Sans CJK KR,35,1,0,0,0" fore_color="00FFFFFF" transparent="1" border="4" image_normal="/BIZ/102/05/PUB/close_bt_G_100x100.png" image_down="/BIZ/102/05/PUB/close_bt_G_100x100_o.png" imagesize="1" box_shadow_effect="0" hover_font="Noto Sans CJK KR,35,1,0,0,0" down_color_use="1" down_forecolor="00F8F8F8" version="1.1"/>
				<line control_id="1289" x1="30" y1="715" x2="1050" y2="715" right="30" bottom="495" line_width="1"/>
				<imagebox control_id="1290" x="30" y="630" right="975" bottom="505" width="75" height="75" transparent="1" border="0" border_radius="0,0,0,15" back_image="/BIZ/102/05/PUB/orderlist_num.png" padding="0,0,0,0" image="/BIZ/102/05/PUB/restaurant_thum3_s.png" imagesize="1" image_width="120" image_height="120"/>
				<panel control_id="1291" semantic_tag="0" x="556" y="630" right="344" bottom="505" width="180" height="75" back_image="/BIZ/102/05/PUB/menulist_numbox_bg.png" back_imagesize="1" border="0" title_font="맑은 고딕,9,0,0,0,0">
					<tab_order order_option="0" order_info="1292,1294"/>
					<pushbutton control_id="1292" x="6" y="7" right="119" bottom="8" width="55" height="60" style_class="0" text="" font="Noto Sans CJK KR,35,1,0,0,0" fore_color="00FFFFFF" transparent="1" border="4" image_normal="/BIZ/102/05/PUB/minus_bt_DG_55x60.png" imagesize="1" box_shadow_effect="0" hover_font="Noto Sans CJK KR,35,1,0,0,0" down_color_use="1" down_forecolor="00F8F8F8" version="1.1"/>
					<text control_id="1293" autosize="0" x="65" y="7" right="65" bottom="8" width="50" height="60" text="99" font="Noto Sans KR Bold,31.5,1,0,0,0" transparent="1" version="1.1"/>
					<pushbutton control_id="1294" x="119" y="7" right="6" bottom="8" width="55" height="60" style_class="0" text="" font="Noto Sans CJK KR,35,1,0,0,0" fore_color="00FFFFFF" transparent="1" border="4" image_normal="/BIZ/102/05/PUB/plus_bt_DG_55x60.png" imagesize="1" box_shadow_effect="0" hover_font="Noto Sans CJK KR,35,1,0,0,0" down_color_use="1" down_forecolor="00F8F8F8" version="1.1"/>
				</panel>
				<text control_id="1295" autosize="0" x="129" y="728" right="528" bottom="420" width="423" height="62" custom_class="TX_101_contents" text="곤드레 돌솥 비빔밥(백미.." font="Noto Sans KR Medium,31.5,500,0,0,0" fore_color="000A0A0A" back_color_opacity="0" letter_spacing="-2.1px" version="1.1"/>
				<numericex_field control_id="1296" autosize="0" x="761" y="728" right="170" bottom="420" width="149" height="62" font="Noto Sans KR Bold,31.5,1,0,0,0" fore_color="0013488A" back_color_opacity="0" transparent="1" border="0" horz_align="1" letter_spacing="-2.1px" enable="0" default_value="999000" pattern="ZZZ,ZZZ,ZZZ,ZZZ,ZZ9"/>
				<text control_id="1297" autosize="0" x="917" y="728" right="124" bottom="420" width="39" height="62" text="원" font="Noto Sans KR Bold,31.5,1,0,0,0" fore_color="0013488A" back_color_opacity="0" border_radius="0,0,0,0" border_ex="0,0,00B4B4B4,,0,,0,0,1,0,00FFFFFF,00E1E1E1^0,0,00B4B4B4,1^0,0,00B4B4B4,1^0,1,007C726E,1^0,0,00B4B4B4,1" line_height="62" letter_spacing="-2.1px" version="1.1"/>
				<pushbutton control_id="1298" x="980" y="726" right="30" bottom="414" width="70" height="70" style_class="0" custom_class="PB_105_X" text="" font="Noto Sans CJK KR,35,1,0,0,0" fore_color="00FFFFFF" transparent="1" border="4" image_normal="/BIZ/102/05/PUB/close_bt_G_100x100.png" image_down="/BIZ/102/05/PUB/close_bt_G_100x100_o.png" imagesize="1" box_shadow_effect="0" hover_font="Noto Sans CJK KR,35,1,0,0,0" down_color_use="1" down_forecolor="00F8F8F8" version="1.1"/>
				<line control_id="1299" x1="30" y1="806" x2="1050" y2="806" right="30" bottom="404" line_width="1"/>
				<imagebox control_id="1300" x="30" y="721" right="975" bottom="414" width="75" height="75" transparent="1" border="0" border_radius="0,0,0,15" back_image="/BIZ/102/05/PUB/orderlist_num.png" padding="0,0,0,0" image="/BIZ/102/05/PUB/restaurant_thum7_s.png" imagesize="1" image_width="120" image_height="120"/>
				<panel control_id="1301" semantic_tag="0" x="556" y="721" right="344" bottom="414" width="180" height="75" back_image="/BIZ/102/05/PUB/menulist_numbox_bg.png" back_imagesize="1" border="0" title_font="맑은 고딕,9,0,0,0,0">
					<tab_order order_option="0" order_info="1302,1304"/>
					<pushbutton control_id="1302" x="6" y="7" right="119" bottom="8" width="55" height="60" style_class="0" text="" font="Noto Sans CJK KR,35,1,0,0,0" fore_color="00FFFFFF" transparent="1" border="4" image_normal="/BIZ/102/05/PUB/minus_bt_DG_55x60.png" imagesize="1" box_shadow_effect="0" hover_font="Noto Sans CJK KR,35,1,0,0,0" down_color_use="1" down_forecolor="00F8F8F8" version="1.1"/>
					<text control_id="1303" autosize="0" x="65" y="7" right="65" bottom="8" width="50" height="60" text="99" font="Noto Sans KR Bold,31.5,1,0,0,0" transparent="1" version="1.1"/>
					<pushbutton control_id="1304" x="119" y="7" right="6" bottom="8" width="55" height="60" style_class="0" text="" font="Noto Sans CJK KR,35,1,0,0,0" fore_color="00FFFFFF" transparent="1" border="4" image_normal="/BIZ/102/05/PUB/plus_bt_DG_55x60.png" imagesize="1" box_shadow_effect="0" hover_font="Noto Sans CJK KR,35,1,0,0,0" down_color_use="1" down_forecolor="00F8F8F8" version="1.1"/>
				</panel>
				<text control_id="379" autosize="0" x="576" y="821" right="480" bottom="327" width="24" height="62" custom_class="TX_101_G" text="3" font="Noto Sans KR Medium,31.5,500,0,0,0" fore_color="000A0A0A" back_color="00F6F6F6" transparent="1" horz_align="2" line_height="62" letter_spacing="-2.1px" version="1.1"/>
				<text control_id="380" autosize="0" x="520" y="821" right="536" bottom="327" width="24" height="62" text="1" font="Noto Sans KR Medium,31.5,500,0,0,0" fore_color="003016D2" back_color="00F6F6F6" transparent="1" horz_align="2" line_height="62" letter_spacing="-2.1px" version="1.1"/>
				<line control_id="382" x1="564" y1="836" x2="554" y2="870" right="516" bottom="340" line_width="1" line_color="000A0A0A"/>
				<pushbutton control_id="1305" x="228" y="815" right="598" bottom="321" width="254" height="74" style_class="0" text="이전페이지" font="Noto Sans KR Medium,31.5,500,0,0,0" transparent="1" border="4" image_normal="/BIZ/102/05/PUB/up_bt_G_254x74.png" image_down="/BIZ/102/05/PUB/up_bt_G_254x74_dim.png" box_shadow_effect="0" text_margin="51,0,0,0" hover_font="맑은 고딕,9,0,0,0,0" version="1.1"/>
				<pushbutton control_id="1306" x="638" y="816" right="188" bottom="320" width="254" height="74" style_class="0" text="다음페이지" font="Noto Sans KR Medium,31.5,500,0,0,0" transparent="1" border="4" image_normal="/BIZ/102/05/PUB/next_bt_G_254x74.png" image_down="/BIZ/102/05/PUB/dwn_bt_G_254x74_dim.png" box_shadow_effect="0" text_margin="0,51,0,0" hover_font="맑은 고딕,9,0,0,0,0" version="1.1"/>
				<panel control_id="891" semantic_tag="0" x="0" y="898" right="0" bottom="0" width="1080" height="312" custom_class="PN_105_color_1" back_color="00F6F6F6" border_ex="0,1,00B4B4B4,,0,0-0-0-0,0,0,1,0,00FFFFFF,00E1E1E1^1,2,00C2C2C2,1^1,0,00B4B4B4,1^1,0,00B4B4B4,1^1,0,00B4B4B4,1" title_font="맑은 고딕,9,0,0,0,0">
					<tab_order order_option="0" order_info="170,114,1228,179,7"/>
					<text control_id="180" autosize="0" x="551" y="127" right="490" bottom="121" width="39" height="62" text="원" font="Noto Sans KR Medium,31.5,500,0,0,0" fore_color="003016D2" transparent="1" back_imagehorzalign="2" letter_spacing="-2.1px" version="1.1"/>
					<text control_id="161" autosize="0" x="52" y="125" right="869" bottom="119" width="159" height="66" custom_class="TX_105_R" text="결제금액" font="Noto Sans KR Bold,33.8,1,0,0,0" fore_color="003016D2" back_color="00F6F6F6" transparent="1" letter_spacing="-3px" version="1.1"/>
					<line control_id="163" x1="44" y1="124" x2="594" y2="124" right="486" bottom="186" line_width="1" line_color="00C2C2C2"/>
					<numericex_field control_id="179" autosize="0" x="373" y="121" right="556" bottom="115" width="151" height="74" font="Noto Sans KR Bold,37.5,1,0,0,0" fore_color="003016D2" transparent="1" border="0" border_ex="0,0,00B4B4B4,,0,,0,0,1,0,00FFFFFF,00E1E1E1^0,0,00B4B4B4,1^0,0,00B4B4B4,1^0,0,00B4B4B4,1^0,0,00B4B4B4,1" back_imagehorzalign="1" horz_align="1" letter_spacing="-3.5px" enable="0" editable="0" default_value="24000" max_length="9" pattern="ZZZ,ZZZ,ZZ9"/>
					<pushbutton control_id="170" x="624" y="14" right="276" bottom="131" width="180" height="165" style_class="0" text="취소" font="Noto Sans KR Medium,32.3,500,0,0,0" fore_color="00FFFFFF" back_color="00F2F2F2" transparent="1" border="4" image_normal="/BIZ/102/05/PUB/bin_bt_G_180x165.png" imagesize="2" box_shadow_effect="0" line_height="70" hover_font="Noto Sans CJK KR,35,1,0,0,0" down_color_use="1" down_forecolor="00F8F8F8" down_backcolor="00F2F2F2" version="1.1"/>
					<line control_id="1226" x1="244" y1="8" x2="244" y2="37" right="836" bottom="273" line_color="000A0A0A"/>
					<text control_id="1227" autosize="0" x="53" y="54" right="879" bottom="194" width="148" height="62" custom_class="TX_101_contents" text="할인금액" font="Noto Sans KR Medium,32.3,500,0,0,0" fore_color="000A0A0A" back_color="00F6F6F6" transparent="1" letter_spacing="-2.15px" version="1.1"/>
					<numericex_field control_id="1228" autosize="0" x="406" y="52" right="556" bottom="196" width="118" height="62" font="Noto Sans KR Bold,31.5,1,0,0,0" fore_color="000A0A0A" transparent="1" border="0" border_ex="0,0,00B4B4B4,,0,,0,0,1,0,00FFFFFF,00E1E1E1^0,0,00B4B4B4,1^0,0,00B4B4B4,1^0,0,00B4B4B4,1^0,0,00B4B4B4,1" back_imagehorzalign="1" horz_align="1" letter_spacing="-2.5px" enable="0" editable="0" default_value="-1000" pattern="ZZZ,ZZZ,ZZZ,ZZ9"/>
					<text control_id="1229" autosize="0" x="551" y="52" right="490" bottom="196" width="39" height="62" text="원" font="Noto Sans KR Medium,31.5,500,0,0,0" fore_color="000A0A0A" transparent="1" back_imagehorzalign="2" letter_spacing="-2.1px" version="1.1"/>
					<pushbutton control_id="114" x="819" y="14" right="36" bottom="131" width="225" height="165" style_class="0" text="결제하기" font="Noto Sans KR Medium,31.5,500,0,0,0" fore_color="00FFFFFF" back_color="00F2F2F2" transparent="1" border="4" image_normal="/BIZ/102/05/PUB/payment_square_R_bt.png" imagesize="1" box_shadow_effect="0" vert_align="2" line_height="70" text_margin="0,0,0,14" hover_font="Noto Sans CJK KR,35,1,0,0,0" down_color_use="1" down_forecolor="00F8F8F8" down_backcolor="00F2F2F2" version="1.1"/>
					<line control_id="1310" x1="244" y1="69" x2="244" y2="98" right="836" bottom="212" line_color="000A0A0A"/>
					<panel control_id="7" semantic_tag="0" x="0" y="195" right="0" bottom="0" width="1080" height="115" border="0" title_font="맑은 고딕,9,0,0,0,0">
						<tab_order order_option="0" order_info="236,237,235,48,230"/>
						<pushbutton control_id="230" name="btn_Acc" x="658" y="18" right="222" bottom="17" width="200" height="80" style_class="0" text="접근성" font="Noto Sans KR Medium,31.5,500,0,0,0" fore_color="00FFFFFF" transparent="1" border="4" border_color="00E2E2E2" border_radius="44" image_normal="/BIZ/101/01/PUB/lowsc_bt.png" image_down="/BIZ/101/01/PUB/lowsc_bt_o.png" imagesize="1" box_shadow_effect="0" horz_align="0" line_height="62" text_margin="61,27,9,9" text_wordellipsis="0" hover_font="맑은 고딕,9,0,0,0,0" down_color_use="2" down_forecolor="00F8F8F8" letter_spacing="-2.1px" version="1.1"/>
						<pushbutton control_id="48" name="btn_Prev" x="226" y="18" right="654" bottom="17" width="200" height="80" style_class="0" text="이전" font="Noto Sans KR Medium,31.5,500,0,0,0" fore_color="000A0A0A" back_color="00F0FFFF" transparent="1" border="4" border_color="0024C5FF" border_radius="45" image_normal="/BIZ/101/01/PUB/back_bt.png" image_focus="/BIZ/101/01/PUB/back_bt_foc.png" image_down="/BIZ/101/01/PUB/back_bt_o.png" imagesize="1" image_vert_align="1" box_shadow_effect="0" line_height="62" text_margin="70,54,9,9" hover_font="맑은 고딕,9,0,0,0,0" down_color_use="3" down_backcolor="0019AADE" letter_spacing="-2.1px" version="1.1"/>
						<pushbutton control_id="235" name="btn_Home" x="15" y="18" right="865" bottom="17" width="200" height="80" style_class="0" text="처음으로" font="Noto Sans KR Medium,31.5,500,0,0,0" fore_color="000A0A0A" back_color="00FBFBFB" border="4" border_color="007A665E" border_radius="35,35,35,35" image_normal="/BIZ/101/01/PUB/home_bt_G_200x70.png" image_down="/BIZ/101/01/PUB/home_bt_G_o.png" imagesize="1" image_vert_align="1" box_shadow_effect="0" horz_align="0" line_height="62" text_margin="40,12,9,9" hover_font="맑은 고딕,9,0,0,0,0" down_color_use="3" down_backcolor="006D574E" letter_spacing="-2.1px" version="1.1"/>
						<pushbutton control_id="236" name="btn_Flag" x="500" y="16" right="500" bottom="19" width="80" height="80" style_class="0" text="" font="Noto Sans CJK KR,32,0,0,0,0" fore_color="000A0A0A" transparent="1" border="4" border_color="00E2E2E2" border_radius="44" image_normal="/BIZ/101/01/PUB/language_lound_bt.png" image_down="/BIZ/101/01/PUB/language_lound_kr_bt_o.png" imagesize="1" box_shadow_effect="0" horz_align="2" line_height="62" text_margin="" text_wordellipsis="0" hover_font="맑은 고딕,9,0,0,0,0" down_color_use="2" down_forecolor="00F8F8F8" version="1.1"/>
						<pushbutton control_id="237" name="btn_Call" x="867" y="16" right="13" bottom="19" width="200" height="80" style_class="0" text="직원호출" font="Noto Sans KR Medium,31.5,500,0,0,0" fore_color="00FFFFFF" back_color="00FBFBFB" border="4" border_color="000000D1" border_radius="35" image_normal="/BIZ/101/01/PUB/call_bt_R_200x80.png" image_down="/BIZ/101/01/PUB/call_bt_R_200x80_o.png" imagesize="1" image_vert_align="1" box_shadow_effect="0" horz_align="0" line_height="62" text_margin="38,14,9,9" hover_font="맑은 고딕,9,0,0,0,0" down_color_use="3" down_backcolor="0011119C" letter_spacing="-2.1px" version="1.1"/>
					</panel>
				</panel>
				<text control_id="1307" autosize="0" x="53" y="893" right="879" bottom="255" width="148" height="62" custom_class="TX_101_contents" text="구매금액" font="Noto Sans KR Medium,32.3,500,0,0,0" fore_color="000A0A0A" back_color="00F6F6F6" transparent="1" letter_spacing="-2.15px" version="1.1"/>
				<numericex_field control_id="1308" autosize="0" x="397" y="893" right="556" bottom="255" width="127" height="62" font="Noto Sans KR Bold,31.5,1,0,0,0" fore_color="000A0A0A" transparent="1" border="0" border_ex="0,0,00B4B4B4,,0,,0,0,1,0,00FFFFFF,00E1E1E1^0,0,00B4B4B4,1^0,0,00B4B4B4,1^0,0,00B4B4B4,1^0,0,00B4B4B4,1" back_imagehorzalign="1" horz_align="1" letter_spacing="-2.5px" enable="0" editable="0" default_value="25000" pattern="ZZZ,ZZZ,ZZZ,ZZ9"/>
				<text control_id="1309" autosize="0" x="551" y="893" right="490" bottom="255" width="39" height="62" text="원" font="Noto Sans KR Medium,31.5,500,0,0,0" fore_color="000A0A0A" transparent="1" back_imagehorzalign="2" letter_spacing="-2.1px" version="1.1"/>
				<panel control_id="1314" semantic_tag="0" x="30" y="630" right="1014" bottom="544" width="36" height="36" back_color="00000000" border="0" border_radius="9,0,0,0" title_font="맑은 고딕,9,0,0,0,0"></panel>
				<panel control_id="1315" semantic_tag="0" x="30" y="721" right="1014" bottom="453" width="36" height="36" back_color="00000000" border="0" border_radius="9,0,0,0" title_font="맑은 고딕,9,0,0,0,0"></panel>
				<panel control_id="1318" semantic_tag="0" x="30" y="538" right="1014" bottom="636" width="36" height="36" back_color="00000000" border="0" border_radius="9,0,0,0" title_font="맑은 고딕,9,0,0,0,0"></panel>
				<panel control_id="1322" semantic_tag="0" x="30" y="446" right="1014" bottom="728" width="36" height="36" back_color="00000000" border="0" border_radius="9,0,0,0" title_font="맑은 고딕,9,0,0,0,0"></panel>
				<text control_id="351" autosize="0" x="28" y="432" right="1016" bottom="718" width="36" height="60" text="1" font="Noto Sans KR Medium,31.5,500,0,0,0" fore_color="00E9E9E9" back_color="00000000" transparent="1" horz_align="1" line_height="55" letter_spacing="-1.85px" version="1.1"/>
				<text control_id="1323" autosize="0" x="28" y="522" right="1016" bottom="628" width="36" height="60" text="2" font="Noto Sans KR Medium,31.5,500,0,0,0" fore_color="00E9E9E9" back_color="00000000" transparent="1" horz_align="1" line_height="55" letter_spacing="-1.85px" version="1.1"/>
				<text control_id="1324" autosize="0" x="28" y="614" right="1016" bottom="536" width="36" height="60" text="3" font="Noto Sans KR Medium,31.5,500,0,0,0" fore_color="00E9E9E9" back_color="00000000" transparent="1" horz_align="1" line_height="55" letter_spacing="-1.85px" version="1.1"/>
				<text control_id="1325" autosize="0" x="28" y="707" right="1016" bottom="443" width="36" height="60" text="4" font="Noto Sans KR Medium,31.5,500,0,0,0" fore_color="00E9E9E9" back_color="00000000" transparent="1" horz_align="1" line_height="55" letter_spacing="-1.85px" version="1.1"/>
			</panel>
		</panel>
	</map>
</map_list>
