﻿<?xml version="1.0" encoding="UTF-8"?>
<map_list>
	<map>
		<screen version="2.0" scriptcode="java" title="[저]음식점_결제하기" directory="/BIZ/102/05LP/" screenid="10205009" last_update_date="2024-10-31 14:38:18" width="1080" width_type="0" height="1920" height_type="0" canvas_height="2120" on_load="eventfunc:screen_on_load()" funclist="screen_on_load"/>
		<panel control_id="0" semantic_tag="0" x="0" y="0" right="0" bottom="0" width="1080" height="1920" back_color="00807D79" border="0" vertscrollbar_style="0" horzscrollbar_style="0" title_font="맑은 고딕,9,0,0,0,0">
			<panel control_id="1" semantic_tag="0" x="0" y="710" right="0" bottom="0" width="1080" height="1210" back_color="00F6F6F6" border="0" vertscrollbar_style="0" horzscrollbar_style="0" title_font="맑은 고딕,9,0,0,0,0">
				<tab_order order_option="0" order_info="6,233,1187,1190,1320,1321,1322,1323,1324,1311"/>
				<panel control_id="233" semantic_tag="0" x="0" y="60" right="0" bottom="1000" width="1080" height="150" custom_class="PN_101_bgG" back_color="00DFDDDC" back_image="/BIZ/101/01/PUB/bg_G_1080x150.png" back_imagesize="1" border="0" title_font="맑은 고딕,9,0,0,0,0">
					<tab_order order_option="0" order_info="886"/>
					<text control_id="217" autosize="0" x="37" y="75" right="901" bottom="13" width="142" height="62" custom_class="TX_101_stepDone" text="메뉴선택" font="Noto Sans KR Regular,31.5,0,0,0,0" fore_color="000A0A0A" back_color="00DFDDDC" transparent="1" horz_align="1" line_height="40" letter_spacing="-4.2px" version="1.1"/>
					<text control_id="218" autosize="0" x="250" y="78" right="682" bottom="10" width="148" height="62" custom_class="TX_101_stepDone" text="내역확인" font="Noto Sans KR Regular,31.5,0,0,0,0" fore_color="000A0A0A" back_color="00DFDDDC" transparent="1" horz_align="1" line_height="40" letter_spacing="-2.1px" version="1.1"/>
					<text control_id="219" autosize="0" x="449" y="78" right="449" bottom="10" width="182" height="62" custom_class="TX_101_stepDone" text="포인트적립" font="Noto Sans KR Regular,31.5,0,0,0,0" fore_color="000A0A0A" back_color="00DFDDDC" transparent="1" horz_align="1" line_height="40" letter_spacing="-4.2px" version="1.1"/>
					<text control_id="222" autosize="0" x="684" y="78" right="248" bottom="10" width="148" height="62" custom_class="TX_101_stepDone" text="결제하기" font="Noto Sans KR Regular,31.5,0,0,0,0" fore_color="000A0A0A" back_color="00DFDDDC" transparent="1" horz_align="1" line_height="40" letter_spacing="-2.1px" version="1.1"/>
					<text control_id="223" autosize="0" x="940" y="78" right="64" bottom="10" width="76" height="62" custom_class="TX_101_step" text="완료" font="Noto Sans KR Regular,31.5,0,0,0,0" fore_color="006C5E5A" back_color="00DFDDDC" transparent="1" horz_align="1" line_height="40" letter_spacing="-2.1px" version="1.1"/>
					<panel control_id="886" semantic_tag="0" x="76" y="7" right="76" bottom="69" width="928" height="74" custom_class="PN_105_stepBar_4" back_color="00DFDDDC" transparent="1" back_image="/BIZ/102/05/PUB/comn_5step_R_bar_4.png" border="0" title_font="맑은 고딕,9,0,0,0,0"></panel>
				</panel>
				<panel control_id="6" semantic_tag="0" x="0" y="0" right="0" bottom="1150" width="1080" height="60" back_color="00C4C4C4" border="0" vertscrollbar_style="0" horzscrollbar_style="0" boxshadow_type="1" title_font="맑은 고딕,9,0,0,0,0">
					<pushbutton control_id="888" x="447" y="9" right="446" bottom="9" width="187" height="42" style_class="0" custom_class="PB_105_title" text="" font="맑은 고딕,9,0,0,0,0" back_color="00C4C4C4" transparent="1" border="4" image_normal="/BIZ/102/05/PUB/logo_restaurant.png" imagesize="1" hover_font="맑은 고딕,9,0,0,0,0" version="1.1"/>
				</panel>
				<panel control_id="1311" semantic_tag="0" x="0" y="1095" right="0" bottom="0" width="1080" height="115" border="0" title_font="맑은 고딕,9,0,0,0,0">
					<tab_order order_option="0" order_info="1315,1316,1314,1313,1312"/>
					<pushbutton control_id="1312" name="btn_Acc" x="658" y="18" right="222" bottom="17" width="200" height="80" style_class="0" text="접근성" font="Noto Sans KR Medium,31.5,500,0,0,0" fore_color="00FFFFFF" transparent="1" border="4" border_color="00E2E2E2" border_radius="44" image_normal="/BIZ/101/01/PUB/lowsc_bt.png" image_down="/BIZ/101/01/PUB/lowsc_bt_o.png" imagesize="1" box_shadow_effect="0" horz_align="0" line_height="62" text_margin="61,27,9,9" text_wordellipsis="0" hover_font="맑은 고딕,9,0,0,0,0" down_color_use="2" down_forecolor="00F8F8F8" letter_spacing="-2.1px" version="1.1"/>
					<pushbutton control_id="1313" name="btn_Prev" x="226" y="18" right="654" bottom="17" width="200" height="80" style_class="0" text="이전" font="Noto Sans KR Medium,31.5,500,0,0,0" fore_color="000A0A0A" back_color="00F0FFFF" transparent="1" border="4" border_color="0024C5FF" border_radius="45" image_normal="/BIZ/101/01/PUB/back_bt.png" image_focus="/BIZ/101/01/PUB/back_bt_foc.png" image_down="/BIZ/101/01/PUB/back_bt_o.png" imagesize="1" image_vert_align="1" box_shadow_effect="0" line_height="62" text_margin="70,54,9,9" hover_font="맑은 고딕,9,0,0,0,0" down_color_use="3" down_backcolor="0019AADE" letter_spacing="-2.1px" version="1.1"/>
					<pushbutton control_id="1314" name="btn_Home" x="15" y="18" right="865" bottom="17" width="200" height="80" style_class="0" text="처음으로" font="Noto Sans KR Medium,31.5,500,0,0,0" fore_color="000A0A0A" back_color="00FBFBFB" border="4" border_color="007A665E" border_radius="35,35,35,35" image_normal="/BIZ/101/01/PUB/home_bt_G_200x70.png" image_down="/BIZ/101/01/PUB/home_bt_G_o.png" imagesize="1" image_vert_align="1" box_shadow_effect="0" horz_align="0" line_height="62" text_margin="40,12,9,9" hover_font="맑은 고딕,9,0,0,0,0" down_color_use="3" down_backcolor="006D574E" letter_spacing="-2.1px" version="1.1"/>
					<pushbutton control_id="1315" name="btn_Flag" x="500" y="16" right="500" bottom="19" width="80" height="80" style_class="0" text="" font="Noto Sans CJK KR,32,0,0,0,0" fore_color="000A0A0A" transparent="1" border="4" border_color="00E2E2E2" border_radius="44" image_normal="/BIZ/101/01/PUB/language_lound_bt.png" image_down="/BIZ/101/01/PUB/language_lound_kr_bt_o.png" imagesize="1" box_shadow_effect="0" horz_align="2" line_height="62" text_margin="" text_wordellipsis="0" hover_font="맑은 고딕,9,0,0,0,0" down_color_use="2" down_forecolor="00F8F8F8" version="1.1"/>
					<pushbutton control_id="1316" name="btn_Call" x="867" y="16" right="13" bottom="19" width="200" height="80" style_class="0" text="직원호출" font="Noto Sans KR Medium,31.5,500,0,0,0" fore_color="00FFFFFF" back_color="00FBFBFB" border="4" border_color="000000D1" border_radius="35" image_normal="/BIZ/101/01/PUB/call_bt_R_200x80.png" image_down="/BIZ/101/01/PUB/call_bt_R_200x80_o.png" imagesize="1" image_vert_align="1" box_shadow_effect="0" horz_align="0" line_height="62" text_margin="38,14,9,9" hover_font="맑은 고딕,9,0,0,0,0" down_color_use="3" down_backcolor="0011119C" letter_spacing="-2.1px" version="1.1"/>
				</panel>
				<text control_id="185" autosize="0" x="312" y="244" right="312" bottom="892" width="456" height="74" custom_class="TX_101_contents" text="&lt;font class=&quot;TX_105_R&quot; color=&quot;#D21630&quot;&gt;결제방법&lt;/font&gt;을 선택하세요" font="Noto Sans KR Bold,37.5,1,0,0,0" fore_color="000A0A0A" back_color="00F6F6F6" transparent="1" horz_align="1" line_height="80" letter_spacing="-3px" version="1.1"/>
				<panel control_id="1187" semantic_tag="0" x="0" y="356" right="0" bottom="709" width="1080" height="145" back_color="003016D2" title_font="맑은 고딕,9,0,0,0,0">
					<tab_order order_option="0" order_info="450"/>
					<text control_id="1189" autosize="0" x="208" y="30" right="628" bottom="39" width="242" height="74" text="총 결제금액 " font="Noto Sans KR Regular,37.5,0,0,0,0" fore_color="00F8F8F8" back_color="003016D2" transparent="1" letter_spacing="-3px" version="1.1"/>
					<numericex_field control_id="450" autosize="0" x="608" y="10" right="238" bottom="22" width="232" height="111" font="Noto Sans KR Medium,56.3,500,0,0,0" fore_color="00FFFFFF" back_color="003016D2" back_color_opacity="0" transparent="1" border="0" letter_spacing="-3.75px" enable="0" default_value="40700" pattern="ZZZ,ZZZ,ZZZ,ZZZ,ZZ9"/>
					<text control_id="451" autosize="0" x="840" y="23" right="183" bottom="31" width="55" height="89" text="원" font="Noto Sans KR Medium,45,500,0,0,0" fore_color="00FFFFFF" back_color="003016D2" back_color_opacity="0" border_radius="0,0,0,0" border_ex="0,0,00B4B4B4,,0,,0,0,1,0,00FFFFFF,00E1E1E1^0,0,00B4B4B4,1^0,0,00B4B4B4,1^0,1,007C726E,1^0,0,00B4B4B4,1" letter_spacing="-3.75px" version="1.1"/>
					<line control_id="332" x1="516" y1="48" x2="516" y2="95" right="562" bottom="48" line_color="00FFFFFF"/>
				</panel>
				<pushbutton control_id="1190" x="191" y="582" right="663" bottom="406" width="226" height="222" style_class="0" custom_class="PB_102_cade" text="신용카드" font="Noto Sans KR Bold,31.5,1,0,0,0" transparent="1" border="4" image_normal="/BIZ/102/05/PUB/pay_card_bt_226x222.png" image_down="/BIZ/102/05/PUB/pay_card_bt_226x222_o.png" imagesize="1" image_vert_align="1" vert_align="2" line_height="55" text_margin="0,0,0,34" hover_font="맑은 고딕,9,0,0,0,0" letter_spacing="-2.1px" version="1.1"/>
				<pushbutton control_id="1320" x="426" y="582" right="428" bottom="406" width="226" height="222" style_class="0" custom_class="PB_102_cade" text="NIA 페이" font="Noto Sans KR Bold,31.5,1,0,0,0" transparent="1" border="4" image_normal="/BIZ/102/05/PUB/pay_pay_bt_226x222.png" image_down="/BIZ/102/05/PUB/pay_pay_bt_226x222_o.png" imagesize="1" image_vert_align="1" vert_align="2" line_height="55" text_margin="0,0,0,34" hover_font="맑은 고딕,9,0,0,0,0" letter_spacing="-2.1px" version="1.1"/>
				<pushbutton control_id="1321" x="664" y="582" right="190" bottom="406" width="226" height="222" style_class="0" custom_class="PB_102_cade" text="모바일 쿠폰" font="Noto Sans KR Bold,31.5,1,0,0,0" transparent="1" border="4" image_normal="/BIZ/102/05/PUB/pay_m_coupon_bt_226x222.png" image_down="/BIZ/102/05/PUB/pay_m_coupon_bt_226x222_o.png" imagesize="1" image_vert_align="1" vert_align="2" line_height="55" text_margin="0,0,0,34" hover_font="맑은 고딕,9,0,0,0,0" letter_spacing="-2.1px" version="1.1"/>
				<pushbutton control_id="1322" x="191" y="814" right="663" bottom="174" width="226" height="222" style_class="0" custom_class="PB_102_cade" text="신용카드" font="Noto Sans KR Bold,31.5,1,0,0,0" transparent="1" border="4" image_normal="/BIZ/102/05/PUB/pay_card_bt_226x222-1.png" image_down="/BIZ/102/05/PUB/pay_card_bt_226x222_o.png" imagesize="1" image_vert_align="1" vert_align="2" line_height="55" text_margin="0,0,0,34" hover_font="맑은 고딕,9,0,0,0,0" letter_spacing="-2.1px" version="1.1"/>
				<pushbutton control_id="1323" x="426" y="814" right="428" bottom="174" width="226" height="222" style_class="0" custom_class="PB_102_cade" text="바코드 할인" font="Noto Sans KR Bold,31.5,1,0,0,0" transparent="1" border="4" image_normal="/BIZ/102/05/PUB/pay_barcode_bt_226x222.png" image_down="/BIZ/102/05/PUB/pay_barcode_bt_226x222_o.png" imagesize="1" image_vert_align="1" vert_align="2" line_height="55" text_margin="0,0,0,34" hover_font="맑은 고딕,9,0,0,0,0" letter_spacing="-2.1px" version="1.1"/>
				<pushbutton control_id="1324" x="664" y="814" right="190" bottom="174" width="226" height="222" style_class="0" custom_class="PB_102_cade" text="기프트 카드" font="Noto Sans KR Bold,31.5,1,0,0,0" transparent="1" border="4" image_normal="/BIZ/102/05/PUB/pay_giftcard_bt_226x222.png" image_down="/BIZ/102/05/PUB/pay_giftcard_bt_226x222_o.png" imagesize="1" image_vert_align="1" vert_align="2" line_height="55" text_margin="0,0,0,34" hover_font="맑은 고딕,9,0,0,0,0" letter_spacing="-2.1px" version="1.1"/>
			</panel>
		</panel>
	</map>
</map_list>
