﻿<?xml version="1.0" encoding="UTF-8"?>
<map_list>
	<map>
		<screen version="2.0" scriptcode="java" title="즉석사진인화기_결제방법" directory="/BIZ/101/03/" screenid="10103004" last_update_date="2024-11-14 11:26:31" width="1080" width_type="0" height="1920" height_type="0" canvas_width="3200" canvas_height="3000" on_load="eventfunc:screen_on_load()" funclist="screen_on_load"/>
		<panel control_id="4" semantic_tag="0" x="0" y="0" right="0" bottom="0" width="1080" height="1920" back_color="00F6F6F6" border="0" border_color="00F0DDDC" title_font="맑은 고딕,9,0,0,0,0">
			<tab_order order_option="0" order_info="6,233,235,1187,1190,1191,1192,7"/>
			<panel control_id="233" semantic_tag="0" x="0" y="80" right="0" bottom="1690" width="1080" height="150" back_color="00B4B4B4" back_image="/BIZ/101/01/PUB/bg_G_1080x150.png" back_imagesize="1" border="0" title_font="맑은 고딕,9,0,0,0,0">
				<imagebox control_id="234" x="76" y="7" right="76" bottom="69" width="928" height="74" custom_class="PN_101_stepBar_1" transparent="1" border="0" padding="0,0,0,0" image="/BIZ/101/01/PUB/comn_5step_B_bar_2.png" image_width="920" image_height="74"/>
				<text control_id="217" autosize="0" x="37" y="78" right="901" bottom="10" width="142" height="62" text="기본선택" font="Noto Sans KR Regular,31.5,0,0,0,0" fore_color="000A0A0A" back_color="00DFDDDC" transparent="1" horz_align="1" line_height="40" letter_spacing="-4.2px" version="1.1"/>
				<text control_id="218" autosize="0" x="234" y="78" right="698" bottom="10" width="148" height="62" text="결제하기" font="Noto Sans KR Regular,31.5,0,0,0,0" fore_color="000A0A0A" back_color="00DFDDDC" transparent="1" horz_align="1" line_height="40" letter_spacing="-2.1px" version="1.1"/>
				<text control_id="219" autosize="0" x="469" y="78" right="469" bottom="10" width="142" height="62" text="촬영하기" font="Noto Sans KR Regular,31.5,0,0,0,0" fore_color="006C5E5A" back_color="00DFDDDC" transparent="1" horz_align="1" line_height="40" letter_spacing="-4.2px" version="1.1"/>
				<text control_id="222" autosize="0" x="685" y="78" right="283" bottom="10" width="112" height="62" text="꾸미기" font="Noto Sans KR Regular,31.5,0,0,0,0" fore_color="006C5E5A" back_color="00DFDDDC" transparent="1" horz_align="1" line_height="40" letter_spacing="-2.1px" version="1.1"/>
				<text control_id="223" autosize="0" x="940" y="78" right="64" bottom="10" width="76" height="62" text="완료" font="Noto Sans KR Regular,31.5,0,0,0,0" fore_color="006C5E5A" back_color="00DFDDDC" transparent="1" horz_align="1" line_height="40" letter_spacing="-2.1px" version="1.1"/>
			</panel>
			<panel control_id="7" semantic_tag="0" x="0" y="1805" right="0" bottom="0" width="1080" height="115" border="0" boxshadow_type="1" title_font="맑은 고딕,9,0,0,0,0">
				<tab_order order_option="0" order_info="48,230"/>
				<pushbutton control_id="230" name="btn_Acc" x="866" y="18" right="14" bottom="17" width="200" height="80" style_class="0" text="접근성" font="Noto Sans KR,31.5,1,0,0,0" fore_color="00FFFFFF" transparent="1" border="4" border_color="00E2E2E2" border_radius="44" image_normal="/BIZ/101/01/PUB/lowsc_bt.png" box_shadow_effect="0" horz_align="0" line_height="62" text_margin="63,0,0,0" text_wordellipsis="0" hover_font="맑은 고딕,9,0,0,0,0" down_color_use="2" down_forecolor="00F8F8F8" letter_spacing="-2.1px" version="1.1"/>
				<pushbutton control_id="48" name="btn_Prev" x="14" y="18" right="851" bottom="17" width="215" height="80" style_class="0" text="이전" font="Noto Sans KR,31.5,1,0,0,0" fore_color="000A0A0A" back_color="00F0FFFF" transparent="1" border="4" border_color="0024C5FF" border_radius="45" image_normal="/BIZ/101/01/PUB/back_bt.png" image_vert_align="1" box_shadow_effect="0" line_height="62" hover_font="맑은 고딕,9,0,0,0,0" down_color_use="3" down_backcolor="0019AADE" letter_spacing="-2.1px" version="1.1"/>
			</panel>
			<pushbutton control_id="235" x="892" y="259" right="40" bottom="1547" width="148" height="114" text="180초 시간연장" font="맑은 고딕,9,0,0,0,0" border="4" hover_font="맑은 고딕,9,0,0,0,0" version="1.1"/>
			<text control_id="246" autosize="0" x="267" y="388" right="267" bottom="1443" width="546" height="89" text="&lt;font color=&quot;#1674D2&quot;&gt;결제 방법&lt;/font&gt;을 선택하세요" font="Noto Sans KR Bold,45,1,0,0,0" fore_color="000A0A0A" transparent="1" line_height="55" letter_spacing="-3px" version="1.1"/>
			<panel control_id="1187" semantic_tag="0" x="0" y="636" right="0" bottom="1084" width="1080" height="200" back_color="00D27416" title_font="맑은 고딕,9,0,0,0,0">
				<tab_order order_option="0" order_info="450"/>
				<text control_id="1189" autosize="0" x="162" y="56" right="641" bottom="53" width="275" height="89" text="총 결제금액 " font="Noto Sans KR Medium,45,500,0,0,0" fore_color="00F8F8F8" back_color="00D47416" transparent="1" line_height="55" letter_spacing="-3px" version="1.1"/>
				<numericex_field control_id="450" autosize="0" x="607" y="34" right="257" bottom="31" width="214" height="133" font="Noto Sans KR Medium,67.5,500,0,0,0" fore_color="00FFFFFF" back_color="00D47416" back_color_opacity="0" transparent="1" border="0" letter_spacing="-4.5px" enable="0" default_value="9000" pattern="ZZZ,ZZZ,ZZZ,ZZZ,ZZ9"/>
				<text control_id="451" autosize="0" x="857" y="56" right="166" bottom="53" width="55" height="89" text="원" font="Noto Sans KR Medium,45,500,0,0,0" fore_color="00FFFFFF" back_color="00D47416" back_color_opacity="0" border_radius="0,0,0,0" border_ex="0,0,00B4B4B4,,0,,0,0,1,0,00FFFFFF,00E1E1E1^0,0,00B4B4B4,1^0,0,00B4B4B4,1^0,1,007C726E,1^0,0,00B4B4B4,1" line_height="55" letter_spacing="-3px" version="1.1"/>
				<line control_id="332" x1="510" y1="78" x2="510" y2="125" right="568" bottom="73" line_color="00FFFFFF"/>
			</panel>
			<pushbutton control_id="1190" x="101" y="948" right="694" bottom="692" width="285" height="280" style_class="0" text="신용카드" font="Noto Sans KR Bold,33.8,1,0,0,0" border="4" border_radius="15" image_normal="/BIZ/101/02/PUB/pay_card_bt_285x280.png" image_vert_align="1" box_shadow_effect="0" vert_align="2" line_height="55" text_margin="0,0,0,34" hover_font="맑은 고딕,9,0,0,0,0" letter_spacing="-2.25px" version="1.1"/>
			<pushbutton control_id="1191" x="398" y="948" right="397" bottom="692" width="285" height="280" style_class="0" text="NIA페이" font="Noto Sans KR Bold,33.8,1,0,0,0" border="4" border_radius="15" image_normal="/BIZ/101/02/PUB/pay_pay_bt_285x280.png" image_vert_align="1" box_shadow_effect="0" vert_align="2" line_height="55" text_margin="0,0,0,34" hover_font="맑은 고딕,9,0,0,0,0" letter_spacing="-2.25px" version="1.1"/>
			<pushbutton control_id="1192" x="695" y="948" right="100" bottom="692" width="285" height="280" style_class="0" text="현금" font="Noto Sans KR Bold,33.8,1,0,0,0" border="4" border_radius="15" image_normal="/BIZ/101/02/PUB/pay_cash_bt_285x280.png" image_horz_align="1" image_vert_align="1" box_shadow_effect="0" vert_align="2" line_height="55" text_margin="0,0,0,34" hover_font="맑은 고딕,9,0,0,0,0" letter_spacing="-2.25px" version="1.1"/>
			<panel control_id="6" semantic_tag="0" x="0" y="0" right="0" bottom="1840" width="1080" height="80" border="0" vertscrollbar_style="0" horzscrollbar_style="0" boxshadow_type="1" title_font="맑은 고딕,9,0,0,0,0">
				<tab_order order_option="0" order_info="192,214,193,886"/>
				<pushbutton control_id="192" name="btn_Home" x="14" y="5" right="866" bottom="5" width="200" height="70" style_class="0" text="처음으로" font="Noto Sans KR Medium,31.5,500,0,0,0" fore_color="000A0A0A" back_color="00FBFBFB" border="4" border_color="007A665E" border_radius="35,35,35,35" image_normal="/BIZ/101/01/PUB/home_bt_G.png" image_vert_align="1" box_shadow_effect="0" horz_align="0" line_height="62" text_margin="40,0,0,0" hover_font="맑은 고딕,9,0,0,0,0" down_color_use="3" down_backcolor="006D574E" letter_spacing="-2.1px" version="1.1"/>
				<pushbutton control_id="193" name="btn_Call" x="866" y="5" right="14" bottom="5" width="200" height="70" style_class="0" text="직원호출" font="Noto Sans KR Medium,31.5,500,0,0,0" fore_color="00FFFFFF" back_color="00FBFBFB" border="4" border_color="000000D1" border_radius="35" image_normal="/BIZ/101/01/PUB/call_bt_R.png" image_vert_align="1" box_shadow_effect="0" horz_align="0" line_height="62" text_margin="39,0,0,0" hover_font="맑은 고딕,9,0,0,0,0" down_color_use="3" down_backcolor="0011119C" letter_spacing="-2.1px" version="1.1"/>
				<pushbutton control_id="214" name="btn_Flag" x="758" y="5" right="252" bottom="5" width="70" height="70" style_class="0" text="" font="Noto Sans CJK KR,32,0,0,0,0" fore_color="000A0A0A" transparent="1" border="4" border_color="00E2E2E2" border_radius="44" image_normal="/BIZ/101/01/PUB/language_lound_bt.png" box_shadow_effect="0" horz_align="2" line_height="62" text_margin="" text_wordellipsis="0" hover_font="맑은 고딕,9,0,0,0,0" down_color_use="2" down_forecolor="00F8F8F8" version="1.1"/>
				<pushbutton control_id="886" x="433" y="25" right="427" bottom="22" width="220" height="33" style_class="0" custom_class="IM_title" text="" font="맑은 고딕,9,0,0,0,0" transparent="1" border="4" image_normal="/BIZ/101/03/PUB/logo_photo.png" imagesize="2" hover_font="맑은 고딕,9,0,0,0,0" version="1.1"/>
			</panel>
		</panel>
	</map>
</map_list>
