﻿<?xml version="1.0" encoding="UTF-8"?>
<map_list>
	<map>
		<screen version="2.0" scriptcode="java" title="즉석사진인화기_사용시작안내" directory="/BIZ/101/03/" screenid="10103001" last_update_date="2024-11-13 12:45:16" width="1080" width_type="0" height="1920" height_type="0" canvas_width="1081" canvas_height="1921" on_load="eventfunc:screen_on_load()" funclist="screen_on_load"/>
		<tab_order order_option="0" order_info="1,2,884,57"/>
		<panel control_id="1" semantic_tag="0" x="0" y="0" right="0" bottom="1840" width="1080" height="80" custom_class="PN_101_back" back_color="00FBFBFB" border="0" vertscrollbar_style="0" horzscrollbar_style="0" panel_height="560" title_font="맑은 고딕,9,0,0,0,0">
			<pushbutton control_id="886" x="433" y="25" right="427" bottom="502" width="220" height="33" style_class="0" custom_class="IM_title" text="" font="맑은 고딕,9,0,0,0,0" transparent="1" border="4" image_normal="/BIZ/101/03/PUB/logo_photo.png" imagesize="2" hover_font="맑은 고딕,9,0,0,0,0" version="1.1"/>
		</panel>
		<panel control_id="2" semantic_tag="0" x="0" y="80" right="0" bottom="560" width="1080" height="1280" back_image="/BIZ/101/03/PUB/poster_img_Type_3.png" border="0" vertscrollbar_style="0" horzscrollbar_style="0" title_font="맑은 고딕,9,0,0,0,0"></panel>
		<panel control_id="884" semantic_tag="0" x="0" y="1358" right="0" bottom="117" width="1080" height="445" custom_class="PN_101_back" border="0" title_font="맑은 고딕,9,0,0,0,0">
			<pushbutton control_id="882" x="265" y="133" right="265" bottom="132" width="550" height="180" style_class="0" text="시작하기" font="Noto Sans KR Medium,50.3,500,0,0,0" fore_color="00F8F8F8" transparent="1" border="4" image_normal="/BIZ/101/02/PUB/start_bt_B.png" line_height="99" hover_font="맑은 고딕,9,0,0,0,0" version="1.1"/>
		</panel>
		<panel control_id="57" semantic_tag="0" x="0" y="1803" right="0" bottom="2" width="1080" height="115" custom_class="PN_101_back" back_color="00FBFBFB" border="0" vertscrollbar_style="0" horzscrollbar_style="0" title_font="맑은 고딕,9,0,0,0,0">
			<tab_order order_option="0" order_info="284,283,281,282,161"/>
			<radiobutton control_id="284" name="btn_Image1" x="13" y="18" right="867" bottom="17" width="200" height="80" font="Noto Sans KR Regular,31.5,0,0,0,0" fore_color="000A0A0A" transparent="1" image_select="/BIZ/101/02/PUB/language_kr_bt_o.png" image_unselect="/BIZ/101/02/PUB/language_kr_bt_o.png" text_margin="0,30,0,0" horz_align="2" line_height="62" drawfocusrect="0" fore_color_focus="00F8F8F8" fore_color_disable="000A0A0A" select_style_use="1" fore_color_select="00F8F8F8" fore_color_disselect="000A0A0A" letter_spacing="-2.1px" text="한국어" default_select="1"/>
			<radiobutton control_id="283" name="btn_Image2" x="222" y="18" right="658" bottom="17" width="200" height="80" font="Noto Sans KR Regular,31.5,0,0,0,0" fore_color="000A0A0A" transparent="1" image_unselect="/BIZ/101/02/PUB/language_eng_bt.png" text_margin="0,13,0,0" horz_align="2" line_height="62" drawfocusrect="0" select_style_use="1" fore_color_select="00F8F8F8" letter_spacing="-2.1px" text="English" select_value="2"/>
			<radiobutton control_id="281" name="btn_Image3" x="431" y="18" right="449" bottom="17" width="200" height="80" font="Noto Sans KR Regular,31.5,0,0,0,0" fore_color="000A0A0A" transparent="1" image_unselect="/BIZ/101/02/PUB/language_cha_bt.png" text_margin="0,21,0,0" horz_align="2" line_height="62" drawfocusrect="0" select_style_use="1" fore_color_select="00F8F8F8" letter_spacing="-2.1px" text="中國語" select_value="3"/>
			<radiobutton control_id="282" name="btn_Image4" x="640" y="18" right="240" bottom="17" width="200" height="80" font="Noto Sans KR Regular,31.5,0,0,0,0" fore_color="000A0A0A" transparent="1" image_unselect="/BIZ/101/02/PUB/language_jpa_bt.png" text_margin="0,21,0,0" horz_align="2" line_height="62" drawfocusrect="0" select_style_use="1" fore_color_select="00F8F8F8" letter_spacing="-2.1px" text="日本語" select_value="4"/>
			<pushbutton control_id="161" name="btn_Acc" x="867" y="18" right="13" bottom="17" width="200" height="80" style_class="0" text="접근성" font="Noto Sans KR Regular,31.5,0,0,0,0" fore_color="00FFFFFF" transparent="1" border="4" border_color="007A665E" border_radius="35" image_normal="/BIZ/101/02/PUB/comn_lowscreen_bt.png" image_vert_align="1" box_shadow_effect="0" horz_align="0" line_height="62" text_margin="62,0,0,0" hover_font="맑은 고딕,9,0,0,0,0" down_backcolor="006D574E" letter_spacing="-2.1px" version="1.1"/>
		</panel>
	</map>
</map_list>
