﻿<?xml version="1.0" encoding="UTF-8"?>
<map_list>
	<map>
		<screen version="2.0" scriptcode="java" title="즉석사진인화기_사진고르기(2)" directory="/BIZ/101/03/" screenid="10103009" last_update_date="2024-11-14 11:26:07" width="1080" width_type="0" height="1920" height_type="0" canvas_width="3200" canvas_height="3000" on_load="eventfunc:screen_on_load()" funclist="screen_on_load"/>
		<panel control_id="4" semantic_tag="0" x="0" y="0" right="0" bottom="0" width="1080" height="1920" back_color="00F6F6F6" border="0" border_color="00F0DDDC" title_font="맑은 고딕,9,0,0,0,0">
			<tab_order order_option="0" order_info="6,233,1201,1130,7"/>
			<panel control_id="233" semantic_tag="0" x="0" y="80" right="0" bottom="1690" width="1080" height="150" back_color="00B4B4B4" back_image="/BIZ/101/01/PUB/bg_G_1080x150.png" back_imagesize="1" border="0" title_font="맑은 고딕,9,0,0,0,0">
				<imagebox control_id="234" x="76" y="7" right="76" bottom="69" width="928" height="74" custom_class="PN_101_stepBar_1" transparent="1" border="0" padding="0,0,0,0" image="/BIZ/101/01/PUB/comn_5step_B_bar_3.png" image_width="920" image_height="74"/>
				<text control_id="217" autosize="0" x="37" y="78" right="901" bottom="10" width="142" height="62" text="기본선택" font="Noto Sans KR Regular,31.5,0,0,0,0" fore_color="000A0A0A" back_color="00DFDDDC" transparent="1" horz_align="1" line_height="40" letter_spacing="-4.2px" version="1.1"/>
				<text control_id="218" autosize="0" x="234" y="78" right="698" bottom="10" width="148" height="62" text="결제하기" font="Noto Sans KR Regular,31.5,0,0,0,0" fore_color="000A0A0A" back_color="00DFDDDC" transparent="1" horz_align="1" line_height="40" letter_spacing="-2.1px" version="1.1"/>
				<text control_id="219" autosize="0" x="469" y="78" right="469" bottom="10" width="142" height="62" text="촬영하기" font="Noto Sans KR Regular,31.5,0,0,0,0" fore_color="000A0A0A" back_color="00DFDDDC" transparent="1" horz_align="1" line_height="40" letter_spacing="-4.2px" version="1.1"/>
				<text control_id="222" autosize="0" x="685" y="78" right="283" bottom="10" width="112" height="62" text="꾸미기" font="Noto Sans KR Regular,31.5,0,0,0,0" fore_color="006C5E5A" back_color="00DFDDDC" transparent="1" horz_align="1" line_height="40" letter_spacing="-2.1px" version="1.1"/>
				<text control_id="223" autosize="0" x="940" y="78" right="64" bottom="10" width="76" height="62" text="완료" font="Noto Sans KR Regular,31.5,0,0,0,0" fore_color="006C5E5A" back_color="00DFDDDC" transparent="1" horz_align="1" line_height="40" letter_spacing="-2.1px" version="1.1"/>
			</panel>
			<panel control_id="7" semantic_tag="0" x="0" y="1805" right="0" bottom="0" width="1080" height="115" border="0" boxshadow_type="1" title_font="맑은 고딕,9,0,0,0,0">
				<tab_order order_option="0" order_info="48,230"/>
				<pushbutton control_id="230" name="btn_Acc" x="866" y="18" right="14" bottom="17" width="200" height="80" style_class="0" text="접근성" font="Noto Sans KR,31.5,1,0,0,0" fore_color="00FFFFFF" transparent="1" border="4" border_color="00E2E2E2" border_radius="44" image_normal="/BIZ/101/01/PUB/lowsc_bt.png" box_shadow_effect="0" horz_align="0" line_height="62" text_margin="63,0,0,0" text_wordellipsis="0" hover_font="맑은 고딕,9,0,0,0,0" down_color_use="2" down_forecolor="00F8F8F8" letter_spacing="-2.1px" version="1.1"/>
				<pushbutton control_id="48" name="btn_Prev" x="14" y="18" right="851" bottom="17" width="215" height="80" style_class="0" text="이전" font="Noto Sans KR,31.5,1,0,0,0" fore_color="000A0A0A" back_color="00F0FFFF" transparent="1" border="4" border_color="0024C5FF" border_radius="45" image_normal="/BIZ/101/01/PUB/back_bt.png" image_vert_align="1" box_shadow_effect="0" line_height="62" hover_font="맑은 고딕,9,0,0,0,0" down_color_use="3" down_backcolor="0019AADE" letter_spacing="-2.1px" version="1.1"/>
			</panel>
			<text control_id="215" autosize="0" x="377" y="388" right="379" bottom="1443" width="324" height="89" text="사진을 고르세요" font="Noto Sans KR Bold,45,1,0,0,0" fore_color="000A0A0A" back_color="00F0F0F0" transparent="1" horz_align="1" line_height="90" letter_spacing="-3px" version="1.1"/>
			<imagebox control_id="1196" x="455" y="523" right="455" bottom="877" width="170" height="520" transparent="1" border="1" padding="0,0,0,0" image="/BIZ/101/03/PUB/photo_img_type1.png" imagesize="1" image_width="170" image_height="520"/>
			<text control_id="1200" autosize="0" x="524" y="929" right="526" bottom="917" width="30" height="74" text="4" font="Noto Sans KR Bold,37.5,1,0,0,0" fore_color="000A0A0A" transparent="1" line_height="90" letter_spacing="-2.5px" version="1.1"/>
			<pushbutton control_id="1201" x="453" y="1067" right="452" bottom="783" width="175" height="70" style_class="0" text="초기화" font="Noto Sans KR Medium,31.5,500,0,0,0" fore_color="000A0A0A" transparent="1" border="4" border_radius="14" image_normal="/BIZ/101/03/PUB/bin_Wline_bt_175x70.png" box_shadow_effect="0" line_height="62" hover_font="맑은 고딕,9,0,0,0,0" version="1.1"/>
			<image control_id="1202" autosize="0" x="110" y="1166" right="770" bottom="584" width="200" height="170" transparent="0" border="0" back_image="/BIZ/101/03/PUB/photo_sample1.png" padding="0,0,0,0" image="/BIZ/101/03/PUB/bin_Wline_bt_202175_o.png" imagesize="1" image_width="202" image_height="175"/>
			<image control_id="1203" autosize="0" x="330" y="1166" right="550" bottom="584" width="200" height="170" transparent="0" border="0" padding="0,0,0,0" image="/BIZ/101/03/PUB/photo_sample2.png" image_width="200" image_height="170"/>
			<image control_id="1204" autosize="0" x="550" y="1166" right="330" bottom="584" width="200" height="170" transparent="0" border="0" back_image="/BIZ/101/03/PUB/photo_sample3.png" padding="0,0,0,0" image="/BIZ/101/03/PUB/bin_Wline_bt_202175_o.png" imagesize="1" image_width="202" image_height="175"/>
			<image control_id="1205" autosize="0" x="770" y="1166" right="110" bottom="584" width="200" height="170" transparent="0" border="0" padding="0,0,0,0" image="/BIZ/101/03/PUB/photo_sample4.png" image_width="200" image_height="170"/>
			<image control_id="1206" autosize="0" x="110" y="1361" right="770" bottom="389" width="200" height="170" transparent="0" border="0" padding="0,0,0,0" image="/BIZ/101/03/PUB/photo_sample5.png" image_width="200" image_height="170"/>
			<image control_id="1207" autosize="0" x="330" y="1361" right="550" bottom="389" width="200" height="170" transparent="0" border="0" back_image="/BIZ/101/03/PUB/photo_sample6.png" padding="0,0,0,0" image="/BIZ/101/03/PUB/bin_Wline_bt_202175_o.png" imagesize="1" image_width="202" image_height="175"/>
			<image control_id="1208" autosize="0" x="550" y="1361" right="330" bottom="389" width="200" height="170" transparent="0" border="0" padding="0,0,0,0" image="/BIZ/101/03/PUB/photo_sample7.png" image_width="200" image_height="170"/>
			<image control_id="1209" autosize="0" x="770" y="1361" right="110" bottom="389" width="200" height="170" transparent="0" border="0" padding="0,0,0,0" image="/BIZ/101/03/PUB/photo_sample8.png" image_width="200" image_height="170"/>
			<pushbutton control_id="1130" x="240" y="1606" right="240" bottom="189" width="600" height="125" style_class="0" text="선택 완료" font="Noto Sans KR Medium,35.3,500,0,0,0" fore_color="00F8F8F8" border="4" border_color="00FFFFFF" border_radius="15" image_normal="/BIZ/101/01/PUB/bin_bt_B_600x125.png" image_down="/BIZ/101/03/PUB/bin_bt_B_600x125_o.png" box_shadow_effect="0" line_height="70" hover_font="Noto Sans KR Medium,33.8,500,0,0,0" down_color_use="4" down_forecolor="00F8F8F8" down_backcolor="00DAD6D2" down_bordercolor="00FFFFFF" disable_color_use="1" disable_forecolor="00EBEBEB" disable_backcolor="00DAD6D2" version="1.1"/>
			<text control_id="346" autosize="0" x="122" y="1158" right="934" bottom="700" width="24" height="62" text="1" font="Noto Sans CJK KR,32,500,0,0,0" fore_color="00E9E9E9" back_color="00000000" transparent="1" horz_align="1" letter_spacing="-2.1px" version="1.1"/>
			<text control_id="1210" autosize="0" x="564" y="1158" right="492" bottom="700" width="24" height="62" text="2" font="Noto Sans CJK KR,32,500,0,0,0" fore_color="00E9E9E9" back_color="00000000" transparent="1" horz_align="1" letter_spacing="-2.1px" version="1.1"/>
			<text control_id="1211" autosize="0" x="343" y="1353" right="713" bottom="505" width="24" height="62" text="3" font="Noto Sans CJK KR,32,500,0,0,0" fore_color="00E9E9E9" back_color="00000000" transparent="1" horz_align="1" letter_spacing="-2.1px" version="1.1"/>
			<image control_id="1212" autosize="0" x="475" y="544" right="475" bottom="1265" width="130" height="111" transparent="0" padding="0,0,0,0" image="/BIZ/101/03/PUB/photo_sample1.png" imagesize="1" image_width="200" image_height="170"/>
			<image control_id="1213" autosize="0" x="475" y="666" right="475" bottom="1143" width="130" height="111" transparent="0" padding="0,0,0,0" image="/BIZ/101/03/PUB/photo_sample3.png" imagesize="1" image_width="200" image_height="170"/>
			<image control_id="1214" autosize="0" x="475" y="788" right="475" bottom="1021" width="130" height="111" transparent="0" padding="0,0,0,0" image="/BIZ/101/03/PUB/photo_sample6.png" imagesize="1" image_width="200" image_height="170"/>
			<panel control_id="6" semantic_tag="0" x="0" y="0" right="0" bottom="1840" width="1080" height="80" border="0" vertscrollbar_style="0" horzscrollbar_style="0" boxshadow_type="1" title_font="맑은 고딕,9,0,0,0,0">
				<tab_order order_option="0" order_info="192,214,193,886"/>
				<pushbutton control_id="192" name="btn_Home" x="14" y="5" right="866" bottom="5" width="200" height="70" style_class="0" text="처음으로" font="Noto Sans KR Medium,31.5,500,0,0,0" fore_color="000A0A0A" back_color="00FBFBFB" border="4" border_color="007A665E" border_radius="35,35,35,35" image_normal="/BIZ/101/01/PUB/home_bt_G.png" image_vert_align="1" box_shadow_effect="0" horz_align="0" line_height="62" text_margin="40,0,0,0" hover_font="맑은 고딕,9,0,0,0,0" down_color_use="3" down_backcolor="006D574E" letter_spacing="-2.1px" version="1.1"/>
				<pushbutton control_id="193" name="btn_Call" x="866" y="5" right="14" bottom="5" width="200" height="70" style_class="0" text="직원호출" font="Noto Sans KR Medium,31.5,500,0,0,0" fore_color="00FFFFFF" back_color="00FBFBFB" border="4" border_color="000000D1" border_radius="35" image_normal="/BIZ/101/01/PUB/call_bt_R.png" image_vert_align="1" box_shadow_effect="0" horz_align="0" line_height="62" text_margin="39,0,0,0" hover_font="맑은 고딕,9,0,0,0,0" down_color_use="3" down_backcolor="0011119C" letter_spacing="-2.1px" version="1.1"/>
				<pushbutton control_id="214" name="btn_Flag" x="758" y="5" right="252" bottom="5" width="70" height="70" style_class="0" text="" font="Noto Sans CJK KR,32,0,0,0,0" fore_color="000A0A0A" transparent="1" border="4" border_color="00E2E2E2" border_radius="44" image_normal="/BIZ/101/01/PUB/language_lound_bt.png" image_down="/BIZ/101/01/PUB/language_KOR_70x70_o.png" box_shadow_effect="0" horz_align="2" line_height="62" text_margin="" text_wordellipsis="0" hover_font="맑은 고딕,9,0,0,0,0" down_color_use="2" down_forecolor="00F8F8F8" version="1.1"/>
				<pushbutton control_id="886" x="433" y="25" right="427" bottom="22" width="220" height="33" style_class="0" custom_class="IM_title" text="" font="맑은 고딕,9,0,0,0,0" transparent="1" border="4" image_normal="/BIZ/101/03/PUB/logo_photo.png" imagesize="2" hover_font="맑은 고딕,9,0,0,0,0" version="1.1"/>
			</panel>
		</panel>
	</map>
</map_list>
