﻿<?xml version="1.0" encoding="UTF-8"?>
<map_list>
	<map>
		<screen version="2.0" scriptcode="java" title="즉석사진인화기_사진컷" directory="/BIZ/101/03/" screenid="10103002" last_update_date="2024-11-14 13:52:03" width="1080" width_type="0" height="1920" height_type="0" canvas_width="3200" canvas_height="3000" on_load="eventfunc:screen_on_load()" funclist="screen_on_load"/>
		<panel control_id="4" semantic_tag="0" x="0" y="0" right="0" bottom="0" width="1080" height="1920" back_color="00F6F6F6" border="0" border_color="00F0DDDC" title_font="맑은 고딕,9,0,0,0,0">
			<tab_order order_option="0" order_info="6,233,235,246,237,238,239,7"/>
			<panel control_id="233" semantic_tag="0" x="0" y="80" right="0" bottom="1690" width="1080" height="150" custom_class="PN_101_bgG" back_color="00B4B4B4" back_image="/BIZ/101/01/PUB/bg_G_1080x150.png" back_imagesize="1" border="0" title_font="맑은 고딕,9,0,0,0,0">
				<imagebox control_id="234" x="76" y="7" right="66" bottom="43" width="938" height="100" custom_class="IM_101_stepBar_1" transparent="1" border="0" back_image="/BIZ/101/01/PUB/comn_5step_B_bar_1.png" padding="0,0,0,0"/>
				<text control_id="217" autosize="0" x="37" y="78" right="901" bottom="10" width="142" height="62" text="기본선택" font="Noto Sans KR Regular,31.5,0,0,0,0" fore_color="000A0A0A" back_color="00DFDDDC" transparent="1" horz_align="1" line_height="40" letter_spacing="-4.2px" version="1.1"/>
				<text control_id="218" autosize="0" x="234" y="78" right="698" bottom="10" width="148" height="62" text="결제하기" font="Noto Sans KR Regular,31.5,0,0,0,0" fore_color="006C5E5A" back_color="00DFDDDC" transparent="1" horz_align="1" line_height="40" letter_spacing="-2.1px" version="1.1"/>
				<text control_id="219" autosize="0" x="469" y="78" right="469" bottom="10" width="142" height="62" text="촬영하기" font="Noto Sans KR Regular,31.5,0,0,0,0" fore_color="006C5E5A" back_color="00DFDDDC" transparent="1" horz_align="1" line_height="40" letter_spacing="-4.2px" version="1.1"/>
				<text control_id="222" autosize="0" x="685" y="78" right="283" bottom="10" width="112" height="62" text="꾸미기" font="Noto Sans KR Regular,31.5,0,0,0,0" fore_color="006C5E5A" back_color="00DFDDDC" transparent="1" horz_align="1" line_height="40" letter_spacing="-2.1px" version="1.1"/>
				<text control_id="223" autosize="0" x="940" y="78" right="64" bottom="10" width="76" height="62" text="완료" font="Noto Sans KR Regular,31.5,0,0,0,0" fore_color="006C5E5A" back_color="00DFDDDC" transparent="1" horz_align="1" line_height="40" letter_spacing="-2.1px" version="1.1"/>
			</panel>
			<text control_id="215" autosize="0" x="293" y="388" right="293" bottom="1443" width="494" height="89" text="&lt;font color=&quot;#1674D2&quot;&gt;사진 컷&lt;/font&gt;을 선택하세요" font="Noto Sans KR,45,1,0,0,0" fore_color="000A0A0A" back_color="00F6F6F6" transparent="1" line_height="55" letter_spacing="-3px" version="1.1"/>
			<panel control_id="7" semantic_tag="0" x="0" y="1805" right="0" bottom="0" width="1080" height="115" border="0" boxshadow_type="1" title_font="맑은 고딕,9,0,0,0,0">
				<tab_order order_option="0" order_info="48,230"/>
				<pushbutton control_id="230" name="btn_Acc" x="866" y="18" right="14" bottom="17" width="200" height="80" style_class="0" text="접근성" font="Noto Sans KR,31.5,1,0,0,0" fore_color="00FFFFFF" transparent="1" border="4" border_color="00E2E2E2" border_radius="44" image_normal="/BIZ/101/01/PUB/lowsc_bt.png" box_shadow_effect="0" horz_align="0" line_height="62" text_margin="63,0,0,0" text_wordellipsis="0" hover_font="맑은 고딕,9,0,0,0,0" down_color_use="2" down_forecolor="00F8F8F8" letter_spacing="-2.1px" version="1.1"/>
				<pushbutton control_id="48" name="btn_Prev" x="14" y="18" right="851" bottom="17" width="215" height="80" style_class="0" text="이전" font="Noto Sans KR,31.5,1,0,0,0" fore_color="000A0A0A" back_color="00F0FFFF" transparent="1" border="4" border_color="0024C5FF" border_radius="45" image_normal="/BIZ/101/01/PUB/back_bt.png" image_vert_align="1" box_shadow_effect="0" line_height="62" hover_font="맑은 고딕,9,0,0,0,0" down_color_use="3" down_backcolor="0019AADE" letter_spacing="-2.1px" version="1.1"/>
			</panel>
			<pushbutton control_id="235" x="892" y="259" right="40" bottom="1547" width="148" height="114" text="180초 시간연장" font="맑은 고딕,9,0,0,0,0" border="4" hover_font="맑은 고딕,9,0,0,0,0" version="1.1"/>
			<pushbutton control_id="237" x="571" y="614" right="209" bottom="886" width="300" height="420" style_class="0" text="" font="Noto Sans KR Medium,31.5,500,0,0,0" transparent="1" border="4" border_radius="15" image_normal="/BIZ/101/03/PUB/photo_bt_type_o.png" box_shadow_effect="0" vert_align="2" text_margin="0,0,0,22" hover_font="맑은 고딕,9,0,0,0,0" letter_spacing="-2.1px" version="1.1"/>
			<pushbutton control_id="238" x="210" y="1094" right="570" bottom="406" width="300" height="420" style_class="0" text="" font="맑은 고딕,9,0,0,0,0" transparent="1" border="4" border_radius="15" image_normal="/BIZ/101/03/PUB/photo_bt_type_3.png" box_shadow_effect="0" hover_font="맑은 고딕,9,0,0,0,0" version="1.1"/>
			<pushbutton control_id="239" x="571" y="1094" right="209" bottom="406" width="300" height="420" style_class="0" text="" font="맑은 고딕,9,0,0,0,0" transparent="1" border="4" border_radius="15" image_normal="/BIZ/101/03/PUB/photo_bt_type_4.png" box_shadow_effect="0" hover_font="맑은 고딕,9,0,0,0,0" version="1.1"/>
			<pushbutton control_id="246" x="210" y="614" right="570" bottom="886" width="300" height="420" style_class="0" text="" font="Noto Sans KR Medium,31.5,500,0,0,0" transparent="1" border="4" border_radius="15" image_normal="/BIZ/101/03/PUB/photo_bt_type1.png" box_shadow_effect="0" vert_align="2" hover_font="맑은 고딕,9,0,0,0,0" letter_spacing="-2.1px" version="1.1"/>
			<text control_id="247" autosize="0" x="641" y="946" right="281" bottom="908" width="158" height="66" text="4,000 원" font="Noto Sans KR Bold,33.8,1,0,0,0" fore_color="00D27416" transparent="1" horz_align="1" line_height="40" letter_spacing="-2.25px" version="1.1"/>
			<text control_id="248" autosize="0" x="690" y="884" right="330" bottom="974" width="60" height="62" text="4컷" font="Noto Sans KR Medium,31.5,500,0,0,0" transparent="1" horz_align="1" line_height="40" letter_spacing="-2.1px" version="1.1"/>
			<text control_id="249" autosize="0" x="333" y="884" right="687" bottom="974" width="60" height="62" text="3컷" font="Noto Sans KR Medium,31.5,500,0,0,0" transparent="1" horz_align="1" line_height="40" letter_spacing="-2.1px" version="1.1"/>
			<text control_id="250" autosize="0" x="284" y="946" right="638" bottom="908" width="158" height="66" text="4,000 원" font="Noto Sans KR Bold,33.8,1,0,0,0" fore_color="00D27416" transparent="1" horz_align="1" line_height="40" letter_spacing="-2.25px" version="1.1"/>
			<text control_id="251" autosize="0" x="330" y="1364" right="690" bottom="494" width="60" height="62" text="4컷" font="Noto Sans KR Medium,31.5,500,0,0,0" transparent="1" horz_align="1" line_height="40" letter_spacing="-2.1px" version="1.1"/>
			<text control_id="252" autosize="0" x="281" y="1426" right="641" bottom="428" width="158" height="66" text="5,000 원" font="Noto Sans KR Bold,33.8,1,0,0,0" fore_color="00D27416" transparent="1" horz_align="1" line_height="40" letter_spacing="-2.25px" version="1.1"/>
			<text control_id="253" autosize="0" x="642" y="1426" right="280" bottom="428" width="158" height="66" text="5,000 원" font="Noto Sans KR Bold,33.8,1,0,0,0" fore_color="00D27416" transparent="1" horz_align="1" line_height="40" letter_spacing="-2.25px" version="1.1"/>
			<text control_id="254" autosize="0" x="691" y="1364" right="329" bottom="494" width="60" height="62" text="6컷" font="Noto Sans KR Medium,31.5,500,0,0,0" transparent="1" horz_align="1" line_height="40" letter_spacing="-2.1px" version="1.1"/>
			<panel control_id="6" semantic_tag="0" x="0" y="0" right="0" bottom="1840" width="1080" height="80" custom_class="PN_101_back" transparent="1" border="0" vertscrollbar_style="0" horzscrollbar_style="0" boxshadow_type="1" title_font="맑은 고딕,9,0,0,0,0">
				<tab_order order_option="0" order_info="192,214,193,886"/>
				<pushbutton control_id="192" name="btn_Home" x="14" y="5" right="866" bottom="5" width="200" height="70" style_class="0" text="처음으로" font="Noto Sans KR Medium,31.5,500,0,0,0" fore_color="000A0A0A" back_color="00FBFBFB" transparent="1" border="4" border_color="007A665E" border_radius="35,35,35,35" image_normal="/BIZ/101/01/PUB/home_bt_G.png" image_vert_align="1" box_shadow_effect="0" horz_align="0" line_height="62" text_margin="40,0,0,0" hover_font="맑은 고딕,9,0,0,0,0" down_color_use="3" down_backcolor="006D574E" letter_spacing="-2.1px" version="1.1"/>
				<pushbutton control_id="193" name="btn_Call" x="866" y="5" right="14" bottom="5" width="200" height="70" style_class="0" text="직원호출" font="Noto Sans KR Medium,31.5,500,0,0,0" fore_color="00FFFFFF" back_color="00FBFBFB" transparent="1" border="4" border_color="000000D1" border_radius="35" image_normal="/BIZ/101/01/PUB/call_bt_R.png" imagesize="1" image_vert_align="1" box_shadow_effect="0" horz_align="0" line_height="62" text_margin="39,0,0,0" hover_font="맑은 고딕,9,0,0,0,0" down_color_use="3" down_backcolor="0011119C" letter_spacing="-2.1px" version="1.1"/>
				<pushbutton control_id="214" name="btn_Flag" x="758" y="5" right="252" bottom="5" width="70" height="70" style_class="0" text="" font="Noto Sans CJK KR,32,0,0,0,0" fore_color="000A0A0A" transparent="1" border="4" border_color="00E2E2E2" border_radius="44" image_normal="/BIZ/101/01/PUB/language_lound_bt.png" box_shadow_effect="0" horz_align="2" line_height="62" text_margin="" text_wordellipsis="0" hover_font="맑은 고딕,9,0,0,0,0" down_color_use="2" down_forecolor="00F8F8F8" version="1.1"/>
				<pushbutton control_id="886" x="433" y="25" right="427" bottom="22" width="220" height="33" style_class="0" custom_class="IM_title" text="" font="맑은 고딕,9,0,0,0,0" transparent="1" border="4" image_normal="/BIZ/101/03/PUB/logo_photo.png" imagesize="2" hover_font="맑은 고딕,9,0,0,0,0" version="1.1"/>
			</panel>
		</panel>
	</map>
</map_list>
