﻿<?xml version="1.0" encoding="UTF-8"?>
<map_list>
	<map>
		<screen version="2.0" scriptcode="java" title="[저]무인카페_내역확인" directory="/BIZ/102/04LP/" screenid="10204004" last_update_date="2025-01-20 17:34:26" width="1080" width_type="0" height="1920" height_type="0" canvas_width="1081" canvas_height="1921" vertscrollbar_style="0" horzscrollbar_style="0" on_load="eventfunc:screen_on_load()" on_popupdestroy="eventfunc:screen_on_popupdestroy(popup_screen, popup_name, result)" funclist="screen_on_load,btn_Home_on_mouseup,btn_Prev_on_mouseup,btn_Call_on_mouseup,btn_ord_on_mouseup,btn_Acc_on_mouseup,btn_Pre_on_mouseup,btn_Next_on_mouseup,btn_X_on_mouseup,btn_Clo_on_mouseup,btn_minus_on_mouseup,btn_plus_on_mouseup,fn_setTotalText,fn_setPanelHeight,fld_Mon_1_on_change"/>
		<xlinkdataset id="DS_MENU" desc="" columns="menuName:::&quot;아메리카노&#x0A;카페라떼&#x0A;카페모카&#x0A;바닐라라떼&#x0A;딸기라떼&#x0A;콜드브루&#x0A;초코라떼&#x0A;콜드브루라떼&#x0A;흑당라떼&#x0A;&quot;:;cost:::&quot;1500&#x0A;1500&#x0A;2500&#x0A;3000&#x0A;3000&#x0A;2500&#x0A;2500&#x0A;3500&#x0A;3500&#x0A;&quot;:;url:::&quot;/BIZ/102/04/drink_1.png&#x0A;/BIZ/102/04/drink_2.png&#x0A;/BIZ/102/04/drink_3.png&#x0A;/BIZ/102/04/drink_4.png&#x0A;/BIZ/102/04/drink_5.png&#x0A;/BIZ/102/04/drink_6.png&#x0A;/BIZ/102/04/drink_7.png&#x0A;/BIZ/102/04/drink_8.png&#x0A;/BIZ/102/04/drink_9.png&#x0A;&quot;:"/>
		<xlinkdataset id="DS_ORDER" desc="" columns="menuName:&quot;메뉴명(ex: 아메리카노)&quot;:::;cost:&quot;옵션값이 포함된 가격(ex: 2100)&quot;:::;count:&quot;메뉴갯수(ex: 4)&quot;:::;total_cost:&quot;옵션값*메뉴갯수(cost*count)&quot;:::;url:&quot;이미지 경로&quot;:::;Tem:&quot;(Boolean) 차갑게/뜨겁게(false/true)&quot;:::;Size:&quot;(Number) 작은컵/중간컵/큰컵(0/1/2)&quot;:::;TemSize:&quot;ex: 차갑게/중간컵&quot;:::;menuNameTemSize:&quot;메뉴명(차갑게/중간컵)&quot;:::"/>
		<panel control_id="883" semantic_tag="0" x="0" y="0" right="0" bottom="0" width="1080" height="1920" custom_class="PN_101_back" back_color="00F6F6F6" vertscrollbar_style="0" horzscrollbar_style="0" title_font="맑은 고딕,9,0,0,0,0">
			<tab_order order_option="0" order_info="888,1,233,990,1035,1001,1002,1018,1010,1011,1019,1020,1022,7"/>
			<panel control_id="1" semantic_tag="0" x="-2" y="710" right="0" bottom="1148" width="1080" height="60" custom_class="PN_101_back" back_color="00C4C4C4" border="0" vertscrollbar_style="0" horzscrollbar_style="0" panel_height="560" title_font="맑은 고딕,9,0,0,0,0">
				<imagebox control_id="3" x="416" y="13" right="416" bottom="515" width="248" height="32" transparent="1" border="0" padding="0,0,0,0" image="/BIZ/102/04/logo_cafe.png" image_width="248" image_height="32"/>
			</panel>
			<panel control_id="888" semantic_tag="0" x="-2" y="0" right="0" bottom="1208" width="1080" height="710" back_color="00807D79" title_font="맑은 고딕,9,0,0,0,0"></panel>
			<panel control_id="233" semantic_tag="0" x="-2" y="768" right="0" bottom="1000" width="1080" height="150" custom_class="PN_101_bgG" back_color="00B4B4B4" back_image="/BIZ/101/01/PUB/bg_G_1080x150.png" back_imagesize="1" border="0" title_font="맑은 고딕,9,0,0,0,0">
				<tab_order order_option="0" order_info="886"/>
				<text control_id="217" autosize="0" x="37" y="78" right="901" bottom="10" width="142" height="62" custom_class="TX_101_stepDone" text="메뉴선택" font="Noto Sans KR Regular,31.5,0,0,0,0" fore_color="000A0A0A" back_color="00DFDDDC" transparent="1" horz_align="1" line_height="40" letter_spacing="-4.2px" version="1.1"/>
				<text control_id="218" autosize="0" x="250" y="78" right="682" bottom="10" width="148" height="62" custom_class="TX_101_stepDone" text="내역확인" font="Noto Sans KR Regular,31.5,0,0,0,0" back_color="00DFDDDC" transparent="1" horz_align="1" line_height="40" letter_spacing="-2.1px" version="1.1"/>
				<text control_id="219" autosize="0" x="449" y="78" right="449" bottom="10" width="182" height="62" custom_class="TX_101_step" text="결제하기" font="Noto Sans KR Regular,31.5,0,0,0,0" fore_color="006C5E5A" back_color="00DFDDDC" transparent="1" horz_align="1" line_height="40" letter_spacing="-4.2px" version="1.1"/>
				<text control_id="222" autosize="0" x="685" y="78" right="247" bottom="10" width="148" height="62" custom_class="TX_101_step" text="음료제조" font="Noto Sans KR Regular,31.5,0,0,0,0" fore_color="006C5E5A" back_color="00DFDDDC" transparent="1" horz_align="1" line_height="40" letter_spacing="-2.1px" version="1.1"/>
				<text control_id="223" autosize="0" x="940" y="78" right="64" bottom="10" width="76" height="62" custom_class="TX_101_step" text="완료" font="Noto Sans KR Regular,31.5,0,0,0,0" fore_color="006C5E5A" back_color="00DFDDDC" transparent="1" horz_align="1" line_height="40" letter_spacing="-2.1px" version="1.1"/>
				<panel control_id="886" semantic_tag="0" x="76" y="7" right="76" bottom="69" width="928" height="74" custom_class="PN_104_stepBar_2" back_color="00E1E1E1" transparent="1" back_image="/BIZ/102/04/comn_5step_BR_bar_2.png" border="0" title_font="맑은 고딕,9,0,0,0,0"></panel>
			</panel>
			<text control_id="215" name="txt_1" autosize="0" x="-2" y="926" right="0" bottom="903" width="1080" height="89" custom_class="TX_104_WhiteTxt" text="선택하신&lt;font class=&quot;TX_104_Yellow&quot; color = &quot;#8A4813&quot;&gt;4개의 상품&lt;/font&gt;을 확인하시고" font="Noto Sans KR,37.5,1,0,0,0" fore_color="000A0A0A" back_color="00F6F6F6" back_color_opacity="0" transparent="1" horz_align="1" line_height="55" letter_spacing="-3px" version="1.1"/>
			<text control_id="989" autosize="0" x="-2" y="984" right="0" bottom="845" width="1080" height="89" custom_class="TX_104_WhiteTxt" text="&lt;font class=&quot;TX_104_Yellow&quot; color = &quot;#8A4813&quot;&gt;결제하기&lt;/font&gt;를 누르세요" font="Noto Sans KR,37.5,1,0,0,0" fore_color="000A0A0A" back_color="00F6F6F6" back_color_opacity="0" transparent="1" horz_align="1" line_height="55" letter_spacing="-3px" version="1.1"/>
			<panel control_id="990" semantic_tag="0" x="-2" y="1066" right="0" bottom="772" width="1080" height="80" back_color="00243347" border="0" title_font="맑은 고딕,9,0,0,0,0">
				<text control_id="1029" autosize="0" x="277" y="12" right="671" bottom="14" width="132" height="54" text="상품명" font="Noto Sans CJK KR Medium,31.5,500,0,0,0" fore_color="00F8F8F8" back_color="00243347" transparent="1" version="1.1"/>
				<text control_id="1030" autosize="0" x="607" y="12" right="377" bottom="14" width="96" height="54" text="수량" font="Noto Sans CJK KR Medium,31.5,500,0,0,0" fore_color="00F8F8F8" back_color="00243347" transparent="1" version="1.1"/>
				<text control_id="1031" autosize="0" x="797" y="12" right="187" bottom="14" width="96" height="54" text="가격" font="Noto Sans CJK KR Medium,31.5,500,0,0,0" fore_color="00F8F8F8" back_color="00243347" transparent="1" version="1.1"/>
				<text control_id="1032" autosize="0" x="968" y="12" right="16" bottom="14" width="96" height="54" text="취소" font="Noto Sans CJK KR Medium,31.5,500,0,0,0" fore_color="00F8F8F8" back_color="00243347" transparent="1" version="1.1"/>
			</panel>
			<line control_id="1006" x1="0" y1="1550" x2="1078" y2="1550" right="0" bottom="368" line_width="1" line_color="00D2D2D2"/>
			<text control_id="1007" autosize="0" x="53" y="1550" right="877" bottom="314" width="148" height="54" custom_class="TX_104_WhiteTxt" text="총수량" font="Noto Sans CJK KR Medium,31.5,500,0,0,0" back_color="00F8F8F8" transparent="1" version="1.1"/>
			<text control_id="1008" autosize="0" x="53" y="1608" right="877" bottom="256" width="148" height="54" custom_class="TX_104_WhiteTxt" text="구매금액" font="Noto Sans CJK KR Medium,31.5,500,0,0,0" back_color="00F8F8F8" transparent="1" version="1.1"/>
			<text control_id="1009" autosize="0" x="53" y="1664" right="877" bottom="200" width="148" height="54" custom_class="TX_104_WhiteTxt" text="할인금액" font="Noto Sans CJK KR Medium,31.5,500,0,0,0" back_color="00F8F8F8" transparent="1" version="1.1"/>
			<pushbutton control_id="1010" x="617" y="1576" right="255" bottom="132" width="206" height="210" style_class="0" custom_class="PB_104_205105" text="취소" font="Noto Sans CJK KR Medium,31.5,500,0,0,0" fore_color="00FFFFFF" transparent="1" border="4" image_normal="/BIZ/102/04LP/bin_bt_G_206x210.png" image_down="/BIZ/102/04LP/bin_bt_G_206x210_o.png" imagesize="1" box_shadow_effect="0" hover_font="맑은 고딕,9,0,0,0,0" version="1.1" on_mouseup="eventfunc:btn_Clo_on_mouseup(objInst)"/>
			<pushbutton control_id="1011" x="848" y="1576" right="24" bottom="132" width="206" height="210" style_class="0" custom_class="PB_104_250216" text="결제하기" font="Noto Sans CJK KR Medium,31.5,500,0,0,0" fore_color="00FFFFFF" transparent="1" border="4" image_normal="/BIZ/102/04LP/bin_bt_BR_206x210.png" image_down="/BIZ/102/04LP/bin_bt_BR_206x210_o.png" imagesize="1" box_shadow_effect="0" hover_font="맑은 고딕,9,0,0,0,0" version="1.1" on_mouseup="eventfunc:btn_ord_on_mouseup(objInst)"/>
			<text control_id="1012" autosize="0" x="551" y="1552" right="485" bottom="312" width="42" height="54" custom_class="TX_104_WhiteTxt" text="개" font="Noto Sans CJK KR Medium,31.5,500,0,0,0" back_color="00F8F8F8" transparent="1" version="1.1"/>
			<text control_id="1013" autosize="0" x="552" y="1614" right="484" bottom="250" width="42" height="54" custom_class="TX_104_WhiteTxt" text="원" font="Noto Sans CJK KR Medium,31.5,500,0,0,0" back_color="00F8F8F8" transparent="1" version="1.1"/>
			<text control_id="1014" autosize="0" x="551" y="1674" right="485" bottom="190" width="42" height="54" custom_class="TX_104_WhiteTxt" text="원" font="Noto Sans CJK KR Medium,31.5,500,0,0,0" back_color="00F8F8F8" transparent="1" version="1.1"/>
			<text control_id="1015" autosize="0" x="52" y="1733" right="867" bottom="119" width="159" height="66" custom_class="TX_104_Yellow" text="결제금액" font="Noto Sans CJK KR Bold,33.8,1,0,0,0" fore_color="0013478A" back_color="00F8F8F8" transparent="1" version="1.1"/>
			<text control_id="1016" autosize="0" x="551" y="1740" right="485" bottom="124" width="42" height="54" custom_class="TX_104_Yellow" text="원" font="Noto Sans CJK KR Medium,31.5,500,0,0,0" fore_color="0013478A" back_color="00F8F8F8" transparent="1" version="1.1"/>
			<numericex_field control_id="1018" name="fld_Qua_1" autosize="0" x="414" y="1552" right="538" bottom="304" width="126" height="62" custom_input_class="TX_104_WhiteTxt" font="Noto Sans CJK KR Bold,31.5,1,0,0,0" back_color="00F8F8F8" transparent="1" border="0" box_shadow_effect="0" horz_align="1" default_value="3" max_length="2"/>
			<numericex_field control_id="1019" name="fld_Mon_1" autosize="0" x="276" y="1605" right="538" bottom="251" width="264" height="62" custom_input_class="TX_104_WhiteTxt" font="Noto Sans CJK KR Bold,31.5,1,0,0,0" back_color="00F8F8F8" transparent="1" border="0" box_shadow_effect="0" horz_align="1" default_value="25000" max_length="7" pattern="Z,ZZZ,ZZ9" on_change="eventfunc:fld_Mon_1_on_change(objInst, event_type)"/>
			<numericex_field control_id="1020" name="fld_dis_1" autosize="0" x="276" y="1662" right="538" bottom="194" width="264" height="62" custom_input_class="TX_104_WhiteTxt" font="Noto Sans CJK KR Bold,31.5,1,0,0,0" back_color="00F8F8F8" transparent="1" border="0" box_shadow_effect="0" horz_align="1" default_value="500" max_length="7" pattern="Z,ZZZ,ZZ9" pattern_front_symbol="-"/>
			<numericex_field control_id="1022" name="fld_Pay_1" autosize="0" x="270" y="1731" right="538" bottom="125" width="270" height="62" custom_input_class="TX_104_Yellow" font="Noto Sans CJK KR Bold,37.5,1,0,0,0" fore_color="0013478A" back_color="00F8F8F8" transparent="1" border="0" box_shadow_effect="0" horz_align="1" default_value="24000" max_length="7" pattern="Z,ZZZ,ZZ9"/>
			<line control_id="1023" x1="60" y1="1728" x2="580" y2="1728" right="498" bottom="190" line_width="1" line_color="00D2D2D2"/>
			<line control_id="1024" x1="240" y1="1566" x2="240" y2="1591" right="838" bottom="327" line_width="1" line_color="00C3C3C3"/>
			<line control_id="1027" x1="240" y1="1626" x2="240" y2="1651" right="838" bottom="267" line_width="1" line_color="00C3C3C3"/>
			<line control_id="1028" x1="240" y1="1680" x2="240" y2="1705" right="838" bottom="213" line_width="1" line_color="00C3C3C3"/>
			<panel control_id="7" semantic_tag="0" x="-2" y="1803" right="0" bottom="0" width="1080" height="115" custom_class="PN_101_back" border="0" title_font="맑은 고딕,9,0,0,0,0">
				<tab_order order_option="0" order_info="236,237,235,48,230"/>
				<pushbutton control_id="230" name="btn_Acc" x="658" y="18" right="222" bottom="17" width="200" height="80" style_class="0" custom_class="PB_101_access" text="접근성" font="Noto Sans KR Medium,31.5,500,0,0,0" fore_color="00FFFFFF" transparent="1" border="4" border_color="00E2E2E2" border_radius="44" image_normal="/BIZ/101/01/PUB/lowsc_bt.png" image_down="/BIZ/101/01/PUB/lowsc_bt_o.png" imagesize="1" box_shadow_effect="0" horz_align="0" line_height="62" text_margin="61,27,9,9" text_wordellipsis="0" hover_font="맑은 고딕,9,0,0,0,0" down_color_use="2" down_forecolor="00F8F8F8" letter_spacing="-2.1px" version="1.1" on_mouseup="eventfunc:btn_Acc_on_mouseup(objInst)"/>
				<pushbutton control_id="48" name="btn_Prev" x="226" y="18" right="654" bottom="17" width="200" height="80" style_class="0" custom_class="PB_101_Previous" text="이전" font="Noto Sans KR Medium,31.5,500,0,0,0" fore_color="000A0A0A" back_color="00F0FFFF" transparent="1" border="4" border_color="0024C5FF" border_radius="45" image_normal="/BIZ/101/01/PUB/back_bt.png" image_focus="/BIZ/101/01/PUB/back_bt_foc.png" image_down="/BIZ/101/01/PUB/back_bt_o.png" imagesize="1" image_vert_align="1" box_shadow_effect="0" line_height="62" text_margin="70,54,9,9" hover_font="맑은 고딕,9,0,0,0,0" down_color_use="3" down_backcolor="0019AADE" letter_spacing="-2.1px" version="1.1" on_mouseup="eventfunc:btn_Prev_on_mouseup(objInst)"/>
				<pushbutton control_id="235" name="btn_Home" x="15" y="18" right="865" bottom="17" width="200" height="80" style_class="0" custom_class="PB_101_home" text="처음으로" font="Noto Sans KR Medium,31.5,500,0,0,0" fore_color="000A0A0A" back_color="00FBFBFB" border="4" border_color="007A665E" border_radius="35,35,35,35" image_normal="/BIZ/101/01/PUB/home_bt_G_200x70.png" image_down="/BIZ/101/01/PUB/home_bt_G_o.png" imagesize="1" image_vert_align="1" box_shadow_effect="0" horz_align="0" line_height="62" text_margin="40,12,9,9" hover_font="맑은 고딕,9,0,0,0,0" down_color_use="3" down_backcolor="006D574E" letter_spacing="-2.1px" version="1.1" on_mouseup="eventfunc:btn_Home_on_mouseup(objInst)"/>
				<pushbutton control_id="236" name="btn_Flag" x="500" y="16" right="500" bottom="19" width="80" height="80" style_class="0" custom_class="PB_101_selLanguage" text="" font="Noto Sans CJK KR,32,0,0,0,0" fore_color="000A0A0A" transparent="1" border="4" border_color="00E2E2E2" border_radius="44" image_normal="/BIZ/101/01/PUB/language_lound_bt.png" image_down="/BIZ/101/01/PUB/language_lound_kr_bt_o.png" imagesize="1" box_shadow_effect="0" horz_align="2" line_height="62" text_margin="" text_wordellipsis="0" hover_font="맑은 고딕,9,0,0,0,0" down_color_use="2" down_forecolor="00F8F8F8" version="1.1"/>
				<pushbutton control_id="237" name="btn_Call" x="867" y="16" right="13" bottom="19" width="200" height="80" style_class="0" custom_class="PB_101_call" text="직원호출" font="Noto Sans KR Medium,31.5,500,0,0,0" fore_color="00FFFFFF" back_color="00FBFBFB" border="4" border_color="000000D1" border_radius="35" image_normal="/BIZ/101/01/PUB/call_bt_R_200x80.png" image_down="/BIZ/101/01/PUB/call_bt_R_200x80_o.png" imagesize="1" image_vert_align="1" box_shadow_effect="0" horz_align="0" line_height="62" text_margin="38,14,9,9" hover_font="맑은 고딕,9,0,0,0,0" down_color_use="3" down_backcolor="0011119C" letter_spacing="-2.1px" version="1.1" on_mouseup="eventfunc:btn_Call_on_mouseup(objInst)"/>
			</panel>
			<panel control_id="1035" name="pnl_Menu" semantic_tag="0" x="0" y="1146" right="0" bottom="472" width="1078" height="300" back_color="00F8F8F8" border="0" vertscrollbar_style="0" horzscrollbar_style="0" panel_height="270" title_font="맑은 고딕,9,0,0,0,0">
				<listview control_id="991" name="list_Menu" x="0" y="0" right="0" bottom="0" width="1078" height="300" custom_class="LV_104_listBack" custom_item_class="LV_104_listBack" back_color="00F8F8F8" transparent="0" border="0" column_count="0" item_height="100" item_samplerows="1" item_backcolor="00F8F8F8" item_bordercolor="00F8F8F8" item_dividerowcount="1" item_dividecolor="00F8F8F8" item_selbackcolor="00F8F8F8" item_hoverbackcolor="00F8F8F8" appendbox_backcolor="00F8F8F8" link_data="DS_ORDER">
					<text control_id="992" autosize="0" x="127" y="24" right="520" bottom="22" width="431" height="54" custom_class="TX_104_WhiteTxt" text="아메리카노(뜨겁게/중간컵)" font="Noto Sans CJK KR Medium,31.5,500,0,0,0" transparent="1" link_data="DS_ORDER:menuNameTemSize" version="1.1"/>
					<numericex_field control_id="994" arrayindex="0" autosize="0" x="556" y="14" right="342" bottom="11" width="180" height="75" custom_input_class="TX_104_WhiteTxt" font="Noto Sans CJK KR Bold,31.5,1,0,0,0" transparent="1" border="0" horz_align="2" link_data="DS_ORDER:count" input_type="2" default_value="99" max_length="2"/>
					<image control_id="995" autosize="0" x="30" y="14" right="973" bottom="11" width="75" height="75" transparent="0" border="0" back_imagesize="5" back_imagehorzalign="1" padding="0,0,0,0"/>
					<pushbutton control_id="996" arrayindex="0" x="564" y="19" right="459" bottom="21" width="55" height="60" style_class="0" custom_class="PB_104_minus" text="" font="맑은 고딕,9,0,0,0,0" transparent="1" border="4" image_normal="/BIZ/102/04LP/minus_bt_DG_55x60.png" image_down="/BIZ/102/04LP/minus_bt_DG_55x60-1.png" imagesize="1" box_shadow_effect="0" hover_font="맑은 고딕,9,0,0,0,0" version="1.1" on_mouseup="eventfunc:btn_minus_on_mouseup(objInst, index)"/>
					<pushbutton control_id="997" arrayindex="0" x="674" y="18" right="349" bottom="22" width="55" height="60" custom_class="PB_104_plus" text="" font="맑은 고딕,9,0,0,0,0" transparent="1" border="4" image_normal="/BIZ/102/04LP/plus_bt_DG_55x60.png" image_down="/BIZ/102/04LP/plus_bt_DG_55x60_o.png" imagesize="1" box_shadow_effect="0" hover_font="맑은 고딕,9,0,0,0,0" version="1.1" on_mouseup="eventfunc:btn_plus_on_mouseup(objInst, index)"/>
					<numericex_field control_id="998" name="fld_Cir_1" arrayindex="0" autosize="0" x="761" y="20" right="168" bottom="18" width="149" height="62" custom_input_class="TX_104_WhiteTxt" font="Noto Sans CJK KR Bold,31.5,1,0,0,0" transparent="1" border="0" horz_align="2" link_data="DS_ORDER:total_cost" input_type="2" default_value="99" max_length="7"/>
					<text control_id="999" autosize="0" x="917" y="20" right="122" bottom="18" width="39" height="62" text="원" font="Noto Sans CJK KR Medium,31.5,500,0,0,0" transparent="1" version="1.1"/>
					<pushbutton control_id="1000" name="btn_X" arrayindex="0" x="980" y="15" right="28" bottom="15" width="70" height="70" style_class="0" text="" font="맑은 고딕,9,0,0,0,0" transparent="1" border="4" image_normal="/BIZ/102/04LP/close_bt_G_70x70.png" image_down="/BIZ/102/04LP/close_bt_G_70x70-1.png" hover_font="맑은 고딕,9,0,0,0,0" version="1.1" on_mouseup="eventfunc:btn_X_on_mouseup(objInst, index)"/>
					<line control_id="1033" x1="0" y1="96" x2="880" y2="96" right="198" bottom="4" line_width="1" line_color="00D2D2D2"/>
					<image control_id="1034" autosize="0" x="48" y="18" right="989" bottom="18" width="41" height="64" transparent="0" border="0" padding="0,0,0,0" link_data="DS_ORDER:url" imagesize="1"/>
				</listview>
			</panel>
			<pushbutton control_id="1001" name="btn_Pre" x="216" y="1458" right="608" bottom="386" width="254" height="74" style_class="0" custom_class="PB_104_upPrev" text="이전 페이지" font="Noto Sans CJK KR Medium,31.5,500,0,0,0" transparent="1" border="4" image_normal="/BIZ/102/04LP/pre_bt_G_254x74.png" image_down="/BIZ/102/04LP/pre_bt_G_254x74_o.png" imagesize="1" box_shadow_effect="0" horz_align="2" text_margin="0,10,0,0" hover_font="맑은 고딕,9,0,0,0,0" letter_spacing="-2px" version="1.1" on_mouseup="eventfunc:btn_Pre_on_mouseup(objInst)"/>
			<pushbutton control_id="1002" name="btn_Next" x="626" y="1459" right="198" bottom="385" width="254" height="74" style_class="0" custom_class="PB_104_downNext" text="다음 페이지" font="Noto Sans CJK KR Medium,31.5,500,0,0,0" transparent="1" border="4" image_normal="/BIZ/102/04LP/next_bt_G_254x74.png" image_down="/BIZ/102/04LP/next_bt_G_254x74_o.png" imagesize="1" box_shadow_effect="0" horz_align="0" text_margin="10,0,0,0" hover_font="맑은 고딕,9,0,0,0,0" letter_spacing="-2px" version="1.1" on_mouseup="eventfunc:btn_Next_on_mouseup(objInst)"/>
			<text control_id="1003" name="txt_num" autosize="0" x="508" y="1471" right="546" bottom="399" width="24" height="48" custom_class="TX_104_Yellow" text="1" font="Noto Sans CJK KR Medium,31.5,500,0,0,0" fore_color="0013478A" back_color="00F8F8F8" transparent="1" version="1.1"/>
			<text control_id="1004" autosize="0" x="536" y="1471" right="518" bottom="399" width="24" height="48" custom_class="TX_104_WhiteTxt" text="/" font="Noto Sans CJK KR Medium,31.5,500,0,0,0" back_color="00F8F8F8" transparent="1" version="1.1"/>
			<text control_id="1005" name="txt_down" autosize="0" x="556" y="1471" right="498" bottom="399" width="24" height="48" custom_class="TX_104_WhiteTxt" text="1" font="Noto Sans CJK KR Medium,31.5,500,0,0,0" back_color="00F8F8F8" transparent="1" version="1.1"/>
		</panel>
	</map>
</map_list>
