﻿<?xml version="1.0" encoding="UTF-8"?>
<map_list>
	<map>
		<screen version="2.0" scriptcode="java" title="[저]무인카페_메뉴선택(2)" directory="/BIZ/102/04LP/" screenid="10204003" last_update_date="2025-01-20 11:10:22" width="1080" width_type="0" height="1920" height_type="0" canvas_width="1081" canvas_height="1921" vertscrollbar_style="0" horzscrollbar_style="0" on_load="eventfunc:screen_on_load()" on_popupdestroy="eventfunc:screen_on_popupdestroy(popup_screen, popup_name, result)" funclist="btn_Call_on_mouseup,btn_Home_on_mouseup,btn_Acc_on_mouseup,btn_ord_on_mouseup,btn_Prev_on_mouseup,btn_Next_on_mouseup,btn_pre_on_mouseup,btn_X_on_mouseup,fn_trancomplete,btn_Menu_on_mouseup,screen_on_popupdestroy,btn_minus_on_mouseup,btn_plus_on_mouseup,fn_setTotalText,btn_up_on_mouseup,btn_down_on_mouseup,btn_Clo_on_mouseup,fn_setPanelwidth"/>
		<xlinkdataset id="DS_MENU" desc="" columns="menuName:::&quot;아메리카노&#x0A;카페라떼&#x0A;카페모카&#x0A;바닐라라떼&#x0A;딸기라떼&#x0A;콜드브루&#x0A;초코라떼&#x0A;콜드브루라떼&#x0A;흑당라떼&#x0A;&quot;:;cost:::&quot;1500&#x0A;1500&#x0A;2500&#x0A;3000&#x0A;3000&#x0A;2500&#x0A;2500&#x0A;3500&#x0A;3500&#x0A;&quot;:;url:::&quot;/BIZ/102/04/drink_1.png&#x0A;/BIZ/102/04/drink_2.png&#x0A;/BIZ/102/04/drink_3.png&#x0A;/BIZ/102/04/drink_4.png&#x0A;/BIZ/102/04/drink_5.png&#x0A;/BIZ/102/04/drink_6.png&#x0A;/BIZ/102/04/drink_7.png&#x0A;/BIZ/102/04/drink_8.png&#x0A;/BIZ/102/04/drink_9.png&#x0A;&quot;:"/>
		<xlinkdataset id="DS_ORDER" desc="" columns="menuName:&quot;메뉴명(ex: 아메리카노)&quot;:::;cost:&quot;옵션값이 포함된 가격(ex: 2100)&quot;:::;count:&quot;메뉴갯수(ex: 4)&quot;:::;total_cost:&quot;옵션값*메뉴갯수(cost*count)&quot;:::;url:&quot;이미지 경로&quot;:::;Tem:&quot;(Boolean) 차갑게/뜨겁게(false/true)&quot;:::;Size:&quot;(Number) 작은컵/중간컵/큰컵(0/1/2)&quot;:::;TemSize:&quot;ex: 차갑게/중간컵&quot;:::;menuNameTemSize:&quot;메뉴명(차갑게/중간컵)&quot;:::"/>
		<tab_order order_option="0" order_info="883,1247"/>
		<panel control_id="883" semantic_tag="0" x="0" y="0" right="0" bottom="0" width="1080" height="1920" custom_class="PN_101_back" back_color="00F6F6F6" vertscrollbar_style="0" horzscrollbar_style="0" title_font="맑은 고딕,9,0,0,0,0">
			<tab_order order_option="0" order_info="888,1,233,954,970,958,978,976,977,7"/>
			<panel control_id="1" semantic_tag="0" x="-2" y="710" right="0" bottom="1148" width="1080" height="60" custom_class="PN_101_back" back_color="00C4C4C4" border="0" vertscrollbar_style="0" horzscrollbar_style="0" panel_height="560" title_font="맑은 고딕,9,0,0,0,0">
				<imagebox control_id="3" x="416" y="13" right="416" bottom="515" width="248" height="32" transparent="1" border="0" padding="0,0,0,0" image="/BIZ/102/04/logo_cafe.png" image_width="248" image_height="32"/>
			</panel>
			<panel control_id="888" semantic_tag="0" x="-2" y="0" right="0" bottom="1208" width="1080" height="710" back_color="00807D79" title_font="맑은 고딕,9,0,0,0,0"></panel>
			<panel control_id="233" semantic_tag="0" x="-2" y="768" right="0" bottom="1000" width="1080" height="150" custom_class="PN_101_bgG" back_color="00B4B4B4" back_image="/BIZ/101/01/PUB/bg_G_1080x150.png" back_imagesize="1" border="0" title_font="맑은 고딕,9,0,0,0,0">
				<tab_order order_option="0" order_info="886"/>
				<text control_id="217" autosize="0" x="37" y="78" right="901" bottom="10" width="142" height="62" custom_class="TX_101_stepDone" text="메뉴선택" font="Noto Sans KR Regular,31.5,0,0,0,0" fore_color="000A0A0A" back_color="00DFDDDC" transparent="1" horz_align="1" line_height="40" letter_spacing="-4.2px" version="1.1"/>
				<text control_id="218" autosize="0" x="250" y="78" right="682" bottom="10" width="148" height="62" custom_class="TX_101_step" text="내역확인" font="Noto Sans KR Regular,31.5,0,0,0,0" fore_color="006C5E5A" back_color="00DFDDDC" transparent="1" horz_align="1" line_height="40" letter_spacing="-2.1px" version="1.1"/>
				<text control_id="219" autosize="0" x="449" y="78" right="449" bottom="10" width="182" height="62" custom_class="TX_101_step" text="결제하기" font="Noto Sans KR Regular,31.5,0,0,0,0" fore_color="006C5E5A" back_color="00DFDDDC" transparent="1" horz_align="1" line_height="40" letter_spacing="-4.2px" version="1.1"/>
				<text control_id="222" autosize="0" x="685" y="78" right="247" bottom="10" width="148" height="62" custom_class="TX_101_step" text="음료제조" font="Noto Sans KR Regular,31.5,0,0,0,0" fore_color="006C5E5A" back_color="00DFDDDC" transparent="1" horz_align="1" line_height="40" letter_spacing="-2.1px" version="1.1"/>
				<text control_id="223" autosize="0" x="940" y="78" right="64" bottom="10" width="76" height="62" custom_class="TX_101_step" text="완료" font="Noto Sans KR Regular,31.5,0,0,0,0" fore_color="006C5E5A" back_color="00DFDDDC" transparent="1" horz_align="1" line_height="40" letter_spacing="-2.1px" version="1.1"/>
				<panel control_id="886" semantic_tag="0" x="76" y="7" right="76" bottom="69" width="928" height="74" custom_class="PN_104_stepBar_1" back_color="00E1E1E1" transparent="1" back_image="/BIZ/102/04/comn_5step_BR_bar_1.png" border="0" title_font="맑은 고딕,9,0,0,0,0"></panel>
			</panel>
			<text control_id="215" autosize="0" x="-2" y="953" right="0" bottom="876" width="1080" height="89" custom_class="TX_104_WhiteTxt" text="&lt;font class=&quot;TX_104_Yellow&quot; color = &quot;#8A4813&quot;&gt;메뉴&lt;/font&gt;를 선택하시고 &lt;font class=&quot;TX_104_Yellow&quot; color = &quot;#8A4813&quot;&gt;주문하기&lt;/font&gt;를 누르세요" font="Noto Sans KR,37.5,1,0,0,0" fore_color="000A0A0A" back_color="00F6F6F6" back_color_opacity="0" transparent="1" horz_align="1" line_height="55" letter_spacing="-3px" version="1.1"/>
			<tab control_id="954" x="0" y="1053" right="0" bottom="448" width="1078" height="417" custom_class="TP_104_tabBack" fore_color="00F8F8F8" back_color="00BDBDBD" back_image="/BIZ/102/04/tap_bt_DBR.png" border="0" border_color="00F8F8F8" tabitemarea_rightmargin="10" tab_color="00FFFFFF" tabitem_height="100" tabitem_width="207" tabitem_gap="10" tabitem_radius="10" tabitem_font="Noto Sans CJK KR Medium,31,500,0,0,0" tabitem_selfont="Noto Sans CJK KR Medium,31,500,0,0,0" tabitem_color="00727374" tabitem_selcolor="00FFFFFF" tabitem_forecolor="00F8F8F8" tabitem_backcolor="00727374" tabitem_selbackcolor="00FFFFFF" tabitem_image="/BIZ/102/04/tap_bt_DBR.png" tabitem_selimage="/BIZ/102/04/tap_bt(chk)_W.png" titlebar_font="Noto Sans CJK KR Medium,31,1,0,0,0">
				<tab_item title="전체" width="207" height="100" panel_color="00F8F8F8">
					<tab_order order_option="0" order_info="955,971,917,921,972,956,919,923"/>
					<pushbutton control_id="917" name="btn_Menu_2" x="296" y="24" right="530" bottom="22" width="252" height="270" style_class="0" custom_class="PB_104_menuBack" text="카페라떼" font="Noto Sans CJK KR Medium,31.5,500,0,0,0" transparent="1" border="4" image_normal="/BIZ/102/04/list_252-270.png" image_down="/BIZ/102/04/list_252-270_o.png" box_shadow_effect="0" text_margin="0,0,40,0" hover_font="맑은 고딕,9,0,0,0,0" version="1.1" on_mouseup="eventfunc:btn_Menu_on_mouseup(objInst)"/>
					<numericex_field control_id="919" name="fld_Amount_2" autosize="0" x="354" y="216" right="580" bottom="38" width="144" height="62" custom_input_class="TX_101_contents" font="Noto Sans CJK KR Medium,31.5,500,0,0,0" transparent="1" border="0" box_shadow_effect="0" horz_align="2" input_type="2" default_value="1500" pattern="ZZZ,ZZZ,ZZZ,ZZZ,ZZ9" pattern_rear_symbol="원"/>
					<image control_id="920" name="img_2" autosize="0" x="401" y="30" right="627" bottom="193" width="50" height="93" transparent="1" border="0" back_image="/BIZ/102/04/drink_2.png" padding="0,0,0,0"/>
					<pushbutton control_id="921" name="btn_Menu_3" x="568" y="24" right="258" bottom="22" width="252" height="270" style_class="0" custom_class="PB_104_menuBack" text="카페모카" font="Noto Sans CJK KR Medium,31.5,500,0,0,0" transparent="1" border="4" image_normal="/BIZ/102/04/list_252-270.png" image_down="/BIZ/102/04/list_252-270_o.png" box_shadow_effect="0" text_margin="0,0,40,0" hover_font="맑은 고딕,9,0,0,0,0" version="1.1" on_mouseup="eventfunc:btn_Menu_on_mouseup(objInst)"/>
					<image control_id="922" name="img_3" autosize="0" x="666" y="36" right="363" bottom="187" width="49" height="93" transparent="1" border="0" back_image="/BIZ/102/04/drink_3.png" padding="0,0,0,0"/>
					<numericex_field control_id="923" name="fld_Amount_3" autosize="0" x="618" y="216" right="316" bottom="38" width="144" height="62" custom_input_class="TX_101_contents" font="Noto Sans CJK KR Medium,31.5,500,0,0,0" transparent="1" border="0" box_shadow_effect="0" horz_align="2" input_type="2" default_value="2500" pattern="ZZZ,ZZZ,ZZZ,ZZZ,ZZ9" pattern_rear_symbol="원"/>
					<pushbutton control_id="955" name="btn_Menu_1" x="24" y="20" right="802" bottom="26" width="252" height="270" style_class="0" custom_class="PB_104_menuBack" text="아메리카노" font="Noto Sans CJK KR Medium,31.5,500,0,0,0" transparent="1" border="4" image_normal="/BIZ/102/04/list_252-270.png" image_down="/BIZ/102/04/list_252-270_o.png" box_shadow_effect="0" text_margin="0,0,40,0" hover_font="맑은 고딕,9,0,0,0,0" version="1.1" on_mouseup="eventfunc:btn_Menu_on_mouseup(objInst)"/>
					<numericex_field control_id="956" name="fld_Amount__1" autosize="0" x="78" y="216" right="856" bottom="38" width="144" height="62" custom_input_class="TX_101_contents" font="Noto Sans CJK KR Medium,31.5,500,0,0,0" transparent="1" border="0" box_shadow_effect="0" horz_align="2" input_type="2" default_value="1500" pattern="ZZZ,ZZZ,ZZZ,ZZZ,ZZ9" pattern_rear_symbol="원"/>
					<image control_id="957" name="img_1" autosize="0" x="127" y="30" right="905" bottom="193" width="46" height="93" transparent="1" border="0" back_image="/BIZ/102/04/drink_1.png" padding="0,0,0,0"/>
					<pushbutton control_id="971" name="btn_Pre" x="852" y="20" right="26" bottom="216" width="200" height="80" style_class="0" custom_class="PB_104_prev" text="이전" font="Noto Sans CJK KR Medium,31.5,500,0,0,0" transparent="1" border="4" image_normal="/BIZ/102/04LP/pre_bt_G_200x80.png" image_down="/BIZ/102/04LP/pre_bt_G_200x80_o.png" imagesize="1" box_shadow_effect="0" horz_align="2" text_margin="0,20,0,0" hover_font="맑은 고딕,9,0,0,0,0" version="1.1" on_mouseup="eventfunc:btn_pre_on_mouseup(objInst)"/>
					<pushbutton control_id="972" name="btn_Next" x="852" y="199" right="26" bottom="37" width="200" height="80" style_class="0" custom_class="PB_104_next" text="다음" font="Noto Sans CJK KR Medium,31.5,500,0,0,0" transparent="1" border="4" image_normal="/BIZ/102/04LP/next_bt_G_200x80.png" image_down="/BIZ/102/04LP/next_bt_G_200x80_o.png" imagesize="1" box_shadow_effect="0" horz_align="0" text_margin="20,0,0,0" hover_font="맑은 고딕,9,0,0,0,0" version="1.1" on_mouseup="eventfunc:btn_Next_on_mouseup(objInst)"/>
					<text control_id="973" name="txt_num" x="914" y="121" right="140" bottom="133" width="24" height="62" custom_class="TX_104_Yellow" text="1" font="Noto Sans CJK KR Medium,31.5,500,0,0,0" fore_color="0000579E" transparent="1" version="1.1"/>
					<text control_id="974" x="942" y="121" right="120" bottom="133" width="16" height="62" custom_class="TX_101_contents" text="/" font="Noto Sans CJK KR Medium,31.5,500,0,0,0" transparent="1" version="1.1"/>
					<text control_id="975" x="958" y="121" right="96" bottom="133" width="24" height="62" custom_class="TX_101_contents" text="1" font="Noto Sans CJK KR Medium,31.5,500,0,0,0" transparent="1" version="1.1"/>
				</tab_item>
				<tab_item title="커피" width="207" height="100" panel_color="00F8F8F8">
				</tab_item>
				<tab_item title="아이스크림" width="207" height="100" panel_color="00F8F8F8">
				</tab_item>
				<tab_item title="디저트" width="207" height="100" panel_color="00F8F8F8">
				</tab_item>
			</tab>
			<panel control_id="958" semantic_tag="0" x="-2" y="1467" right="0" bottom="371" width="1080" height="80" back_color="00243347" border="0" title_font="맑은 고딕,9,0,0,0,0"></panel>
			<text control_id="962" autosize="0" x="46" y="1473" right="920" bottom="383" width="112" height="62" text="총수량" font="Noto Sans CJK KR Medium,31.5,500,0,0,0" fore_color="00FFFFFF" back_color="00243347" transparent="1" horz_align="1" version="1.1"/>
			<line control_id="965" x1="310" y1="1485" x2="310" y2="1525" right="768" bottom="393" line_color="0050719D"/>
			<text control_id="964" autosize="0" x="290" y="1473" right="747" bottom="379" width="41" height="66" text="개" font="Noto Sans KR Regular,33.8,0,0,0,0" fore_color="00FFFFFF" back_color="00243347" transparent="1" horz_align="1" version="1.1"/>
			<text control_id="966" autosize="0" x="505" y="1473" right="461" bottom="383" width="112" height="62" text="총금액" font="Noto Sans KR Medium,31.5,500,0,0,0" fore_color="00FFFFFF" back_color="00243347" transparent="1" horz_align="1" version="1.1"/>
			<line control_id="967" x1="652" y1="1485" x2="652" y2="1525" right="426" bottom="393" line_color="0050719D"/>
			<text control_id="968" autosize="0" x="890" y="1474" right="147" bottom="378" width="41" height="66" text="원" font="Noto Sans KR Regular,33.8,0,0,0,0" fore_color="00FFFFFF" back_color="00243347" transparent="1" horz_align="1" version="1.1"/>
			<pushbutton control_id="976" name="btn_Clo" x="872" y="1555" right="18" bottom="273" width="188" height="90" style_class="0" custom_class="PB_104_205105" text="전체삭제" font="Noto Sans CJK KR Medium,32.3,500,0,0,0" fore_color="00FFFFFF" transparent="1" border="4" image_normal="/BIZ/102/04LP/bin_bt_G_188x90.png" image_down="/BIZ/102/04LP/bin_bt_G_188x90_o.png" imagesize="1" box_shadow_effect="0" hover_font="맑은 고딕,9,0,0,0,0" version="1.1" on_mouseup="eventfunc:btn_Clo_on_mouseup(objInst)"/>
			<pushbutton control_id="977" name="btn_ord" x="870" y="1655" right="20" bottom="123" width="188" height="140" style_class="0" custom_class="PB_104_250216" text="주문하기" font="Noto Sans CJK KR Medium,32.3,500,0,0,0" fore_color="00FFFFFF" transparent="1" border="4" image_normal="/BIZ/102/04LP/bin_bt_BR_188x140.png" image_down="/BIZ/102/04LP/bin_bt_G_188x90_o.png" imagesize="1" box_shadow_effect="0" hover_font="맑은 고딕,9,0,0,0,0" version="1.1" on_mouseup="eventfunc:btn_ord_on_mouseup(objInst)"/>
			<panel control_id="978" semantic_tag="0" x="776" y="1555" right="228" bottom="121" width="74" height="242" custom_class="PN_104_listScroll" transparent="1" back_image="/BIZ/102/04LP/cafe_list_bt_bg.png" back_imagesize="1" border="0" title_font="맑은 고딕,9,0,0,0,0">
				<tab_order order_option="0" order_info="979,980"/>
				<pushbutton control_id="979" name="btn_up" x="5" y="6" right="5" bottom="161" width="64" height="75" style_class="0" custom_class="PB_104_listUp" text="" font="맑은 고딕,9,0,0,0,0" transparent="1" border="4" image_normal="/BIZ/102/04LP/up_bt_BR_64x75.png" image_disable="/BIZ/102/04LP/up_bt_BR_64x75_o.png" imagesize="1" box_shadow_effect="0" hover_font="맑은 고딕,9,0,0,0,0" version="1.1" on_mouseup="eventfunc:btn_up_on_mouseup(objInst)"/>
				<pushbutton control_id="980" x="5" y="162" right="5" bottom="5" width="64" height="75" style_class="0" custom_class="PB_104_listDown" text="" font="맑은 고딕,9,0,0,0,0" transparent="1" border="4" image_normal="/BIZ/102/04LP/up_bt_BR_64x75-1.png" image_disable="/BIZ/102/04LP/up_bt_BR_64x75_o-1.png" imagesize="1" box_shadow_effect="0" hover_font="맑은 고딕,9,0,0,0,0" version="1.1" on_mouseup="eventfunc:btn_down_on_mouseup(objInst)"/>
				<text control_id="989" name="txt_up" autosize="0" x="5" y="81" right="45" bottom="116" width="24" height="45" custom_class="TX_104_Yellow" text="1" font="Noto Sans CJK KR Medium,30,500,0,0,0" fore_color="0000569D" transparent="1" horz_align="1" version="1.1"/>
				<text control_id="981" name="txt_down" autosize="0" x="39" y="116" right="11" bottom="81" width="24" height="45" custom_class="TX_101_contents" text="1" font="Noto Sans CJK KR Medium,30,500,0,0,0" fore_color="000A0A0A" transparent="1" horz_align="1" version="1.1"/>
			</panel>
			<panel control_id="7" semantic_tag="0" x="-2" y="1803" right="0" bottom="0" width="1080" height="115" custom_class="PN_101_back" border="0" title_font="맑은 고딕,9,0,0,0,0">
				<tab_order order_option="0" order_info="236,237,235,48,230"/>
				<pushbutton control_id="230" name="btn_Acc" x="658" y="18" right="222" bottom="17" width="200" height="80" style_class="0" custom_class="PB_101_access" text="접근성" font="Noto Sans KR Medium,31.5,500,0,0,0" fore_color="00FFFFFF" transparent="1" border="4" border_color="00E2E2E2" border_radius="44" image_normal="/BIZ/101/01/PUB/lowsc_bt.png" image_down="/BIZ/101/01/PUB/lowsc_bt_o.png" imagesize="1" box_shadow_effect="0" horz_align="0" line_height="62" text_margin="61,27,9,9" text_wordellipsis="0" hover_font="맑은 고딕,9,0,0,0,0" down_color_use="2" down_forecolor="00F8F8F8" letter_spacing="-2.1px" version="1.1" on_mouseup="eventfunc:btn_Acc_on_mouseup(objInst)"/>
				<pushbutton control_id="48" name="btn_Prev" x="226" y="18" right="654" bottom="17" width="200" height="80" style_class="0" custom_class="PB_101_Previous" text="이전" font="Noto Sans KR Medium,31.5,500,0,0,0" fore_color="000A0A0A" back_color="00F0FFFF" transparent="1" border="4" border_color="0024C5FF" border_radius="45" image_normal="/BIZ/101/01/PUB/back_bt.png" image_focus="/BIZ/101/01/PUB/back_bt_foc.png" image_down="/BIZ/101/01/PUB/back_bt_o.png" imagesize="1" image_vert_align="1" box_shadow_effect="0" line_height="62" text_margin="70,54,9,9" hover_font="맑은 고딕,9,0,0,0,0" down_color_use="3" down_backcolor="0019AADE" letter_spacing="-2.1px" version="1.1" on_mouseup="eventfunc:btn_Prev_on_mouseup(objInst)"/>
				<pushbutton control_id="235" name="btn_Home" x="15" y="18" right="865" bottom="17" width="200" height="80" style_class="0" custom_class="PB_101_home" text="처음으로" font="Noto Sans KR Medium,31.5,500,0,0,0" fore_color="000A0A0A" back_color="00FBFBFB" border="4" border_color="007A665E" border_radius="35,35,35,35" image_normal="/BIZ/101/01/PUB/home_bt_G_200x70.png" image_down="/BIZ/101/01/PUB/home_bt_G_o.png" imagesize="1" image_vert_align="1" box_shadow_effect="0" horz_align="0" line_height="62" text_margin="40,12,9,9" hover_font="맑은 고딕,9,0,0,0,0" down_color_use="3" down_backcolor="006D574E" letter_spacing="-2.1px" version="1.1" on_mouseup="eventfunc:btn_Home_on_mouseup(objInst)"/>
				<pushbutton control_id="236" name="btn_Flag" x="500" y="16" right="500" bottom="19" width="80" height="80" style_class="0" custom_class="PB_101_selLanguage" text="" font="Noto Sans CJK KR,32,0,0,0,0" fore_color="000A0A0A" transparent="1" border="4" border_color="00E2E2E2" border_radius="44" image_normal="/BIZ/101/01/PUB/language_lound_bt.png" image_down="/BIZ/101/01/PUB/language_lound_kr_bt_o.png" imagesize="1" box_shadow_effect="0" horz_align="2" line_height="62" text_margin="" text_wordellipsis="0" hover_font="맑은 고딕,9,0,0,0,0" down_color_use="2" down_forecolor="00F8F8F8" version="1.1"/>
				<pushbutton control_id="237" name="btn_Call" x="867" y="16" right="13" bottom="19" width="200" height="80" style_class="0" custom_class="PB_101_call" text="직원호출" font="Noto Sans KR Medium,31.5,500,0,0,0" fore_color="00FFFFFF" back_color="00FBFBFB" border="4" border_color="000000D1" border_radius="35" image_normal="/BIZ/101/01/PUB/call_bt_R_200x80.png" image_down="/BIZ/101/01/PUB/call_bt_R_200x80_o.png" imagesize="1" image_vert_align="1" box_shadow_effect="0" horz_align="0" line_height="62" text_margin="38,14,9,9" hover_font="맑은 고딕,9,0,0,0,0" down_color_use="3" down_backcolor="0011119C" letter_spacing="-2.1px" version="1.1" on_mouseup="eventfunc:btn_Call_on_mouseup(objInst)"/>
			</panel>
			<text control_id="963" name="fld_Qua" autosize="0" x="243" y="1466" right="805" bottom="375" width="30" height="77" text="0" font="Noto Sans CJK KR Medium,39,500,0,0,0" fore_color="00FFFFFF" back_color="00243347" transparent="1" horz_align="2" line_height="77" letter_spacing="-2.6px" version="1.1"/>
			<numericex_field control_id="970" name="fld_Mon" autosize="0" x="697" y="1466" right="200" bottom="375" width="181" height="77" font="Noto Sans CJK KR Medium,39,500,0,0,0" fore_color="00FFFFFF" back_color="00243347" transparent="1" border="0" horz_align="1" default_value="0" max_length="9" pattern="ZZZ,ZZZ,ZZ9"/>
		</panel>
		<panel control_id="1247" name="pnl_Menu" semantic_tag="0" x="16" y="1561" right="314" bottom="109" width="750" height="250" custom_class="PN_101_back" back_color="00F6F6F6" border="0" vertscrollbar_style="0" horzscrollbar_style="0" title_font="맑은 고딕,9,0,0,0,0">
			<listview control_id="1250" name="list_Menu" x="0" y="0" right="3" bottom="0" width="747" height="250" custom_class="LV_104_listBack" custom_item_class="LV_104_listBack" back_color="00F6F6F6" transparent="0" border="0" border_color="00F6F6F6" column_count="0" item_dir="1" item_height="240" item_width="250" item_samplerows="1" item_backcolor="00F6F6F6" item_bordercolor="00F6F6F6" item_dividerowcount="1" item_dividecolor="00F6F6F6" item_selbackcolor="00F6F6F6" item_hoverbackcolor="00EBEBEB" link_data="DS_ORDER">
				<pushbutton control_id="987" name="btn_X" arrayindex="0" x="200" y="0" right="3" bottom="203" width="47" height="47" style_class="0" text="" font="맑은 고딕,9,0,0,0,0" transparent="1" border="4" image_normal="/BIZ/102/04LP/menu_del_bt.png" image_down="/BIZ/102/04LP/menu_del_bt_o.png" hover_font="맑은 고딕,9,0,0,0,0" version="1.1" on_mouseup="eventfunc:btn_X_on_mouseup(objInst, index)"/>
				<image control_id="983" autosize="0" x="6" y="148" right="19" bottom="14" width="225" height="88" transparent="1" border="0" back_image="/BIZ/102/04LP/menulist_numbox_bg.png" padding="0,0,0,0"/>
				<text control_id="1253" autosize="0" x="93" y="162" right="107" bottom="26" width="50" height="62" custom_class="TX_101_contents" text="99" font="Noto Sans CJK KR Bold,31.5,1,0,0,0" transparent="1" horz_align="1" link_data="DS_ORDER:count" version="1.1"/>
				<pushbutton control_id="985" name="btn_plus" arrayindex="0" x="164" y="155" right="31" bottom="20" width="55" height="75" style_class="0" custom_class="PB_104_plus" text="" font="맑은 고딕,9,0,0,0,0" transparent="1" border="4" image_normal="/BIZ/102/04LP/minus_bt_DG_55x75.png" image_down="/BIZ/102/04LP/minus_bt_DG_55x75_o.png" imagesize="1" box_shadow_effect="0" hover_font="맑은 고딕,9,0,0,0,0" version="1.1" on_mouseup="eventfunc:btn_plus_on_mouseup(objInst, index)"/>
				<pushbutton control_id="1252" name="btn_minus" arrayindex="0" x="14" y="156" right="181" bottom="19" width="55" height="75" style_class="0" custom_class="PB_104_minus" text="" font="맑은 고딕,9,0,0,0,0" transparent="1" border="4" image_normal="/BIZ/102/04LP/minus_bt_DG_55x75-1.png" image_down="/BIZ/102/04LP/minus_bt_DG_55x75_o-1.png" imagesize="1" box_shadow_effect="0" hover_font="맑은 고딕,9,0,0,0,0" version="1.1" on_mouseup="eventfunc:btn_minus_on_mouseup(objInst, index)"/>
				<roundrect control_id="1254" x="4" y="6" right="17" bottom="8" width="229" height="236" font="맑은 고딕,9,0,0,0,0" border_width="1" transparent="1"/>
				<numericex_field control_id="993" name="fld_Cir" arrayindex="0" autosize="0" x="19" y="96" right="111" bottom="124" width="120" height="30" font="Noto Sans CJK KR Medium,22.5,500,0,0,0" back_color="000000C4" transparent="1" border="0" box_shadow_effect="0" horz_align="1" hidden="1" default_value="0" max_length="9" pattern="ZZZ,ZZZ,ZZ9"/>
				<text control_id="982" autosize="0" x="24" y="18" right="29" bottom="148" width="197" height="84" custom_class="TX_101_contents" text="아메리카노" font="Noto Sans CJK KR Medium,31.5,500,0,0,0" transparent="1" link_data="DS_ORDER:menuName" version="1.1"/>
			</listview>
		</panel>
	</map>
</map_list>
