﻿<?xml version="1.0" encoding="UTF-8"?>
<map_list>
	<map>
		<screen version="2.0" scriptcode="java" title="[저]무인카페_음료제조완료" directory="/BIZ/102/04LP/" screenid="10204008" last_update_date="2025-01-20 18:50:41" width="1080" width_type="0" height="1920" height_type="0" canvas_width="1081" canvas_height="1921" vertscrollbar_style="0" horzscrollbar_style="0" on_load="eventfunc:screen_on_load()" funclist="screen_on_load,btn_Call_on_mouseup,btn_Next_on_mouseup,btn_Acc_on_mouseup,btn_pre_on_mouseup,time_txt_on_change,fn_setNumbercount,fn_setPanelWidth,time_on_time"/>
		<xlinkdataset id="DS_MENU" desc="" columns="menuName:::&quot;아메리카노&#x0A;카페라떼&#x0A;카페모카&#x0A;바닐라라떼&#x0A;딸기라떼&#x0A;콜드브루&#x0A;초코라떼&#x0A;콜드브루라떼&#x0A;흑당라떼&#x0A;&quot;:;cost:::&quot;1500&#x0A;1500&#x0A;2500&#x0A;3000&#x0A;3000&#x0A;2500&#x0A;2500&#x0A;3500&#x0A;3500&#x0A;&quot;:;url:::&quot;/BIZ/102/04/drink_1.png&#x0A;/BIZ/102/04/drink_2.png&#x0A;/BIZ/102/04/drink_3.png&#x0A;/BIZ/102/04/drink_4.png&#x0A;/BIZ/102/04/drink_5.png&#x0A;/BIZ/102/04/drink_6.png&#x0A;/BIZ/102/04/drink_7.png&#x0A;/BIZ/102/04/drink_8.png&#x0A;/BIZ/102/04/drink_9.png&#x0A;&quot;:"/>
		<xlinkdataset id="DS_ORDER" desc="" columns="menuName:&quot;메뉴명(ex: 아메리카노)&quot;:::;cost:&quot;옵션값이 포함된 가격(ex: 2100)&quot;:::;count:&quot;메뉴갯수(ex: 4)&quot;:::;total_cost:&quot;옵션값*메뉴갯수(cost*count)&quot;:::;url:&quot;이미지 경로&quot;:::;Tem:&quot;(Boolean) 차갑게/뜨겁게(false/true)&quot;:::;Size:&quot;(Number) 작은컵/중간컵/큰컵(0/1/2)&quot;:::;TemSize:&quot;ex: 차갑게/중간컵&quot;:::;menuNameTemSize:&quot;메뉴명(차갑게/중간컵)&quot;:::"/>
		<panel control_id="883" semantic_tag="0" x="0" y="0" right="0" bottom="0" width="1080" height="1920" custom_class="PN_101_back" back_color="00F6F6F6" vertscrollbar_style="0" horzscrollbar_style="0" title_font="맑은 고딕,9,0,0,0,0">
			<tab_order order_option="0" order_info="888,1,233,1246,1207,7"/>
			<panel control_id="1" semantic_tag="0" x="-2" y="710" right="0" bottom="1148" width="1080" height="60" custom_class="PN_101_back" back_color="00C4C4C4" border="0" vertscrollbar_style="0" horzscrollbar_style="0" panel_height="560" title_font="맑은 고딕,9,0,0,0,0">
				<imagebox control_id="3" x="416" y="13" right="416" bottom="515" width="248" height="32" transparent="1" border="0" padding="0,0,0,0" image="/BIZ/102/04/logo_cafe.png" image_width="248" image_height="32"/>
			</panel>
			<panel control_id="888" semantic_tag="0" x="-2" y="0" right="0" bottom="1208" width="1080" height="710" back_color="00807D79" title_font="맑은 고딕,9,0,0,0,0"></panel>
			<panel control_id="233" semantic_tag="0" x="-2" y="768" right="0" bottom="1000" width="1080" height="150" custom_class="PN_101_bgG" back_color="00B4B4B4" back_image="/BIZ/101/01/PUB/bg_G_1080x150.png" back_imagesize="1" border="0" title_font="맑은 고딕,9,0,0,0,0">
				<tab_order order_option="0" order_info="886"/>
				<text control_id="217" autosize="0" x="37" y="78" right="901" bottom="10" width="142" height="62" custom_class="TX_101_stepDone" text="메뉴선택" font="Noto Sans KR Regular,31.5,0,0,0,0" fore_color="000A0A0A" back_color="00DFDDDC" transparent="1" horz_align="1" line_height="40" letter_spacing="-4.2px" version="1.1"/>
				<text control_id="218" autosize="0" x="250" y="78" right="682" bottom="10" width="148" height="62" custom_class="TX_101_stepDone" text="내역확인" font="Noto Sans KR Regular,31.5,0,0,0,0" back_color="00DFDDDC" transparent="1" horz_align="1" line_height="40" letter_spacing="-2.1px" version="1.1"/>
				<text control_id="219" autosize="0" x="449" y="78" right="449" bottom="10" width="182" height="62" custom_class="TX_101_stepDone" text="결제하기" font="Noto Sans KR Regular,31.5,0,0,0,0" back_color="00DFDDDC" transparent="1" horz_align="1" line_height="40" letter_spacing="-4.2px" version="1.1"/>
				<text control_id="222" autosize="0" x="685" y="78" right="247" bottom="10" width="148" height="62" custom_class="TX_101_stepDone" text="음료제조" font="Noto Sans KR Regular,31.5,0,0,0,0" back_color="00DFDDDC" transparent="1" horz_align="1" line_height="40" letter_spacing="-2.1px" version="1.1"/>
				<text control_id="223" autosize="0" x="940" y="78" right="64" bottom="10" width="76" height="62" custom_class="TX_101_step" text="완료" font="Noto Sans KR Regular,31.5,0,0,0,0" fore_color="006C5E5A" back_color="00DFDDDC" transparent="1" horz_align="1" line_height="40" letter_spacing="-2.1px" version="1.1"/>
				<panel control_id="886" semantic_tag="0" x="76" y="7" right="76" bottom="69" width="928" height="74" custom_class="PN_104_stepBar_4" back_color="00E1E1E1" transparent="1" back_image="/BIZ/102/04/comn_5step_BR_bar_4.png" border="0" title_font="맑은 고딕,9,0,0,0,0"></panel>
			</panel>
			<panel control_id="7" semantic_tag="0" x="-2" y="1803" right="0" bottom="0" width="1080" height="115" custom_class="PN_101_back" border="0" title_font="맑은 고딕,9,0,0,0,0">
				<tab_order order_option="0" order_info="236,237,230"/>
				<pushbutton control_id="230" name="btn_Acc" x="658" y="18" right="222" bottom="17" width="200" height="80" style_class="0" custom_class="PB_101_access" text="접근성" font="Noto Sans KR Medium,31.5,500,0,0,0" fore_color="00FFFFFF" transparent="1" border="4" border_color="00E2E2E2" border_radius="44" image_normal="/BIZ/101/01/PUB/lowsc_bt.png" image_down="/BIZ/101/01/PUB/lowsc_bt_o.png" imagesize="1" box_shadow_effect="0" horz_align="0" line_height="62" text_margin="61,27,9,9" text_wordellipsis="0" hover_font="맑은 고딕,9,0,0,0,0" down_color_use="2" down_forecolor="00F8F8F8" letter_spacing="-2.1px" version="1.1" on_mouseup="eventfunc:btn_Acc_on_mouseup(objInst)"/>
				<pushbutton control_id="236" name="btn_Flag" x="500" y="16" right="500" bottom="19" width="80" height="80" style_class="0" custom_class="PB_101_selLanguage" text="" font="Noto Sans CJK KR,32,0,0,0,0" fore_color="000A0A0A" transparent="1" border="4" border_color="00E2E2E2" border_radius="44" image_normal="/BIZ/101/01/PUB/language_lound_bt.png" image_down="/BIZ/101/01/PUB/language_lound_kr_bt_o.png" imagesize="1" box_shadow_effect="0" horz_align="2" line_height="62" text_margin="" text_wordellipsis="0" hover_font="맑은 고딕,9,0,0,0,0" down_color_use="2" down_forecolor="00F8F8F8" version="1.1"/>
				<pushbutton control_id="237" name="btn_Call" x="867" y="16" right="13" bottom="19" width="200" height="80" style_class="0" custom_class="PB_101_call" text="직원호출" font="Noto Sans KR Medium,31.5,500,0,0,0" fore_color="00FFFFFF" back_color="00FBFBFB" border="4" border_color="000000D1" border_radius="35" image_normal="/BIZ/101/01/PUB/call_bt_R_200x80.png" image_down="/BIZ/101/01/PUB/call_bt_R_200x80_o.png" imagesize="1" image_vert_align="1" box_shadow_effect="0" horz_align="0" line_height="62" text_margin="38,14,9,9" hover_font="맑은 고딕,9,0,0,0,0" down_color_use="3" down_backcolor="0011119C" letter_spacing="-2.1px" version="1.1" on_mouseup="eventfunc:btn_Call_on_mouseup(objInst)"/>
			</panel>
			<text control_id="1206" autosize="0" x="-2" y="1014" right="0" bottom="815" width="1080" height="89" custom_class="TX_104_WhiteTxt" text="우측 하단에서 음료를 받아주세요" font="Noto Sans KR,37.5,1,0,0,0" fore_color="000A0A0A" back_color="00F6F6F6" back_color_opacity="0" transparent="1" horz_align="1" line_height="55" letter_spacing="-3px" version="1.1"/>
			<panel control_id="1246" semantic_tag="0" x="386" y="1098" right="289" bottom="613" width="403" height="207" transparent="1" back_image="/BIZ/102/04LP/coffee_kiosk_img.png" border="0" title_font="맑은 고딕,9,0,0,0,0"></panel>
			<text control_id="215" autosize="0" x="-2" y="964" right="0" bottom="865" width="1080" height="89" custom_class="TX_104_Yellow" text="음료 제조 완료" font="Noto Sans KR,37.5,1,0,0,0" fore_color="0000579E" back_color="00F6F6F6" back_color_opacity="0" transparent="1" horz_align="1" line_height="55" letter_spacing="-3px" version="1.1"/>
			<panel control_id="1207" semantic_tag="0" x="-2" y="1313" right="0" bottom="115" width="1080" height="490" back_color="00233347" border="0" title_font="맑은 고딕,9,0,0,0,0">
				<tab_order order_option="0" order_info="1228,1247,1251,1252"/>
				<panel control_id="1228" semantic_tag="0" x="239" y="66" right="807" bottom="400" width="34" height="24" back_color="00233347" transparent="1" back_image="/BIZ/102/04/complete_ico.png" border="0" title_font="맑은 고딕,9,0,0,0,0"></panel>
				<text control_id="1231" autosize="0" x="216" y="8" right="738" bottom="420" width="126" height="62" text="완료" font="Noto Sans CJK KR Medium,31.5,500,0,0,0" fore_color="00FFFFFF" back_color="00233347" transparent="1" version="1.1"/>
				<pushbutton control_id="1251" name="btn_pre" x="187" y="387" right="618" bottom="23" width="275" height="80" style_class="0" custom_class="PB_104_prev" text="이전페이지" font="Noto Sans CJK KR Medium,31.5,500,0,0,0" back_color="00233347" transparent="1" border="4" image_normal="/BIZ/102/04/pre_bt_G_275x80.png" image_down="/BIZ/102/04/pre_bt_G_275x80_o.png" horz_align="2" text_margin="0,20,0,0" hover_font="맑은 고딕,9,0,0,0,0" version="1.1"/>
				<pushbutton control_id="1252" x="618" y="387" right="187" bottom="23" width="275" height="80" style_class="0" custom_class="PB_104_next" text="다음페이지" font="Noto Sans CJK KR Medium,31.5,500,0,0,0" back_color="00233347" transparent="1" border="4" image_normal="/BIZ/102/04/next_bt_G__275x80.png" image_down="/BIZ/102/04/next_bt_G__275x80_o.png" horz_align="0" text_margin="20,0,0,0" hover_font="맑은 고딕,9,0,0,0,0" version="1.1"/>
				<text control_id="1210" name="time_txt" autosize="0" x="346" y="12" right="350" bottom="406" width="384" height="72" custom_class="TX_104_Yellow" text="5초뒤 창 닫힘" font="Noto Sans CJK KR Medium,41.3,500,0,0,0" fore_color="0000579E" back_color="00233347" transparent="1" back_imagehorzalign="1" horz_align="1" version="1.1" on_change="eventfunc:time_txt_on_change(objInst, event_type)"/>
				<timer control_id="1269" name="time_1" x="769" y="22" width="28" height="28" enable="0" on_time="eventfunc:time_on_time(objInst)"/>
				<panel control_id="1247" name="pnl_Menu" semantic_tag="0" x="127" y="98" right="89" bottom="118" width="864" height="274" back_color="00233347" border="0" vertscrollbar_style="0" horzscrollbar_style="0" title_font="맑은 고딕,9,0,0,0,0">
					<listview control_id="1260" name="list_Menu_1" x="0" y="0" right="0" bottom="4" width="864" height="270" custom_class="LV_104_listBack" custom_item_class="LV_104_listBack" back_color="00233347" transparent="0" border="0" border_color="00233347" column_count="0" item_dir="1" item_height="270" item_width="288" item_samplerows="1" item_backcolor="00233347" item_bordercolor="00233347" item_dividerowcount="1" item_dividecolor="00233347" item_selbackcolor="00233347" item_hoverbackcolor="00EBEBEB" link_data="DS_ORDER">
						<image control_id="1262" autosize="0" x="0" y="0" right="36" bottom="0" width="252" height="270" custom_class="IM_104_imgBack" custom_image_class="IM_104_imgBack" transparent="0" border="0" border_color="00233347" border_radius="15" back_image="/BIZ/102/04/list_252-270_line_o.png" back_imagesize="1" padding="0,0,0,0"/>
						<image control_id="1263" autosize="0" x="102" y="8" right="136" bottom="166" width="50" height="96" transparent="1" border="0" back_imagesize="1" back_imagehorzalign="1" padding="0,0,0,0" link_data="DS_ORDER:url"/>
						<text control_id="1264" autosize="0" x="6" y="114" right="42" bottom="102" width="240" height="54" custom_class="TX_104_WhiteTxt" text="아메리카노" font="Noto Sans CJK KR Medium,31.5,500,0,0,0" transparent="1" horz_align="1" link_data="DS_ORDER:menuName" version="1.1"/>
						<text control_id="1265" autosize="0" x="6" y="162" right="42" bottom="54" width="240" height="54" custom_class="TX_104_WhiteTxt" text="차갑게/중간컵" font="Noto Sans CJK KR Medium,31.5,500,0,0,0" transparent="1" horz_align="1" letter_spacing="-2px" link_data="DS_ORDER:TemSize" version="1.1"/>
						<text control_id="1266" autosize="0" x="96" y="210" right="172" bottom="6" width="20" height="54" custom_class="TX_104_Yellow" text="1" font="Noto Sans CJK KR Medium,31.5,500,0,0,0" fore_color="0000569D" transparent="1" horz_align="1" link_data="DS_ORDER:count" version="1.1"/>
						<line control_id="1267" x1="10" y1="108" x2="240" y2="108" right="48" bottom="162" line_width="1" line_color="00D2D2D2"/>
						<text control_id="1268" autosize="0" x="10" y="108" right="43" bottom="160" width="235" height="2" text="" font="맑은 고딕,9,0,0,0,0" back_color="00D2D2D2" version="1.1"/>
						<text control_id="1270" autosize="0" x="116" y="210" right="126" bottom="6" width="46" height="54" custom_class="TX_104_Yellow" text="개" font="Noto Sans CJK KR Medium,31.5,500,0,0,0" fore_color="0000569D" transparent="1" horz_align="1" version="1.1"/>
					</listview>
				</panel>
				<text control_id="1253" name="txt_up" autosize="0" x="486" y="408" right="555" bottom="34" width="39" height="48" custom_class="TX_104_Yellow" text="1" font="Noto Sans CJK KR Medium,31.5,500,0,0,0" fore_color="002C87D1" back_color="00233347" transparent="1" horz_align="1" version="1.1"/>
				<text control_id="1254" autosize="0" x="520" y="408" right="530" bottom="34" width="30" height="48" text="/" font="Noto Sans CJK KR Medium,31.5,500,0,0,0" fore_color="009199A3" back_color="00233347" transparent="1" horz_align="1" version="1.1"/>
				<text control_id="1255" name="txt_down" autosize="0" x="550" y="408" right="500" bottom="34" width="30" height="48" text="1" font="Noto Sans CJK KR Medium,31.5,500,0,0,0" fore_color="009199A3" back_color="00233347" transparent="1" horz_align="1" version="1.1"/>
			</panel>
			<line control_id="1000" x1="0" y1="1312" x2="1078" y2="1312" right="0" bottom="606" line_width="1" line_color="00FFFFFF"/>
		</panel>
	</map>
</map_list>
