﻿<?xml version="1.0" encoding="UTF-8"?>
<map_list>
	<map>
		<screen version="2.0" scriptcode="java" title="[저]무인카페_결제하기" directory="/BIZ/102/04LP/" screenid="10204006" last_update_date="2025-01-20 17:18:07" width="1080" width_type="0" height="1920" height_type="0" canvas_width="1081" canvas_height="1921" vertscrollbar_style="0" horzscrollbar_style="0" on_load="eventfunc:screen_on_load()" funclist="screen_on_load,btn_Call_on_mouseup,btn_prev_on_mouseup,btn_Acc_on_mouseup,btn_Next_on_mouseup"/>
		<xlinkdataset id="DS_MENU" desc="" columns="menuName:::&quot;아메리카노&#x0A;카페라떼&#x0A;카페모카&#x0A;바닐라라떼&#x0A;딸기라떼&#x0A;콜드브루&#x0A;초코라떼&#x0A;콜드브루라떼&#x0A;흑당라떼&#x0A;&quot;:;cost:::&quot;1500&#x0A;1500&#x0A;2500&#x0A;3000&#x0A;3000&#x0A;2500&#x0A;2500&#x0A;3500&#x0A;3500&#x0A;&quot;:;url:::&quot;/BIZ/102/04/drink_1.png&#x0A;/BIZ/102/04/drink_2.png&#x0A;/BIZ/102/04/drink_3.png&#x0A;/BIZ/102/04/drink_4.png&#x0A;/BIZ/102/04/drink_5.png&#x0A;/BIZ/102/04/drink_6.png&#x0A;/BIZ/102/04/drink_7.png&#x0A;/BIZ/102/04/drink_8.png&#x0A;/BIZ/102/04/drink_9.png&#x0A;&quot;:"/>
		<xlinkdataset id="DS_ORDER" desc="" columns="menuName:&quot;메뉴명(ex: 아메리카노)&quot;:::;cost:&quot;옵션값이 포함된 가격(ex: 2100)&quot;:::;count:&quot;메뉴갯수(ex: 4)&quot;:::;total_cost:&quot;옵션값*메뉴갯수(cost*count)&quot;:::;url:&quot;이미지 경로&quot;:::;Tem:&quot;(Boolean) 차갑게/뜨겁게(false/true)&quot;:::;Size:&quot;(Number) 작은컵/중간컵/큰컵(0/1/2)&quot;:::;TemSize:&quot;ex: 차갑게/중간컵&quot;:::;menuNameTemSize:&quot;메뉴명(차갑게/중간컵)&quot;:::"/>
		<panel control_id="883" semantic_tag="0" x="0" y="0" right="0" bottom="0" width="1080" height="1920" custom_class="PN_101_back" back_color="00F6F6F6" vertscrollbar_style="0" horzscrollbar_style="0" title_font="맑은 고딕,9,0,0,0,0">
			<tab_order order_option="0" order_info="888,1,233,1204,1174,1205,7"/>
			<panel control_id="1" semantic_tag="0" x="-2" y="710" right="0" bottom="1148" width="1080" height="60" custom_class="PN_101_back" back_color="00C4C4C4" border="0" vertscrollbar_style="0" horzscrollbar_style="0" panel_height="560" title_font="맑은 고딕,9,0,0,0,0">
				<imagebox control_id="3" x="416" y="13" right="416" bottom="515" width="248" height="32" transparent="1" border="0" padding="0,0,0,0" image="/BIZ/102/04/logo_cafe.png" image_width="248" image_height="32"/>
			</panel>
			<panel control_id="888" semantic_tag="0" x="-2" y="0" right="0" bottom="1208" width="1080" height="710" back_color="00807D79" title_font="맑은 고딕,9,0,0,0,0"></panel>
			<panel control_id="233" semantic_tag="0" x="-2" y="768" right="0" bottom="1000" width="1080" height="150" custom_class="PN_101_bgG" back_color="00B4B4B4" back_image="/BIZ/101/01/PUB/bg_G_1080x150.png" back_imagesize="1" border="0" title_font="맑은 고딕,9,0,0,0,0">
				<tab_order order_option="0" order_info="886"/>
				<text control_id="217" autosize="0" x="37" y="78" right="901" bottom="10" width="142" height="62" custom_class="TX_101_stepDone" text="메뉴선택" font="Noto Sans KR Regular,31.5,0,0,0,0" fore_color="000A0A0A" back_color="00DFDDDC" transparent="1" horz_align="1" line_height="40" letter_spacing="-4.2px" version="1.1"/>
				<text control_id="218" autosize="0" x="250" y="78" right="682" bottom="10" width="148" height="62" custom_class="TX_101_stepDone" text="내역확인" font="Noto Sans KR Regular,31.5,0,0,0,0" back_color="00DFDDDC" transparent="1" horz_align="1" line_height="40" letter_spacing="-2.1px" version="1.1"/>
				<text control_id="219" autosize="0" x="449" y="78" right="449" bottom="10" width="182" height="62" custom_class="TX_101_stepDone" text="결제하기" font="Noto Sans KR Regular,31.5,0,0,0,0" back_color="00DFDDDC" transparent="1" horz_align="1" line_height="40" letter_spacing="-4.2px" version="1.1"/>
				<text control_id="222" autosize="0" x="685" y="78" right="247" bottom="10" width="148" height="62" custom_class="TX_101_step" text="음료제조" font="Noto Sans KR Regular,31.5,0,0,0,0" fore_color="006C5E5A" back_color="00DFDDDC" transparent="1" horz_align="1" line_height="40" letter_spacing="-2.1px" version="1.1"/>
				<text control_id="223" autosize="0" x="940" y="78" right="64" bottom="10" width="76" height="62" custom_class="TX_101_step" text="완료" font="Noto Sans KR Regular,31.5,0,0,0,0" fore_color="006C5E5A" back_color="00DFDDDC" transparent="1" horz_align="1" line_height="40" letter_spacing="-2.1px" version="1.1"/>
				<panel control_id="886" semantic_tag="0" x="76" y="7" right="76" bottom="69" width="928" height="74" custom_class="PN_104_stepBar_3" back_color="00E1E1E1" transparent="1" back_image="/BIZ/102/04/comn_5step_BR_bar_3.png" border="0" title_font="맑은 고딕,9,0,0,0,0"></panel>
			</panel>
			<text control_id="215" autosize="0" x="-2" y="954" right="0" bottom="875" width="1080" height="89" custom_class="TX_104_WhiteTxt" text="신용카드를&lt;font class=&quot;TX_104_Yellow&quot; color = &quot;#8A4813&quot;&gt; 우측 하단의&lt;/font&gt;" font="Noto Sans KR,37.5,1,0,0,0" fore_color="000A0A0A" back_color="00F6F6F6" back_color_opacity="0" transparent="1" horz_align="1" line_height="55" letter_spacing="-3px" version="1.1"/>
			<panel control_id="7" semantic_tag="0" x="-2" y="1803" right="0" bottom="0" width="1080" height="115" custom_class="PN_101_back" border="0" title_font="맑은 고딕,9,0,0,0,0">
				<tab_order order_option="0" order_info="236,237,230"/>
				<pushbutton control_id="230" name="btn_Acc" x="658" y="18" right="222" bottom="17" width="200" height="80" style_class="0" custom_class="PB_101_access" text="접근성" font="Noto Sans KR Medium,31.5,500,0,0,0" fore_color="00FFFFFF" transparent="1" border="4" border_color="00E2E2E2" border_radius="44" image_normal="/BIZ/101/01/PUB/lowsc_bt.png" image_down="/BIZ/101/01/PUB/lowsc_bt_o.png" imagesize="1" box_shadow_effect="0" horz_align="0" line_height="62" text_margin="61,27,9,9" text_wordellipsis="0" hover_font="맑은 고딕,9,0,0,0,0" down_color_use="2" down_forecolor="00F8F8F8" letter_spacing="-2.1px" version="1.1" on_mouseup="eventfunc:btn_Acc_on_mouseup(objInst)"/>
				<pushbutton control_id="236" name="btn_Flag" x="500" y="16" right="500" bottom="19" width="80" height="80" style_class="0" custom_class="PB_101_selLanguage" text="" font="Noto Sans CJK KR,32,0,0,0,0" fore_color="000A0A0A" transparent="1" border="4" border_color="00E2E2E2" border_radius="44" image_normal="/BIZ/101/01/PUB/language_lound_bt.png" image_down="/BIZ/101/01/PUB/language_lound_kr_bt_o.png" imagesize="1" box_shadow_effect="0" horz_align="2" line_height="62" text_margin="" text_wordellipsis="0" hover_font="맑은 고딕,9,0,0,0,0" down_color_use="2" down_forecolor="00F8F8F8" version="1.1"/>
				<pushbutton control_id="237" name="btn_Call" x="867" y="16" right="13" bottom="19" width="200" height="80" style_class="0" custom_class="PB_101_call" text="직원호출" font="Noto Sans KR Medium,31.5,500,0,0,0" fore_color="00FFFFFF" back_color="00FBFBFB" border="4" border_color="000000D1" border_radius="35" image_normal="/BIZ/101/01/PUB/call_bt_R_200x80.png" image_down="/BIZ/101/01/PUB/call_bt_R_200x80_o.png" imagesize="1" image_vert_align="1" box_shadow_effect="0" horz_align="0" line_height="62" text_margin="38,14,9,9" hover_font="맑은 고딕,9,0,0,0,0" down_color_use="3" down_backcolor="0011119C" letter_spacing="-2.1px" version="1.1" on_mouseup="eventfunc:btn_Call_on_mouseup(objInst)"/>
			</panel>
			<text control_id="1203" autosize="0" x="-2" y="1020" right="0" bottom="809" width="1080" height="89" custom_class="TX_104_WhiteTxt" text="&lt;font class=&quot;TX_104_Yellow&quot; color = &quot;#8A4813&quot;&gt;카드 투입구&lt;/font&gt;에 끝까지 넣으세요" font="Noto Sans KR,37.5,1,0,0,0" fore_color="000A0A0A" back_color="00F6F6F6" back_color_opacity="0" transparent="1" horz_align="1" line_height="55" letter_spacing="-3px" version="1.1"/>
			<panel control_id="1204" semantic_tag="0" x="243" y="1144" right="241" bottom="297" width="594" height="477" back_color="00F6F6F6" transparent="1" back_image="/BIZ/102/04LP/pay_kiosk_img.png" border="0" title_font="맑은 고딕,9,0,0,0,0"></panel>
			<pushbutton control_id="1205" x="290" y="1676" right="288" bottom="147" width="500" height="95" style_class="0" custom_class="PB_104_320120" text="취소" font="Noto Sans CJK KR Medium,31.5,500,0,0,0" fore_color="00FFFFFF" back_color="00F6F6F6" transparent="1" border="4" image_normal="/BIZ/102/04LP/bin_bt_BR_500x95.png" image_down="/BIZ/102/04LP/bin_bt_BR_500x95_o.png" imagesize="1" hover_font="맑은 고딕,9,0,0,0,0" version="1.1" on_mouseup="eventfunc:btn_prev_on_mouseup(objInst)"/>
			<pushbutton control_id="1174" x="918" y="1452" right="46" bottom="358" width="114" height="108" text="다음" font="맑은 고딕,9,0,0,0,0" hover_font="맑은 고딕,9,0,0,0,0" version="1.1" on_mouseup="eventfunc:btn_Next_on_mouseup(objInst)"/>
		</panel>
	</map>
</map_list>
