﻿<?xml version="1.0" encoding="UTF-8"?>
<map_list>
	<map>
		<screen version="2.0" scriptcode="java" title="[저]무인카페_제조완료" directory="/BIZ/102/04LP/" screenid="10204011" last_update_date="2025-01-20 16:30:15" width="1080" width_type="0" height="1920" height_type="0" canvas_width="1081" canvas_height="1921" vertscrollbar_style="0" horzscrollbar_style="0" on_load="eventfunc:screen_on_load()" funclist="screen_on_load,time_on_time,btn_Acc_on_mouseup"/>
		<xlinkdataset id="DS_MENU" desc="" columns="menuName:::&quot;아메리카노&#x0A;카페라떼&#x0A;카페모카&#x0A;바닐라라떼&#x0A;딸기라떼&#x0A;콜드브루&#x0A;초코라떼&#x0A;콜드브루라떼&#x0A;흑당라떼&#x0A;&quot;:;cost:::&quot;1500&#x0A;1500&#x0A;2500&#x0A;3000&#x0A;3000&#x0A;2500&#x0A;2500&#x0A;3500&#x0A;3500&#x0A;&quot;:;url:::&quot;/BIZ/102/04/drink_1.png&#x0A;/BIZ/102/04/drink_2.png&#x0A;/BIZ/102/04/drink_3.png&#x0A;/BIZ/102/04/drink_4.png&#x0A;/BIZ/102/04/drink_5.png&#x0A;/BIZ/102/04/drink_6.png&#x0A;/BIZ/102/04/drink_7.png&#x0A;/BIZ/102/04/drink_8.png&#x0A;/BIZ/102/04/drink_9.png&#x0A;&quot;:"/>
		<xlinkdataset id="DS_ORDER" desc="" columns="menuName:&quot;메뉴명(ex: 아메리카노)&quot;:::;cost:&quot;옵션값이 포함된 가격(ex: 2100)&quot;:::;count:&quot;메뉴갯수(ex: 4)&quot;:::;total_cost:&quot;옵션값*메뉴갯수(cost*count)&quot;:::;url:&quot;이미지 경로&quot;:::;Tem:&quot;(Boolean) 차갑게/뜨겁게(false/true)&quot;:::;Size:&quot;(Number) 작은컵/중간컵/큰컵(0/1/2)&quot;:::;TemSize:&quot;ex: 차갑게/중간컵&quot;:::;menuNameTemSize:&quot;메뉴명(차갑게/중간컵)&quot;:::"/>
		<panel control_id="883" semantic_tag="0" x="0" y="0" right="0" bottom="0" width="1080" height="1920" custom_class="PN_101_back" back_color="00F6F6F6" vertscrollbar_style="0" horzscrollbar_style="0" title_font="맑은 고딕,9,0,0,0,0">
			<tab_order order_option="0" order_info="888,1,1246,7"/>
			<panel control_id="1" semantic_tag="0" x="-2" y="710" right="0" bottom="1148" width="1080" height="60" custom_class="PN_101_back" back_color="00C4C4C4" border="0" vertscrollbar_style="0" horzscrollbar_style="0" panel_height="560" title_font="맑은 고딕,9,0,0,0,0">
				<imagebox control_id="3" x="416" y="13" right="416" bottom="515" width="248" height="32" transparent="1" border="0" padding="0,0,0,0" image="/BIZ/102/04/logo_cafe.png" image_width="248" image_height="32"/>
			</panel>
			<panel control_id="888" semantic_tag="0" x="-2" y="0" right="0" bottom="1208" width="1080" height="710" back_color="00807D79" title_font="맑은 고딕,9,0,0,0,0"></panel>
			<text control_id="215" autosize="0" x="-2" y="1025" right="0" bottom="804" width="1080" height="89" custom_class="TX_104_Yellow" text="이용해주셔서 감사합니다" font="Noto Sans KR,37.5,1,0,0,0" fore_color="0000579E" back_color="00F8F8F8" back_color_opacity="0" transparent="1" horz_align="1" line_height="55" letter_spacing="-3px" version="1.1"/>
			<panel control_id="7" semantic_tag="0" x="-2" y="1803" right="0" bottom="0" width="1080" height="115" custom_class="PN_101_back" border="0" title_font="맑은 고딕,9,0,0,0,0">
				<tab_order order_option="0" order_info="236,237,230"/>
				<pushbutton control_id="230" name="btn_Acc" x="658" y="18" right="222" bottom="17" width="200" height="80" style_class="0" custom_class="PB_101_access" text="접근성" font="Noto Sans KR Medium,31.5,500,0,0,0" fore_color="00FFFFFF" transparent="1" border="4" border_color="00E2E2E2" border_radius="44" image_normal="/BIZ/101/01/PUB/lowsc_bt.png" image_down="/BIZ/101/01/PUB/lowsc_bt_o.png" imagesize="1" box_shadow_effect="0" horz_align="0" line_height="62" text_margin="61,27,9,9" text_wordellipsis="0" hover_font="맑은 고딕,9,0,0,0,0" down_color_use="2" down_forecolor="00F8F8F8" letter_spacing="-2.1px" version="1.1" on_mouseup="eventfunc:btn_Acc_on_mouseup(objInst)"/>
				<pushbutton control_id="236" name="btn_Flag" x="500" y="16" right="500" bottom="19" width="80" height="80" style_class="0" custom_class="PB_101_selLanguage" text="" font="Noto Sans CJK KR,32,0,0,0,0" fore_color="000A0A0A" transparent="1" border="4" border_color="00E2E2E2" border_radius="44" image_normal="/BIZ/101/01/PUB/language_lound_bt.png" image_down="/BIZ/101/01/PUB/language_lound_kr_bt_o.png" imagesize="1" box_shadow_effect="0" horz_align="2" line_height="62" text_margin="" text_wordellipsis="0" hover_font="맑은 고딕,9,0,0,0,0" down_color_use="2" down_forecolor="00F8F8F8" version="1.1"/>
				<pushbutton control_id="237" name="btn_Call" x="867" y="16" right="13" bottom="19" width="200" height="80" style_class="0" custom_class="PB_101_call" text="직원호출" font="Noto Sans KR Medium,31.5,500,0,0,0" fore_color="00FFFFFF" back_color="00FBFBFB" border="4" border_color="000000D1" border_radius="35" image_normal="/BIZ/101/01/PUB/call_bt_R_200x80.png" image_down="/BIZ/101/01/PUB/call_bt_R_200x80_o.png" imagesize="1" image_vert_align="1" box_shadow_effect="0" horz_align="0" line_height="62" text_margin="38,14,9,9" hover_font="맑은 고딕,9,0,0,0,0" down_color_use="3" down_backcolor="0011119C" letter_spacing="-2.1px" version="1.1"/>
			</panel>
			<text control_id="1206" autosize="0" x="-2" y="1092" right="0" bottom="737" width="1080" height="89" custom_class="TX_104_WhiteTxt" text="잊으신 물건 없이 안녕히 가세요" font="Noto Sans KR,37.5,1,0,0,0" fore_color="000A0A0A" back_color="00F8F8F8" back_color_opacity="0" transparent="1" horz_align="1" line_height="55" letter_spacing="-3px" version="1.1"/>
			<panel control_id="1246" semantic_tag="0" x="180" y="1269" right="148" bottom="399" width="750" height="250" back_color="00F8F8F8" transparent="1" back_image="/BIZ/102/04/logo_food_grey.png" border="0" title_font="맑은 고딕,9,0,0,0,0"></panel>
			<text control_id="1256" name="time_txt" autosize="0" x="498" y="1550" right="496" bottom="146" width="84" height="222" custom_class="TX_104_WhiteTxt" text="5" font="Noto Sans CJK KR Regular,112.5,0,0,0,0" back_color="00F8F8F8" transparent="1" version="1.1"/>
			<timer control_id="1257" name="time" x="582" y="1560" width="28" height="28" enable="0" on_time="eventfunc:time_on_time(objInst)"/>
		</panel>
	</map>
</map_list>
