﻿<?xml version="1.0" encoding="UTF-8"?>
<map_list>
	<map>
		<screen version="2.0" scriptcode="java" title="무인발권기_열차종류" directory="/BIZ/103/06/" screenid="10306005" last_update_date="2024-11-11 14:36:11" width="1080" width_type="0" height="1920" height_type="0" canvas_width="1081" canvas_height="1921" on_load="eventfunc:screen_on_load()" funclist="screen_on_load"/>
		<panel control_id="881" semantic_tag="0" x="0" y="0" right="0" bottom="0" width="1080" height="1920" custom_class="PN_101_back" back_color="00F6F6F6" transparent="1" border="0" title_font="맑은 고딕,9,0,0,0,0">
			<tab_order order_option="0" order_info="6,233,892,1120,1121,7"/>
			<panel control_id="6" semantic_tag="0" x="0" y="0" right="0" bottom="1840" width="1080" height="80" custom_class="PN_101_back" border="0" vertscrollbar_style="0" horzscrollbar_style="0" boxshadow_type="1" title_font="맑은 고딕,9,0,0,0,0">
				<tab_order order_option="0" order_info="192,214,193,884"/>
				<pushbutton control_id="192" name="btn_Home" x="14" y="5" right="866" bottom="5" width="200" height="70" style_class="0" custom_class="PB_101_home" text="처음으로" font="Noto Sans KR Medium,31.5,500,0,0,0" fore_color="000A0A0A" back_color="00FBFBFB" border="4" border_color="007A665E" border_radius="35,35,35,35" image_normal="/BIZ/101/01/PUB/home_bt_G.png" image_down="/BIZ/101/01/PUB/home_bt_G_o.png" image_vert_align="1" box_shadow_effect="0" horz_align="0" line_height="62" text_margin="40,0,0,0" hover_font="맑은 고딕,9,0,0,0,0" down_color_use="3" down_backcolor="006D574E" letter_spacing="-2.1px" version="1.1"/>
				<pushbutton control_id="193" name="btn_Call" x="866" y="5" right="14" bottom="5" width="200" height="70" style_class="0" custom_class="PB_101_call" text="직원호출" font="Noto Sans KR Medium,31.5,500,0,0,0" fore_color="00FFFFFF" back_color="00FBFBFB" border="4" border_color="000000D1" border_radius="35" image_normal="/BIZ/101/01/PUB/call_bt_R.png" image_down="/BIZ/101/01/PUB/call_bt_R_o.png" image_vert_align="1" box_shadow_effect="0" horz_align="0" line_height="62" text_margin="39,0,0,0" hover_font="맑은 고딕,9,0,0,0,0" down_color_use="3" down_backcolor="0011119C" letter_spacing="-2.1px" version="1.1"/>
				<pushbutton control_id="214" name="btn_Flag" x="758" y="5" right="252" bottom="5" width="70" height="70" style_class="0" custom_class="PB_101_selLanguage" text="" font="Noto Sans CJK KR,32,0,0,0,0" fore_color="000A0A0A" transparent="1" border="4" border_color="00E2E2E2" border_radius="44" image_normal="/BIZ/101/01/PUB/language_lound_bt.png" image_down="/BIZ/101/01/PUB/language_lound_kr_bt_o.png" box_shadow_effect="0" horz_align="2" line_height="62" text_margin="" text_wordellipsis="0" hover_font="맑은 고딕,9,0,0,0,0" down_color_use="2" down_forecolor="00F8F8F8" version="1.1"/>
				<pushbutton control_id="884" x="341" y="17" right="338" bottom="17" width="401" height="46" style_class="0" custom_class="PB_106_title" text="" font="맑은 고딕,9,0,0,0,0" transparent="1" border="4" image_normal="/BIZ/103/06/PUB/logo_train.png" imagesize="2" hover_font="맑은 고딕,9,0,0,0,0" version="1.1"/>
			</panel>
			<panel control_id="233" semantic_tag="0" x="0" y="80" right="0" bottom="1690" width="1080" height="150" custom_class="PN_101_bgG" back_color="00B4B4B4" back_image="/BIZ/101/01/PUB/bg_G_1080x150.png" back_imagesize="1" border="0" title_font="맑은 고딕,9,0,0,0,0">
				<tab_order order_option="0" order_info="891"/>
				<text control_id="217" autosize="0" x="44" y="78" right="894" bottom="10" width="142" height="62" custom_class="TX_101_stepDone" text="기본선택" font="Noto Sans KR Regular,31.5,0,0,0,0" fore_color="000A0A0A" back_color="00DFDDDC" transparent="1" horz_align="1" letter_spacing="-4.2px" version="1.1"/>
				<text control_id="218" autosize="0" x="259" y="78" right="679" bottom="10" width="142" height="62" custom_class="TX_101_step" text="옵션선택" font="Noto Sans KR Regular,31.5,0,0,0,0" fore_color="006C5E5A" back_color="00DFDDDC" transparent="1" horz_align="1" letter_spacing="-2.1px" version="1.1"/>
				<text control_id="219" autosize="0" x="469" y="78" right="469" bottom="10" width="142" height="62" custom_class="TX_101_step" text="내역확인" font="Noto Sans KR Regular,31.5,0,0,0,0" fore_color="006C5E5A" back_color="00DFDDDC" transparent="1" horz_align="1" letter_spacing="-4.2px" version="1.1"/>
				<text control_id="222" autosize="0" x="688" y="78" right="250" bottom="10" width="142" height="62" custom_class="TX_101_step" text="결제하기" font="Noto Sans KR Regular,31.5,0,0,0,0" fore_color="006C5E5A" back_color="00DFDDDC" transparent="1" horz_align="1" letter_spacing="-2.1px" version="1.1"/>
				<text control_id="223" autosize="0" x="940" y="78" right="64" bottom="10" width="76" height="62" custom_class="TX_101_step" text="완료" font="Noto Sans KR Regular,31.5,0,0,0,0" fore_color="006C5E5A" back_color="00DFDDDC" transparent="1" horz_align="1" letter_spacing="-2.1px" version="1.1"/>
				<panel control_id="891" semantic_tag="0" x="76" y="7" right="72" bottom="69" width="932" height="74" custom_class="PN_101_stepBar_1" back_color="00DFDFDF" transparent="1" back_image="/BIZ/101/01/PUB/comn_5step_B_bar_1.png" border="0" title_font="맑은 고딕,9,0,0,0,0"></panel>
			</panel>
			<text control_id="896" autosize="0" x="477" y="336" right="476" bottom="1495" width="127" height="89" custom_class="TX_101_contents" text="(4/6)" font="Noto Sans KR Bold,45,1,0,0,0" back_color="00F6F6F6" transparent="1" letter_spacing="-3px" version="1.1"/>
			<text control_id="897" autosize="0" x="267" y="427" right="267" bottom="1404" width="546" height="89" custom_class="TX_101_contents" text="&lt;font class=&quot;TX_101_subContents&quot; color=&quot;#1674D2&quot;&gt;열차종류&lt;/font&gt;를 선택하세요" font="Noto Sans CJK KR Bold,45,1,0,0,0" back_color="00F6F6F6" transparent="1" letter_spacing="-3px" version="1.1"/>
			<panel control_id="7" semantic_tag="0" x="0" y="1805" right="0" bottom="0" width="1080" height="115" custom_class="PN_101_back" border="0" boxshadow_type="1" title_font="맑은 고딕,9,0,0,0,0">
				<tab_order order_option="0" order_info="48,230"/>
				<pushbutton control_id="230" name="btn_Acc" x="866" y="18" right="14" bottom="17" width="200" height="80" style_class="0" custom_class="PB_101_access" text="접근성" font="Noto Sans KR,31.5,1,0,0,0" fore_color="00FFFFFF" transparent="1" border="4" border_color="00E2E2E2" border_radius="44" image_normal="/BIZ/101/01/PUB/lowsc_bt.png" image_down="/BIZ/101/01/PUB/lowsc_bt_o.png" box_shadow_effect="0" horz_align="0" line_height="62" text_margin="63,0,0,0" text_wordellipsis="0" hover_font="맑은 고딕,9,0,0,0,0" down_color_use="2" down_forecolor="00F8F8F8" letter_spacing="-2.1px" version="1.1"/>
				<pushbutton control_id="48" name="btn_Prev" x="14" y="18" right="851" bottom="17" width="215" height="80" style_class="0" custom_class="PB_101_Previous" text="이전" font="Noto Sans KR,31.5,1,0,0,0" fore_color="000A0A0A" transparent="1" border="4" border_color="00F6F6F6" border_radius="45" image_normal="/BIZ/101/01/PUB/back_bt.png" image_down="/BIZ/101/01/PUB/back_bt_o.png" image_vert_align="1" box_shadow_effect="0" line_height="62" hover_font="맑은 고딕,9,0,0,0,0" down_color_use="3" down_backcolor="0019AADE" letter_spacing="-2.1px" version="1.1"/>
			</panel>
			<panel control_id="892" semantic_tag="0" x="0" y="230" right="0" bottom="1615" width="1080" height="75" custom_class="PN_106_T" back_color="00373737" border_color="00373737" border_ex="0,1,00373737,,0,0-0-0-0,0,0,1,0,00FFFFFF,00E1E1E1^1,1,00373737,1^1,0,00373737,1^1,1,00373737,1^1,0,00373737,1" vertscrollbar_style="0" horzscrollbar_style="0" title_font="맑은 고딕,9,0,0,0,0">
				<text control_id="894" autosize="0" x="420" y="6" right="192" bottom="5" width="468" height="62" text="2024년 12월 10일 화요일" font="Noto Sans KR Regular,31.5,0,0,0,0" fore_color="00FFFFFF" back_color="00373737" transparent="1" version="1.1"/>
				<text control_id="895" autosize="0" x="912" y="-1" right="34" bottom="0" width="134" height="74" text="13:55" font="Noto Sans KR Bold,37.5,1,0,0,0" fore_color="00FFFFFF" back_color="00373737" transparent="1" version="1.1"/>
			</panel>
			<pushbutton control_id="1120" x="113" y="887" right="567" bottom="633" width="400" height="400" style_class="0" custom_class="PB_106_train" text="고속열차" font="Noto Sans CJK KR Bold,45,1,0,0,0" transparent="1" border="4" border_radius="25" image_normal="/BIZ/103/06/PUB/bin_Wline_bt_400x400.png" image_down="/BIZ/103/06/PUB/bin_Wline_bt_400x400_o.png" imagesize="1" horz_align="0" vert_align="0" text_margin="56,0,59,0" hover_font="맑은 고딕,9,0,0,0,0" letter_spacing="-3px" version="1.1"/>
			<pushbutton control_id="1121" x="568" y="887" right="112" bottom="633" width="400" height="400" style_class="0" custom_class="PB_106_train" text="전체열차" font="Noto Sans CJK KR Bold,45,1,0,0,0" transparent="1" border="4" border_radius="25" image_normal="/BIZ/103/06/PUB/bin_Wline_bt_400x400.png" image_down="/BIZ/103/06/PUB/bin_Wline_bt_400x400_o.png" imagesize="1" horz_align="0" vert_align="0" text_margin="56,0,59,0" hover_font="맑은 고딕,9,0,0,0,0" letter_spacing="-3px" version="1.1"/>
			<text control_id="1122" autosize="0" x="169" y="1054" right="671" bottom="804" width="240" height="62" custom_class="TX_101_contents" text="KTX, KTX-산천" font="Noto Sans KR Regular,31.5,0,0,0,0" transparent="1" letter_spacing="-2.1px" version="1.1"/>
			<text control_id="1124" autosize="0" x="624" y="1054" right="216" bottom="688" width="240" height="178" custom_class="TX_101_contents" text="KTX, KTX-산천, &#x0D;&#x0A;무궁화,&#x0D;&#x0A;ITX-새마을 열차" font="Noto Sans KR Regular,31.5,0,0,0,0" transparent="1" line_height="60" letter_spacing="-2.1px" version="1.1"/>
		</panel>
	</map>
</map_list>
