﻿<?xml version="1.0" encoding="UTF-8"?>
<map_list>
	<map>
		<screen version="2.0" scriptcode="java" title="무인발권기_인원" directory="/BIZ/103/06/" screenid="10306006" last_update_date="2024-11-05 13:38:07" width="1080" width_type="0" height="1920" height_type="0" canvas_width="1081" canvas_height="1921" on_load="eventfunc:screen_on_load()" funclist="screen_on_load"/>
		<panel control_id="881" semantic_tag="0" x="0" y="0" right="0" bottom="0" width="1080" height="1920" custom_class="PN_101_back" back_color="00F6F6F6" transparent="1" border="0" title_font="맑은 고딕,9,0,0,0,0">
			<tab_order order_option="0" order_info="6,233,892,261,977,992,1007,997,1008,1002,1009,170,114,1012,7"/>
			<panel control_id="233" semantic_tag="0" x="0" y="80" right="0" bottom="1690" width="1080" height="150" custom_class="PN_101_bgG" back_color="00B4B4B4" back_image="/BIZ/101/01/PUB/bg_G_1080x150.png" back_imagesize="1" border="0" title_font="맑은 고딕,9,0,0,0,0">
				<tab_order order_option="0" order_info="891"/>
				<text control_id="217" autosize="0" x="44" y="78" right="894" bottom="10" width="142" height="62" custom_class="TX_101_stepDone" text="기본선택" font="Noto Sans KR Regular,31.5,0,0,0,0" fore_color="000A0A0A" back_color="00DFDDDC" transparent="1" horz_align="1" letter_spacing="-4.2px" version="1.1"/>
				<text control_id="218" autosize="0" x="259" y="78" right="679" bottom="10" width="142" height="62" custom_class="TX_101_step" text="옵션선택" font="Noto Sans KR Regular,31.5,0,0,0,0" fore_color="006C5E5A" back_color="00DFDDDC" transparent="1" horz_align="1" letter_spacing="-2.1px" version="1.1"/>
				<text control_id="219" autosize="0" x="469" y="78" right="469" bottom="10" width="142" height="62" custom_class="TX_101_step" text="내역확인" font="Noto Sans KR Regular,31.5,0,0,0,0" fore_color="006C5E5A" back_color="00DFDDDC" transparent="1" horz_align="1" letter_spacing="-4.2px" version="1.1"/>
				<text control_id="222" autosize="0" x="688" y="78" right="250" bottom="10" width="142" height="62" custom_class="TX_101_step" text="결제하기" font="Noto Sans KR Regular,31.5,0,0,0,0" fore_color="006C5E5A" back_color="00DFDDDC" transparent="1" horz_align="1" letter_spacing="-2.1px" version="1.1"/>
				<text control_id="223" autosize="0" x="940" y="78" right="64" bottom="10" width="76" height="62" custom_class="TX_101_step" text="완료" font="Noto Sans KR Regular,31.5,0,0,0,0" fore_color="006C5E5A" back_color="00DFDDDC" transparent="1" horz_align="1" letter_spacing="-2.1px" version="1.1"/>
				<panel control_id="891" semantic_tag="0" x="76" y="7" right="72" bottom="69" width="932" height="74" custom_class="PN_101_stepBar_1" back_color="00DFDFDF" transparent="1" back_image="/BIZ/101/01/PUB/comn_5step_B_bar_1.png" border="0" title_font="맑은 고딕,9,0,0,0,0"></panel>
			</panel>
			<text control_id="896" autosize="0" x="477" y="336" right="465" bottom="1495" width="138" height="89" custom_class="TX_101_contents" text="(5/6)" font="Noto Sans KR Bold,45,1,0,0,0" back_color="00F6F6F6" transparent="1" version="1.1"/>
			<text control_id="897" autosize="0" x="299" y="427" right="298" bottom="1404" width="483" height="89" custom_class="TX_101_contents" text="&lt;font class=&quot;TX_101_subContents&quot; color=&quot;#1674D2&quot;&gt;인원&lt;/font&gt;을 선택하세요" font="Noto Sans KR Bold,45,1,0,0,0" back_color="00F6F6F6" transparent="1" version="1.1"/>
			<panel control_id="7" semantic_tag="0" x="0" y="1805" right="0" bottom="0" width="1080" height="115" custom_class="PN_101_back" border="0" boxshadow_type="1" title_font="맑은 고딕,9,0,0,0,0">
				<tab_order order_option="0" order_info="48,230"/>
				<pushbutton control_id="230" name="btn_Acc" x="866" y="18" right="14" bottom="17" width="200" height="80" style_class="0" custom_class="PB_101_access" text="접근성" font="Noto Sans KR,31.5,1,0,0,0" fore_color="00FFFFFF" transparent="1" border="4" border_color="00E2E2E2" border_radius="44" image_normal="/BIZ/101/01/PUB/lowsc_bt.png" image_down="/BIZ/101/01/PUB/lowsc_bt_o.png" box_shadow_effect="0" horz_align="0" line_height="62" text_margin="63,0,0,0" text_wordellipsis="0" hover_font="맑은 고딕,9,0,0,0,0" down_color_use="2" down_forecolor="00F8F8F8" letter_spacing="-2.1px" version="1.1"/>
				<pushbutton control_id="48" name="btn_Prev" x="14" y="18" right="851" bottom="17" width="215" height="80" style_class="0" custom_class="PB_101_Previous" text="이전" font="Noto Sans KR,31.5,1,0,0,0" fore_color="000A0A0A" transparent="1" border="4" border_color="00F6F6F6" border_radius="45" image_normal="/BIZ/101/01/PUB/back_bt.png" image_down="/BIZ/101/01/PUB/back_bt_o.png" image_vert_align="1" box_shadow_effect="0" line_height="62" hover_font="맑은 고딕,9,0,0,0,0" down_color_use="3" down_backcolor="0019AADE" letter_spacing="-2.1px" version="1.1"/>
			</panel>
			<panel control_id="261" semantic_tag="0" x="549" y="636" right="201" bottom="1172" width="330" height="112" custom_class="PN_106_box" transparent="1" back_image="/BIZ/103/06/PUB/menulist_numbox_bg.png" border="0" vertscrollbar_style="0" horzscrollbar_style="0" title_font="맑은 고딕,9,0,0,0,0">
				<tab_order order_option="0" order_info="141,143"/>
				<text control_id="264" autosize="0" x="151" y="15" right="150" bottom="23" width="29" height="74" custom_class="TX_101_contents" text="2" font="Noto Sans CJK KR Bold,37.5,1,0,0,0" fore_color="000A0A0A" transparent="1" line_height="74" version="1.1"/>
				<pushbutton control_id="141" x="7" y="6" right="223" bottom="3" width="100" height="103" style_class="0" custom_class="PB_106_minus" text="" font="Noto Sans CJK KR,35,1,0,0,0" fore_color="00FFFFFF" transparent="1" border="4" image_normal="/BIZ/103/06/PUB/minus_bt_100x100.png" image_down="/BIZ/103/06/PUB/minus_bt_100x100_o.png" box_shadow_effect="0" hover_font="Noto Sans CJK KR,35,1,0,0,0" down_color_use="1" down_forecolor="00F8F8F8" version="1.1"/>
				<pushbutton control_id="143" x="223" y="6" right="7" bottom="6" width="100" height="100" style_class="0" custom_class="PB_106_plus" text="" font="Noto Sans CJK KR,35,1,0,0,0" fore_color="00FFFFFF" transparent="1" border="4" image_normal="/BIZ/103/06/PUB/plus_bt_100x100.png" image_down="/BIZ/103/06/PUB/plus_bt_100x100_o.png" box_shadow_effect="0" hover_font="Noto Sans CJK KR,35,1,0,0,0" down_color_use="1" down_forecolor="00F8F8F8" version="1.1"/>
			</panel>
			<text control_id="991" autosize="0" x="210" y="660" right="612" bottom="1186" width="258" height="74" custom_class="TX_101_contents" text="성인·청소년" font="Noto Sans CJK KR Medium,37.5,500,0,0,0" fore_color="000A0A0A" back_color="00F6F6F6" transparent="1" version="1.1"/>
			<panel control_id="992" semantic_tag="0" x="549" y="813" right="201" bottom="995" width="330" height="112" custom_class="PN_106_box" transparent="1" back_image="/BIZ/103/06/PUB/menulist_numbox_bg.png" border="0" vertscrollbar_style="0" horzscrollbar_style="0" title_font="맑은 고딕,9,0,0,0,0">
				<tab_order order_option="0" order_info="994,995"/>
				<text control_id="993" autosize="0" x="151" y="15" right="150" bottom="23" width="29" height="74" custom_class="TX_101_contents" text="1" font="Noto Sans CJK KR Bold,37.5,1,0,0,0" fore_color="000A0A0A" transparent="1" line_height="74" version="1.1"/>
				<pushbutton control_id="994" x="7" y="6" right="223" bottom="3" width="100" height="103" style_class="0" custom_class="PB_106_minus" text="" font="Noto Sans CJK KR,35,1,0,0,0" fore_color="00FFFFFF" transparent="1" border="4" image_normal="/BIZ/103/06/PUB/minus_bt_100x100.png" image_down="/BIZ/103/06/PUB/minus_bt_100x100_o.png" box_shadow_effect="0" hover_font="Noto Sans CJK KR,35,1,0,0,0" down_color_use="1" down_forecolor="00F8F8F8" version="1.1"/>
				<pushbutton control_id="995" x="223" y="6" right="7" bottom="6" width="100" height="100" style_class="0" custom_class="PB_106_plus" text="" font="Noto Sans CJK KR,35,1,0,0,0" fore_color="00FFFFFF" transparent="1" border="4" image_normal="/BIZ/103/06/PUB/plus_bt_100x100.png" image_down="/BIZ/103/06/PUB/plus_bt_100x100_o.png" box_shadow_effect="0" hover_font="Noto Sans CJK KR,35,1,0,0,0" down_color_use="1" down_forecolor="00F8F8F8" version="1.1"/>
			</panel>
			<text control_id="996" autosize="0" x="210" y="827" right="612" bottom="1019" width="258" height="74" custom_class="TX_101_contents" text="어린이" font="Noto Sans CJK KR Medium,37.5,500,0,0,0" fore_color="000A0A0A" back_color="00F6F6F6" transparent="1" version="1.1"/>
			<panel control_id="997" semantic_tag="0" x="549" y="971" right="201" bottom="837" width="330" height="112" custom_class="PN_106_box" transparent="1" back_image="/BIZ/103/06/PUB/menulist_numbox_bg.png" border="0" vertscrollbar_style="0" horzscrollbar_style="0" title_font="맑은 고딕,9,0,0,0,0">
				<tab_order order_option="0" order_info="999,1000"/>
				<text control_id="998" autosize="0" x="151" y="15" right="150" bottom="23" width="29" height="74" custom_class="TX_101_contents" text="1" font="Noto Sans CJK KR Bold,37.5,1,0,0,0" fore_color="000A0A0A" transparent="1" line_height="74" version="1.1"/>
				<pushbutton control_id="999" x="7" y="6" right="223" bottom="3" width="100" height="103" style_class="0" custom_class="PB_106_minus" text="" font="Noto Sans CJK KR,35,1,0,0,0" fore_color="00FFFFFF" transparent="1" border="4" image_normal="/BIZ/103/06/PUB/minus_bt_100x100.png" image_down="/BIZ/103/06/PUB/minus_bt_100x100_o.png" box_shadow_effect="0" hover_font="Noto Sans CJK KR,35,1,0,0,0" down_color_use="1" down_forecolor="00F8F8F8" version="1.1"/>
				<pushbutton control_id="1000" x="223" y="6" right="7" bottom="6" width="100" height="100" style_class="0" custom_class="PB_106_plus" text="" font="Noto Sans CJK KR,35,1,0,0,0" fore_color="00FFFFFF" transparent="1" border="4" image_normal="/BIZ/103/06/PUB/plus_bt_100x100.png" image_down="/BIZ/103/06/PUB/plus_bt_100x100_o.png" box_shadow_effect="0" hover_font="Noto Sans CJK KR,35,1,0,0,0" down_color_use="1" down_forecolor="00F8F8F8" version="1.1"/>
			</panel>
			<text control_id="1001" autosize="0" x="210" y="991" right="612" bottom="855" width="258" height="74" custom_class="TX_101_contents" text="경로" font="Noto Sans CJK KR Medium,37.5,500,0,0,0" fore_color="000A0A0A" back_color="00F6F6F6" transparent="1" version="1.1"/>
			<panel control_id="1002" semantic_tag="0" x="549" y="1147" right="201" bottom="661" width="330" height="112" custom_class="PN_106_box" transparent="1" back_image="/BIZ/103/06/PUB/menulist_numbox_bg.png" border="0" vertscrollbar_style="0" horzscrollbar_style="0" title_font="맑은 고딕,9,0,0,0,0">
				<tab_order order_option="0" order_info="1004,1005"/>
				<text control_id="1003" autosize="0" x="151" y="14" right="150" bottom="24" width="29" height="74" custom_class="TX_101_contents" text="0" font="Noto Sans CJK KR Bold,37.5,1,0,0,0" fore_color="000A0A0A" transparent="1" line_height="74" version="1.1"/>
				<pushbutton control_id="1004" x="7" y="6" right="223" bottom="3" width="100" height="103" style_class="0" custom_class="PB_106_minus" text="" font="Noto Sans CJK KR,35,1,0,0,0" fore_color="00FFFFFF" transparent="1" border="4" image_normal="/BIZ/103/06/PUB/minus_bt_100x100.png" image_down="/BIZ/103/06/PUB/minus_bt_100x100_o.png" box_shadow_effect="0" hover_font="Noto Sans CJK KR,35,1,0,0,0" down_color_use="1" down_forecolor="00F8F8F8" version="1.1"/>
				<pushbutton control_id="1005" x="223" y="6" right="7" bottom="6" width="100" height="100" style_class="0" custom_class="PB_106_plus" text="" font="Noto Sans CJK KR,35,1,0,0,0" fore_color="00FFFFFF" transparent="1" border="4" image_normal="/BIZ/103/06/PUB/plus_bt_100x100.png" image_down="/BIZ/103/06/PUB/plus_bt_100x100_o.png" box_shadow_effect="0" hover_font="Noto Sans CJK KR,35,1,0,0,0" down_color_use="1" down_forecolor="00F8F8F8" version="1.1"/>
			</panel>
			<text control_id="1006" autosize="0" x="210" y="1162" right="612" bottom="684" width="258" height="74" custom_class="TX_101_contents" text="할인/무임" font="Noto Sans CJK KR Medium,37.5,500,0,0,0" fore_color="000A0A0A" back_color="00F6F6F6" transparent="1" version="1.1"/>
			<panel control_id="977" semantic_tag="0" x="214" y="785" right="201" bottom="1133" width="665" height="2" custom_class="TX_101_contents" border_color="00C2C2C2" border_ex="0,1,00C2C2C2,,0,0-0-0-0,0,0,1,0,00FFFFFF,00E1E1E1^1,1,00C2C2C2,1^1,0,00B4B4B4,1^1,0,00B4B4B4,1^1,0,00B4B4B4,1" title_font="맑은 고딕,9,0,0,0,0"></panel>
			<panel control_id="1007" semantic_tag="0" x="214" y="947" right="201" bottom="971" width="665" height="2" custom_class="TX_101_contents" border_color="00C2C2C2" border_ex="0,1,00C2C2C2,,0,0-0-0-0,0,0,1,0,00FFFFFF,00E1E1E1^1,1,00C2C2C2,1^1,0,00B4B4B4,1^1,0,00B4B4B4,1^1,0,00B4B4B4,1" title_font="맑은 고딕,9,0,0,0,0"></panel>
			<panel control_id="1008" semantic_tag="0" x="214" y="1111" right="201" bottom="807" width="665" height="2" custom_class="TX_101_contents" border_color="00C2C2C2" border_ex="0,1,00C2C2C2,,0,0-0-0-0,0,0,1,0,00FFFFFF,00E1E1E1^1,1,00C2C2C2,1^1,0,00B4B4B4,1^1,0,00B4B4B4,1^1,0,00B4B4B4,1" title_font="맑은 고딕,9,0,0,0,0"></panel>
			<panel control_id="1009" semantic_tag="0" x="0" y="1418" right="0" bottom="500" width="1080" height="2" border_color="00C2C2C2" border_ex="0,2,00C2C2C2,,0,0-0-0-0,0,0,1,0,00FFFFFF,00E1E1E1^1,2,00C2C2C2,1^1,0,00B4B4B4,1^1,0,00B4B4B4,1^1,0,00B4B4B4,1" title_font="맑은 고딕,9,0,0,0,0"></panel>
			<text control_id="1010" autosize="0" x="103" y="1485" right="829" bottom="373" width="148" height="62" custom_class="TX_101_contents" text="선택인원" font="Noto Sans CJK KR Medium,31.5,500,0,0,0" fore_color="000A0A0A" back_color="00F6F6F6" transparent="1" letter_spacing="-2.1px" version="1.1"/>
			<text control_id="1011" autosize="0" x="103" y="1667" right="858" bottom="191" width="119" height="62" custom_class="TX_101_subContents" text="총인원" font="Noto Sans CJK KR Medium,31.5,500,0,0,0" fore_color="00D27416" back_color="00F6F6F6" transparent="1" letter_spacing="-2.1px" version="1.1"/>
			<panel control_id="1012" semantic_tag="0" x="90" y="1608" right="396" bottom="311" width="594" height="1" border_color="00C2C2C2" border_ex="0,1,00C2C2C2,,0,0-0-0-0,0,0,1,0,00FFFFFF,00E1E1E1^1,1,00C2C2C2,1^1,0,00B4B4B4,1^1,0,00B4B4B4,1^1,0,00B4B4B4,1" title_font="맑은 고딕,9,0,0,0,0"></panel>
			<text control_id="1013" autosize="0" x="443" y="1454" right="378" bottom="342" width="259" height="124" custom_class="TX_101_contents" text="성인·청소년2, &#x0D;&#x0A;어린이1, 경로1" font="Noto Sans CJK KR Medium,31.5,500,0,0,0" fore_color="000A0A0A" back_color="00F6F6F6" transparent="1" letter_spacing="-2.1px" version="1.1"/>
			<text control_id="1014" autosize="0" x="595" y="1643" right="444" bottom="174" width="41" height="103" custom_class="TX_101_subContents" text="4" font="Noto Sans CJK KR Bold,52.5,1,0,0,0" fore_color="00D27416" back_color="00F6F6F6" transparent="1" letter_spacing="-3.5px" version="1.1"/>
			<text control_id="1015" autosize="0" x="650" y="1667" right="391" bottom="191" width="39" height="62" custom_class="TX_101_subContents" text="명" font="Noto Sans CJK KR Medium,31.5,500,0,0,0" fore_color="00D27416" back_color="00F6F6F6" transparent="1" letter_spacing="-2.1px" version="1.1"/>
			<pushbutton control_id="114" x="810" y="1566" right="20" bottom="138" width="250" height="216" style_class="0" custom_class="PB_106_ord" text="선택완료" font="Noto Sans KR Medium,35.3,500,0,0,0" fore_color="00FFFFFF" back_color="00F2F2F2" transparent="1" border="4" border_radius="15" image_normal="/BIZ/103/06/PUB/bin_bt_B_250x216.png" image_down="/BIZ/103/06/PUB/bin_bt_B_250x216_o.png" box_shadow_effect="0" line_height="70" hover_font="Noto Sans CJK KR,35,1,0,0,0" down_color_use="1" down_forecolor="00F8F8F8" down_backcolor="00F2F2F2" version="1.1"/>
			<pushbutton control_id="170" x="810" y="1446" right="20" bottom="369" width="250" height="105" style_class="0" custom_class="PB_106_can" text="취소" font="Noto Sans KR Medium,35.3,500,0,0,0" fore_color="00FFFFFF" back_color="00F2F2F2" transparent="1" border="4" border_radius="15" image_normal="/BIZ/103/06/PUB/bin_bt_G_250x105.png" image_down="/BIZ/103/06/PUB/bin_bt_G_250x100_o.png" box_shadow_effect="0" line_height="70" hover_font="Noto Sans CJK KR,35,1,0,0,0" down_color_use="1" down_forecolor="00F8F8F8" down_backcolor="00F2F2F2" version="1.1"/>
			<panel control_id="6" semantic_tag="0" x="0" y="0" right="0" bottom="1840" width="1080" height="80" custom_class="PN_101_back" border="0" vertscrollbar_style="0" horzscrollbar_style="0" boxshadow_type="1" title_font="맑은 고딕,9,0,0,0,0">
				<tab_order order_option="0" order_info="192,214,193,884"/>
				<pushbutton control_id="192" name="btn_Home" x="14" y="5" right="866" bottom="5" width="200" height="70" style_class="0" custom_class="PB_101_home" text="처음으로" font="Noto Sans KR Medium,31.5,500,0,0,0" fore_color="000A0A0A" back_color="00FBFBFB" border="4" border_color="007A665E" border_radius="35,35,35,35" image_normal="/BIZ/101/01/PUB/home_bt_G.png" image_down="/BIZ/101/01/PUB/home_bt_G_o.png" image_vert_align="1" box_shadow_effect="0" horz_align="0" line_height="62" text_margin="40,0,0,0" hover_font="맑은 고딕,9,0,0,0,0" down_color_use="3" down_backcolor="006D574E" letter_spacing="-2.1px" version="1.1"/>
				<pushbutton control_id="193" name="btn_Call" x="866" y="5" right="14" bottom="5" width="200" height="70" style_class="0" custom_class="PB_101_call" text="직원호출" font="Noto Sans KR Medium,31.5,500,0,0,0" fore_color="00FFFFFF" back_color="00FBFBFB" border="4" border_color="000000D1" border_radius="35" image_normal="/BIZ/101/01/PUB/call_bt_R.png" image_down="/BIZ/101/01/PUB/call_bt_R_o.png" image_vert_align="1" box_shadow_effect="0" horz_align="0" line_height="62" text_margin="39,0,0,0" hover_font="맑은 고딕,9,0,0,0,0" down_color_use="3" down_backcolor="0011119C" letter_spacing="-2.1px" version="1.1"/>
				<pushbutton control_id="214" name="btn_Flag" x="758" y="5" right="252" bottom="5" width="70" height="70" style_class="0" custom_class="PB_101_selLanguage" text="" font="Noto Sans CJK KR,32,0,0,0,0" fore_color="000A0A0A" transparent="1" border="4" border_color="00E2E2E2" border_radius="44" image_normal="/BIZ/101/01/PUB/language_lound_bt.png" image_down="/BIZ/101/01/PUB/language_lound_kr_bt_o.png" box_shadow_effect="0" horz_align="2" line_height="62" text_margin="" text_wordellipsis="0" hover_font="맑은 고딕,9,0,0,0,0" down_color_use="2" down_forecolor="00F8F8F8" version="1.1"/>
				<pushbutton control_id="884" x="341" y="17" right="338" bottom="17" width="401" height="46" style_class="0" custom_class="PB_106_title" text="" font="맑은 고딕,9,0,0,0,0" transparent="1" border="4" image_normal="/BIZ/103/06/PUB/logo_train.png" imagesize="2" hover_font="맑은 고딕,9,0,0,0,0" version="1.1"/>
			</panel>
			<panel control_id="892" semantic_tag="0" x="0" y="230" right="0" bottom="1615" width="1080" height="75" custom_class="PN_106_T" back_color="00373737" border_color="00373737" border_ex="0,1,00373737,,0,0-0-0-0,0,0,1,0,00FFFFFF,00E1E1E1^1,1,00373737,1^1,0,00373737,1^1,1,00373737,1^1,0,00373737,1" vertscrollbar_style="0" horzscrollbar_style="0" title_font="맑은 고딕,9,0,0,0,0">
				<text control_id="894" autosize="0" x="420" y="6" right="192" bottom="5" width="468" height="62" text="2024년 12월 10일 화요일" font="Noto Sans KR Regular,31.5,0,0,0,0" fore_color="00FFFFFF" back_color="00373737" transparent="1" version="1.1"/>
				<text control_id="895" autosize="0" x="912" y="-1" right="34" bottom="0" width="134" height="74" text="13:55" font="Noto Sans KR Bold,37.5,1,0,0,0" fore_color="00FFFFFF" back_color="00373737" transparent="1" version="1.1"/>
			</panel>
		</panel>
	</map>
</map_list>
