﻿<?xml version="1.0" encoding="UTF-8"?>
<map_list>
	<map>
		<screen version="2.0" scriptcode="java" title="무인발권기_도착지" directory="/BIZ/103/06/" screenid="10306002" last_update_date="2024-11-05 13:30:10" width="1080" width_type="0" height="1920" height_type="0" canvas_height="2120" funclist=""/>
		<panel control_id="942" semantic_tag="0" x="0" y="0" right="0" bottom="0" width="1080" height="1920" custom_class="PN_101_back" border="0" title_font="맑은 고딕,9,0,0,0,0">
			<tab_order order_option="0" order_info="6,233,892,898,922,929,932,934,936,938,940,931,933,935,937,939,941,7"/>
			<panel control_id="233" semantic_tag="0" x="0" y="80" right="0" bottom="1690" width="1080" height="150" custom_class="PN_101_bgG" back_color="00B4B4B4" back_image="/BIZ/101/01/PUB/bg_G_1080x150.png" back_imagesize="1" border="0" vertscrollbar_style="0" horzscrollbar_style="0" title_font="맑은 고딕,9,0,0,0,0">
				<tab_order order_option="0" order_info="891"/>
				<text control_id="217" autosize="0" x="44" y="78" right="894" bottom="10" width="142" height="62" custom_class="TX_101_stepDone" text="기본선택" font="Noto Sans KR Regular,31.5,0,0,0,0" fore_color="000A0A0A" back_color="00DFDDDC" transparent="1" horz_align="1" letter_spacing="-4.2px" version="1.1"/>
				<text control_id="218" autosize="0" x="259" y="78" right="679" bottom="10" width="142" height="62" custom_class="TX_101_step" text="옵션선택" font="Noto Sans KR Regular,31.5,0,0,0,0" fore_color="006C5E5A" back_color="00DFDDDC" transparent="1" horz_align="1" letter_spacing="-2.1px" version="1.1"/>
				<text control_id="219" autosize="0" x="469" y="78" right="469" bottom="10" width="142" height="62" custom_class="TX_101_step" text="내역확인" font="Noto Sans KR Regular,31.5,0,0,0,0" fore_color="006C5E5A" back_color="00DFDDDC" transparent="1" horz_align="1" letter_spacing="-4.2px" version="1.1"/>
				<text control_id="222" autosize="0" x="688" y="78" right="250" bottom="10" width="142" height="62" custom_class="TX_101_step" text="결제하기" font="Noto Sans KR Regular,31.5,0,0,0,0" fore_color="006C5E5A" back_color="00DFDDDC" transparent="1" horz_align="1" letter_spacing="-2.1px" version="1.1"/>
				<text control_id="223" autosize="0" x="940" y="78" right="64" bottom="10" width="76" height="62" custom_class="TX_101_step" text="완료" font="Noto Sans KR Regular,31.5,0,0,0,0" fore_color="006C5E5A" back_color="00DFDDDC" transparent="1" horz_align="1" letter_spacing="-2.1px" version="1.1"/>
				<panel control_id="891" semantic_tag="0" x="76" y="7" right="72" bottom="69" width="932" height="74" custom_class="PN_101_stepBar_1" back_color="00DFDFDF" transparent="1" back_image="/BIZ/101/01/PUB/comn_5step_B_bar_1.png" border="0" title_font="맑은 고딕,9,0,0,0,0"></panel>
			</panel>
			<panel control_id="892" semantic_tag="0" x="0" y="230" right="0" bottom="1615" width="1080" height="75" custom_class="PN_106_T" back_color="00373737" border_color="00373737" border_ex="0,1,00373737,,0,0-0-0-0,0,0,1,0,00FFFFFF,00E1E1E1^1,1,00373737,1^1,0,00373737,1^1,1,00373737,1^1,0,00373737,1" vertscrollbar_style="0" horzscrollbar_style="0" title_font="맑은 고딕,9,0,0,0,0">
				<text control_id="894" autosize="0" x="420" y="6" right="192" bottom="5" width="468" height="62" text="2024년 12월 10일 화요일" font="Noto Sans KR Regular,31.5,0,0,0,0" fore_color="00FFFFFF" back_color="00373737" transparent="1" version="1.1"/>
				<text control_id="895" autosize="0" x="912" y="-1" right="34" bottom="0" width="134" height="74" text="13:55" font="Noto Sans KR Bold,37.5,1,0,0,0" fore_color="00FFFFFF" back_color="00373737" transparent="1" version="1.1"/>
			</panel>
			<text control_id="896" autosize="0" x="479" y="336" right="463" bottom="1495" width="138" height="89" custom_class="TX_101_contents" text="(1/6)" font="Noto Sans CJK KR Bold,45,1,0,0,0" transparent="1" version="1.1"/>
			<text control_id="897" autosize="0" x="301" y="427" right="296" bottom="1404" width="483" height="89" custom_class="TX_101_contents" text="&lt;font class=&quot;TX_101_subContents&quot; color=&quot;#1674D2&quot;&gt;도착지&lt;/font&gt;를 선택하세요" font="Noto Sans KR Bold,45,1,0,0,0" transparent="1" version="1.1"/>
			<panel control_id="898" semantic_tag="0" x="0" y="550" right="0" bottom="491" width="1080" height="879" custom_class="PN_106_G" back_color="00DAD6D2" border="0" title_font="맑은 고딕,9,0,0,0,0">
				<tab_order order_option="0" order_info="899,904,909,914,900,905,910,915,901,906,911,916,902,907,912,917,903,908,913,918,920,921"/>
				<pushbutton control_id="899" x="71" y="45" right="784" bottom="714" width="225" height="120" style_class="0" custom_class="PB_106_des" text="가남" font="Noto Sans KR Medium,31.5,500,0,0,0" fore_color="000A0A0A" back_color="00DAD6D2" transparent="1" border="4" border_radius="15" image_normal="/BIZ/103/06/PUB/bin_bt_W_225x120.png" image_down="/BIZ/103/06/PUB/bin_bt_W_225x120_o.png" imagesize="1" box_shadow_effect="0" hover_font="맑은 고딕,9,0,0,0,0" letter_spacing="-2.1px" version="1.1"/>
				<pushbutton control_id="900" x="71" y="184" right="784" bottom="575" width="225" height="120" style_class="0" custom_class="PB_106_des" text="강경" font="Noto Sans KR Medium,31.5,500,0,0,0" fore_color="000A0A0A" back_color="00DAD6D2" transparent="1" border="4" border_radius="15" image_normal="/BIZ/103/06/PUB/bin_bt_W_225x120.png" image_down="/BIZ/103/06/PUB/bin_bt_W_225x120_o.png" imagesize="1" box_shadow_effect="0" hover_font="맑은 고딕,9,0,0,0,0" letter_spacing="-2.1px" version="1.1"/>
				<pushbutton control_id="901" x="71" y="322" right="784" bottom="437" width="225" height="120" style_class="0" custom_class="PB_106_des" text="개포" font="Noto Sans KR Medium,31.5,500,0,0,0" fore_color="000A0A0A" back_color="00DAD6D2" transparent="1" border="4" border_radius="15" image_normal="/BIZ/103/06/PUB/bin_bt_W_225x120.png" image_down="/BIZ/103/06/PUB/bin_bt_W_225x120_o.png" imagesize="1" box_shadow_effect="0" hover_font="맑은 고딕,9,0,0,0,0" letter_spacing="-2.1px" version="1.1"/>
				<pushbutton control_id="902" x="71" y="461" right="784" bottom="298" width="225" height="120" style_class="0" custom_class="PB_106_des" text="고환" font="Noto Sans KR Medium,31.5,500,0,0,0" fore_color="000A0A0A" back_color="00DAD6D2" transparent="1" border="4" border_radius="15" image_normal="/BIZ/103/06/PUB/bin_bt_W_225x120.png" image_down="/BIZ/103/06/PUB/bin_bt_W_225x120_o.png" imagesize="1" box_shadow_effect="0" hover_font="맑은 고딕,9,0,0,0,0" letter_spacing="-2.1px" version="1.1"/>
				<pushbutton control_id="903" x="71" y="599" right="784" bottom="160" width="225" height="120" style_class="0" custom_class="PB_106_des" text="광양" font="Noto Sans KR Medium,31.5,500,0,0,0" fore_color="000A0A0A" back_color="00DAD6D2" transparent="1" border="4" border_radius="15" image_normal="/BIZ/103/06/PUB/bin_bt_W_225x120.png" image_down="/BIZ/103/06/PUB/bin_bt_W_225x120_o.png" imagesize="1" box_shadow_effect="0" hover_font="맑은 고딕,9,0,0,0,0" letter_spacing="-2.1px" version="1.1"/>
				<pushbutton control_id="904" x="316" y="45" right="539" bottom="714" width="225" height="120" style_class="0" custom_class="PB_106_des" text="가평" font="Noto Sans KR Medium,31.5,500,0,0,0" fore_color="000A0A0A" back_color="00DAD6D2" transparent="1" border="4" border_radius="15" image_normal="/BIZ/103/06/PUB/bin_bt_W_225x120.png" image_down="/BIZ/103/06/PUB/bin_bt_W_225x120_o.png" imagesize="1" box_shadow_effect="0" hover_font="맑은 고딕,9,0,0,0,0" letter_spacing="-2.1px" version="1.1"/>
				<pushbutton control_id="905" x="316" y="184" right="539" bottom="575" width="225" height="120" style_class="0" custom_class="PB_106_des" text="강구" font="Noto Sans KR Medium,31.5,500,0,0,0" fore_color="000A0A0A" back_color="00DAD6D2" transparent="1" border="4" border_radius="15" image_normal="/BIZ/103/06/PUB/bin_bt_W_225x120.png" image_down="/BIZ/103/06/PUB/bin_bt_W_225x120_o.png" imagesize="1" box_shadow_effect="0" hover_font="맑은 고딕,9,0,0,0,0" letter_spacing="-2.1px" version="1.1"/>
				<pushbutton control_id="906" x="316" y="322" right="539" bottom="437" width="225" height="120" style_class="0" custom_class="PB_106_des" text="경산" font="Noto Sans KR Medium,31.5,500,0,0,0" fore_color="000A0A0A" back_color="00DAD6D2" transparent="1" border="4" border_radius="15" image_normal="/BIZ/103/06/PUB/bin_bt_W_225x120.png" image_down="/BIZ/103/06/PUB/bin_bt_W_225x120_o.png" imagesize="1" box_shadow_effect="0" hover_font="맑은 고딕,9,0,0,0,0" letter_spacing="-2.1px" version="1.1"/>
				<pushbutton control_id="907" x="316" y="461" right="539" bottom="298" width="225" height="120" style_class="0" custom_class="PB_106_des" text="곡성" font="Noto Sans KR Medium,31.5,500,0,0,0" fore_color="000A0A0A" back_color="00DAD6D2" transparent="1" border="4" border_radius="15" image_normal="/BIZ/103/06/PUB/bin_bt_W_225x120.png" image_down="/BIZ/103/06/PUB/bin_bt_W_225x120_o.png" imagesize="1" box_shadow_effect="0" hover_font="맑은 고딕,9,0,0,0,0" letter_spacing="-2.1px" version="1.1"/>
				<pushbutton control_id="908" x="316" y="599" right="539" bottom="160" width="225" height="120" style_class="0" custom_class="PB_106_des" text="광주" font="Noto Sans KR Medium,31.5,500,0,0,0" fore_color="000A0A0A" back_color="00DAD6D2" transparent="1" border="4" border_radius="15" image_normal="/BIZ/103/06/PUB/bin_bt_W_225x120.png" image_down="/BIZ/103/06/PUB/bin_bt_W_225x120_o.png" imagesize="1" box_shadow_effect="0" hover_font="맑은 고딕,9,0,0,0,0" letter_spacing="-2.1px" version="1.1"/>
				<pushbutton control_id="909" x="563" y="45" right="292" bottom="714" width="225" height="120" style_class="0" custom_class="PB_106_des" text="각계" font="Noto Sans KR Medium,31.5,500,0,0,0" fore_color="000A0A0A" back_color="00DAD6D2" transparent="1" border="4" border_radius="15" image_normal="/BIZ/103/06/PUB/bin_bt_W_225x120.png" image_down="/BIZ/103/06/PUB/bin_bt_W_225x120_o.png" imagesize="1" box_shadow_effect="0" hover_font="맑은 고딕,9,0,0,0,0" letter_spacing="-2.1px" version="1.1"/>
				<pushbutton control_id="910" x="563" y="184" right="292" bottom="575" width="225" height="120" style_class="0" custom_class="PB_106_des" text="강릉" font="Noto Sans KR Medium,31.5,500,0,0,0" fore_color="000A0A0A" back_color="00DAD6D2" transparent="1" border="4" border_radius="15" image_normal="/BIZ/103/06/PUB/bin_bt_W_225x120.png" image_down="/BIZ/103/06/PUB/bin_bt_W_225x120_o.png" imagesize="1" box_shadow_effect="0" hover_font="맑은 고딕,9,0,0,0,0" letter_spacing="-2.1px" version="1.1"/>
				<pushbutton control_id="911" x="563" y="322" right="292" bottom="437" width="225" height="120" style_class="0" custom_class="PB_106_des" text="경주" font="Noto Sans KR Medium,31.5,500,0,0,0" fore_color="000A0A0A" back_color="00DAD6D2" transparent="1" border="4" border_radius="15" image_normal="/BIZ/103/06/PUB/bin_bt_W_225x120.png" image_down="/BIZ/103/06/PUB/bin_bt_W_225x120_o.png" imagesize="1" box_shadow_effect="0" hover_font="맑은 고딕,9,0,0,0,0" letter_spacing="-2.1px" version="1.1"/>
				<pushbutton control_id="912" x="563" y="461" right="292" bottom="298" width="225" height="120" style_class="0" custom_class="PB_106_des" text="공주" font="Noto Sans KR Medium,31.5,500,0,0,0" fore_color="000A0A0A" back_color="00DAD6D2" transparent="1" border="4" border_radius="15" image_normal="/BIZ/103/06/PUB/bin_bt_W_225x120.png" image_down="/BIZ/103/06/PUB/bin_bt_W_225x120_o.png" imagesize="1" box_shadow_effect="0" hover_font="맑은 고딕,9,0,0,0,0" letter_spacing="-2.1px" version="1.1"/>
				<pushbutton control_id="913" x="563" y="599" right="292" bottom="160" width="225" height="120" style_class="0" custom_class="PB_106_des" text="광주송정" font="Noto Sans KR Medium,31.5,500,0,0,0" fore_color="000A0A0A" back_color="00DAD6D2" transparent="1" border="4" border_radius="15" image_normal="/BIZ/103/06/PUB/bin_bt_W_225x120.png" image_down="/BIZ/103/06/PUB/bin_bt_W_225x120_o.png" imagesize="1" box_shadow_effect="0" hover_font="맑은 고딕,9,0,0,0,0" letter_spacing="-2.1px" version="1.1"/>
				<pushbutton control_id="914" x="808" y="45" right="47" bottom="714" width="225" height="120" style_class="0" custom_class="PB_106_des" text="감곡장호원" font="Noto Sans KR Medium,31.5,500,0,0,0" fore_color="000A0A0A" back_color="00DAD6D2" transparent="1" border="4" border_radius="15" image_normal="/BIZ/103/06/PUB/bin_bt_W_225x120.png" image_down="/BIZ/103/06/PUB/bin_bt_W_225x120_o.png" imagesize="1" box_shadow_effect="0" hover_font="맑은 고딕,9,0,0,0,0" letter_spacing="-2.1px" version="1.1"/>
				<pushbutton control_id="915" x="808" y="184" right="47" bottom="575" width="225" height="120" style_class="0" custom_class="PB_106_des" text="강촌" font="Noto Sans KR Medium,31.5,500,0,0,0" fore_color="000A0A0A" back_color="00DAD6D2" transparent="1" border="4" border_radius="15" image_normal="/BIZ/103/06/PUB/bin_bt_W_225x120.png" image_down="/BIZ/103/06/PUB/bin_bt_W_225x120_o.png" imagesize="1" box_shadow_effect="0" hover_font="맑은 고딕,9,0,0,0,0" letter_spacing="-2.1px" version="1.1"/>
				<pushbutton control_id="916" x="808" y="322" right="47" bottom="437" width="225" height="120" style_class="0" custom_class="PB_106_des" text="계룡" font="Noto Sans KR Medium,31.5,500,0,0,0" fore_color="000A0A0A" back_color="00DAD6D2" transparent="1" border="4" border_radius="15" image_normal="/BIZ/103/06/PUB/bin_bt_W_225x120.png" image_down="/BIZ/103/06/PUB/bin_bt_W_225x120_o.png" imagesize="1" box_shadow_effect="0" hover_font="맑은 고딕,9,0,0,0,0" letter_spacing="-2.1px" version="1.1"/>
				<pushbutton control_id="917" x="808" y="461" right="47" bottom="298" width="225" height="120" style_class="0" custom_class="PB_106_des" text="광명" font="Noto Sans KR Medium,31.5,500,0,0,0" fore_color="000A0A0A" back_color="00DAD6D2" transparent="1" border="4" border_radius="15" image_normal="/BIZ/103/06/PUB/bin_bt_W_225x120.png" image_down="/BIZ/103/06/PUB/bin_bt_W_225x120_o.png" imagesize="1" box_shadow_effect="0" hover_font="맑은 고딕,9,0,0,0,0" letter_spacing="-2.1px" version="1.1"/>
				<pushbutton control_id="918" x="808" y="599" right="47" bottom="160" width="225" height="120" style_class="0" custom_class="PB_106_des" text="광천" font="Noto Sans KR Medium,31.5,500,0,0,0" fore_color="000A0A0A" back_color="00DAD6D2" transparent="1" border="4" border_radius="15" image_normal="/BIZ/103/06/PUB/bin_bt_W_225x120.png" image_down="/BIZ/103/06/PUB/bin_bt_W_225x120_o.png" imagesize="1" box_shadow_effect="0" hover_font="맑은 고딕,9,0,0,0,0" letter_spacing="-2.1px" version="1.1"/>
				<pushbutton control_id="920" x="183" y="766" right="622" bottom="33" width="275" height="80" style_class="0" custom_class="PB_106_pre" text="이전페이지" font="Noto Sans KR Medium,31.5,500,0,0,0" fore_color="000A0A0A" back_color="00DAD6D2" transparent="1" border="4" border_radius="15" image_normal="/BIZ/103/06/PUB/pre_bt_G_275x80.png" image_down="/BIZ/103/06/PUB/pre_bt_G_275x80_o-1.png" imagesize="2" box_shadow_effect="0" text_margin="58,0,0,0" hover_font="맑은 고딕,9,0,0,0,0" letter_spacing="-2.1px" version="1.1"/>
				<pushbutton control_id="921" x="628" y="766" right="177" bottom="33" width="275" height="80" style_class="0" custom_class="PB_106_next" text="다음페이지" font="Noto Sans KR Medium,31.5,500,0,0,0" fore_color="000A0A0A" back_color="00DAD6D2" transparent="1" border="4" border_radius="15" image_normal="/BIZ/103/06/PUB/next_bt_W__275x80.png" image_down="/BIZ/103/06/PUB/next_bt_G_275x80_o.png" imagesize="2" box_shadow_effect="0" text_margin="0,57,0,0" hover_font="맑은 고딕,9,0,0,0,0" letter_spacing="-2.1px" version="1.1"/>
				<text control_id="889" autosize="0" x="502" y="776" right="499" bottom="41" width="79" height="62" custom_class="TX_101_contents" text="&lt;font class=&quot;TX_101_subContents&quot; color=&quot;#1674D2&quot;&gt;1 &lt;/font&gt;/ 3" font="Noto Sans KR Medium,31.5,500,0,0,0" transparent="1" version="1.1"/>
			</panel>
			<panel control_id="922" semantic_tag="0" x="70" y="1445" right="70" bottom="380" width="940" height="95" custom_class="TX_101_contents PN_101_back PN_106_num" transparent="1" back_image="/BIZ/103/06/PUB/num_box_940x95.png" back_imagesize="1" border="0" border_radius="15" title_font="맑은 고딕,9,0,0,0,0">
				<tab_order order_option="0" order_info="928"/>
				<text control_id="923" autosize="0" x="46" y="16" right="628" bottom="17" width="266" height="62" custom_class="TX_101_contents" text="초성 검색 예시" font="Noto Sans KR Medium,31.5,500,0,0,0" fore_color="000A0A0A" transparent="1" version="1.1"/>
				<text control_id="924" autosize="0" x="347" y="16" right="507" bottom="17" width="86" height="62" custom_class="TX_101_contents" text="서울" font="Noto Sans KR Bold,31.5,1,0,0,0" fore_color="000A0A0A" transparent="1" version="1.1"/>
				<text control_id="925" autosize="0" x="461" y="32" right="436" bottom="30" width="43" height="33" custom_class="TX_101_contents" text="" font="Noto Sans KR Bold,31.5,1,0,0,0" fore_color="000A0A0A" transparent="1" back_image="/BIZ/103/06/PUB/ico_arrow.png" back_imagesize="2" version="1.1"/>
				<text control_id="926" autosize="0" x="522" y="16" right="256" bottom="17" width="162" height="62" custom_class="TX_105_R" text="&quot; ㅅ,ㅇ &quot;" font="Noto Sans CJK KR Black,31.5,900,0,0,0" fore_color="000000B5" transparent="1" version="1.1"/>
				<pushbutton control_id="928" x="718" y="15" right="22" bottom="15" width="200" height="65" style_class="0" custom_class="PB_106_clear" text="지우기" font="Noto Sans KR Bold,31.5,1,0,0,0" fore_color="000A0A0A" back_color="00DAD6D2" transparent="1" border="4" image_normal="/BIZ/103/06/PUB/key_del_bt_G_200x65.png" image_down="/BIZ/103/06/PUB/key_del_bt_G_200x65_o.png" imagesize="2" box_shadow_effect="0" text_margin="30,0,0,0" hover_font="맑은 고딕,9,0,0,0,0" letter_spacing="-2.1px" version="1.1"/>
			</panel>
			<pushbutton control_id="929" x="213" y="1584" right="767" bottom="256" width="100" height="80" style_class="0" custom_class="PB_106_ini" text="ㄱ,ㄲ" font="Noto Sans KR Medium,31.5,500,0,0,0" fore_color="000A0A0A" back_color="00DAD6D2" transparent="1" border="4" image_normal="/BIZ/103/06/PUB/num_bt_W_80x100.png" image_down="/BIZ/103/06/PUB/num_bt_W_80x100_o.png" imagesize="2" box_shadow_effect="0" hover_font="맑은 고딕,9,0,0,0,0" letter_spacing="-4.2px" version="1.1"/>
			<pushbutton control_id="931" x="213" y="1679" right="767" bottom="161" width="100" height="80" style_class="0" custom_class="PB_106_ini" text="ㅅ,ㅆ" font="Noto Sans KR Medium,31.5,500,0,0,0" fore_color="000A0A0A" back_color="00DAD6D2" transparent="1" border="4" image_normal="/BIZ/103/06/PUB/num_bt_W_80x100.png" image_down="/BIZ/103/06/PUB/num_bt_W_80x100_o.png" imagesize="2" box_shadow_effect="0" hover_font="맑은 고딕,9,0,0,0,0" letter_spacing="-4.2px" version="1.1"/>
			<pushbutton control_id="932" x="328" y="1584" right="652" bottom="256" width="100" height="80" style_class="0" custom_class="PB_106_ini" text="ㄴ" font="Noto Sans KR Medium,31.5,500,0,0,0" fore_color="000A0A0A" back_color="00DAD6D2" transparent="1" border="4" image_normal="/BIZ/103/06/PUB/num_bt_W_80x100.png" image_down="/BIZ/103/06/PUB/num_bt_W_80x100_o.png" imagesize="2" box_shadow_effect="0" hover_font="맑은 고딕,9,0,0,0,0" letter_spacing="-4.2px" version="1.1"/>
			<pushbutton control_id="933" x="328" y="1679" right="652" bottom="161" width="100" height="80" style_class="0" custom_class="PB_106_ini" text="ㅇ" font="Noto Sans KR Medium,31.5,500,0,0,0" fore_color="000A0A0A" back_color="00DAD6D2" transparent="1" border="4" image_normal="/BIZ/103/06/PUB/num_bt_W_80x100.png" image_down="/BIZ/103/06/PUB/num_bt_W_80x100_o.png" imagesize="2" box_shadow_effect="0" hover_font="맑은 고딕,9,0,0,0,0" letter_spacing="-4.2px" version="1.1"/>
			<pushbutton control_id="934" x="443" y="1584" right="537" bottom="256" width="100" height="80" style_class="0" custom_class="PB_106_ini" text="ㄷ,ㄸ" font="Noto Sans KR Medium,31.5,500,0,0,0" fore_color="000A0A0A" back_color="00DAD6D2" transparent="1" border="4" image_normal="/BIZ/103/06/PUB/num_bt_W_80x100.png" image_down="/BIZ/103/06/PUB/num_bt_W_80x100_o.png" imagesize="2" box_shadow_effect="0" hover_font="맑은 고딕,9,0,0,0,0" letter_spacing="-4.2px" version="1.1"/>
			<pushbutton control_id="935" x="443" y="1679" right="537" bottom="161" width="100" height="80" style_class="0" custom_class="PB_106_ini" text="ㅈ,ㅉ" font="Noto Sans KR Medium,31.5,500,0,0,0" fore_color="000A0A0A" back_color="00DAD6D2" transparent="1" border="4" image_normal="/BIZ/103/06/PUB/num_bt_W_80x100.png" image_down="/BIZ/103/06/PUB/num_bt_W_80x100_o.png" imagesize="2" box_shadow_effect="0" hover_font="맑은 고딕,9,0,0,0,0" letter_spacing="-4.2px" version="1.1"/>
			<pushbutton control_id="936" x="558" y="1584" right="422" bottom="256" width="100" height="80" style_class="0" custom_class="PB_106_ini" text="ㄹ,ㅁ" font="Noto Sans KR Medium,31.5,500,0,0,0" fore_color="000A0A0A" back_color="00DAD6D2" transparent="1" border="4" image_normal="/BIZ/103/06/PUB/num_bt_W_80x100.png" image_down="/BIZ/103/06/PUB/num_bt_W_80x100_o.png" imagesize="2" box_shadow_effect="0" hover_font="맑은 고딕,9,0,0,0,0" letter_spacing="-4.2px" version="1.1"/>
			<pushbutton control_id="937" x="558" y="1679" right="422" bottom="161" width="100" height="80" style_class="0" custom_class="PB_106_ini" text="ㅊ" font="Noto Sans KR Medium,31.5,500,0,0,0" fore_color="000A0A0A" back_color="00DAD6D2" transparent="1" border="4" image_normal="/BIZ/103/06/PUB/num_bt_W_80x100.png" image_down="/BIZ/103/06/PUB/num_bt_W_80x100_o.png" imagesize="2" box_shadow_effect="0" hover_font="맑은 고딕,9,0,0,0,0" letter_spacing="-4.2px" version="1.1"/>
			<pushbutton control_id="938" x="673" y="1584" right="307" bottom="256" width="100" height="80" style_class="0" custom_class="PB_106_ini" text="ㅁ" font="Noto Sans KR Medium,31.5,500,0,0,0" fore_color="000A0A0A" back_color="00DAD6D2" transparent="1" border="4" image_normal="/BIZ/103/06/PUB/num_bt_W_80x100.png" image_down="/BIZ/103/06/PUB/num_bt_W_80x100_o.png" imagesize="2" box_shadow_effect="0" hover_font="맑은 고딕,9,0,0,0,0" letter_spacing="-4.2px" version="1.1"/>
			<pushbutton control_id="939" x="673" y="1679" right="307" bottom="161" width="100" height="80" style_class="0" custom_class="PB_106_ini" text="ㅋ,ㅌ&#x0D;&#x0A;ㅍ" font="Noto Sans KR Medium,30,500,0,0,0" fore_color="000A0A0A" back_color="00DAD6D2" transparent="1" border="4" image_normal="/BIZ/103/06/PUB/num_bt_W_80x100.png" image_down="/BIZ/103/06/PUB/num_bt_W_80x100_o.png" imagesize="2" box_shadow_effect="0" line_height="35" hover_font="맑은 고딕,9,0,0,0,0" letter_spacing="-4px" version="1.1"/>
			<pushbutton control_id="940" x="788" y="1584" right="192" bottom="256" width="100" height="80" style_class="0" custom_class="PB_106_ini" text="ㅂ,ㅃ" font="Noto Sans KR Medium,31.5,500,0,0,0" fore_color="000A0A0A" back_color="00DAD6D2" transparent="1" border="4" image_normal="/BIZ/103/06/PUB/num_bt_W_80x100.png" image_down="/BIZ/103/06/PUB/num_bt_W_80x100_o.png" imagesize="2" box_shadow_effect="0" hover_font="맑은 고딕,9,0,0,0,0" letter_spacing="-4.2px" version="1.1"/>
			<pushbutton control_id="941" x="788" y="1679" right="192" bottom="161" width="100" height="80" style_class="0" custom_class="PB_106_ini" text="ㅎ" font="Noto Sans KR Medium,31.5,500,0,0,0" fore_color="000A0A0A" back_color="00DAD6D2" transparent="1" border="4" image_normal="/BIZ/103/06/PUB/num_bt_W_80x100.png" image_down="/BIZ/103/06/PUB/num_bt_W_80x100_o.png" imagesize="2" box_shadow_effect="0" hover_font="맑은 고딕,9,0,0,0,0" letter_spacing="-4.2px" version="1.1"/>
			<panel control_id="7" semantic_tag="0" x="0" y="1805" right="0" bottom="0" width="1080" height="115" custom_class="PN_101_back" border="0" boxshadow_type="1" title_font="맑은 고딕,9,0,0,0,0">
				<tab_order order_option="0" order_info="48,230"/>
				<pushbutton control_id="230" name="btn_Acc" x="866" y="18" right="14" bottom="17" width="200" height="80" style_class="0" custom_class="PB_101_access" text="접근성" font="Noto Sans KR,31.5,1,0,0,0" fore_color="00FFFFFF" transparent="1" border="4" border_color="00E2E2E2" border_radius="44" image_normal="/BIZ/101/01/PUB/lowsc_bt.png" image_down="/BIZ/101/01/PUB/lowsc_bt_o.png" box_shadow_effect="0" horz_align="0" line_height="62" text_margin="63,0,0,0" text_wordellipsis="0" hover_font="맑은 고딕,9,0,0,0,0" down_color_use="2" down_forecolor="00F8F8F8" letter_spacing="-2.1px" version="1.1"/>
				<pushbutton control_id="48" name="btn_Prev" x="14" y="18" right="851" bottom="17" width="215" height="80" style_class="0" custom_class="PB_101_Previous" text="이전" font="Noto Sans KR,31.5,1,0,0,0" fore_color="000A0A0A" transparent="1" border="4" border_color="00F6F6F6" border_radius="45" image_normal="/BIZ/101/01/PUB/back_bt.png" image_down="/BIZ/101/01/PUB/back_bt_o.png" image_vert_align="1" box_shadow_effect="0" line_height="62" hover_font="맑은 고딕,9,0,0,0,0" down_color_use="3" down_backcolor="0019AADE" letter_spacing="-2.1px" version="1.1"/>
			</panel>
			<panel control_id="6" semantic_tag="0" x="0" y="0" right="0" bottom="1840" width="1080" height="80" custom_class="PN_101_back" border="0" vertscrollbar_style="0" horzscrollbar_style="0" boxshadow_type="1" title_font="맑은 고딕,9,0,0,0,0">
				<tab_order order_option="0" order_info="192,214,193,884"/>
				<pushbutton control_id="192" name="btn_Home" x="14" y="5" right="866" bottom="5" width="200" height="70" style_class="0" custom_class="PB_101_home" text="처음으로" font="Noto Sans KR Medium,31.5,500,0,0,0" fore_color="000A0A0A" back_color="00FBFBFB" border="4" border_color="007A665E" border_radius="35,35,35,35" image_normal="/BIZ/101/01/PUB/home_bt_G.png" image_down="/BIZ/101/01/PUB/home_bt_G_o.png" image_vert_align="1" box_shadow_effect="0" horz_align="0" line_height="62" text_margin="40,0,0,0" hover_font="맑은 고딕,9,0,0,0,0" down_color_use="3" down_backcolor="006D574E" letter_spacing="-2.1px" version="1.1"/>
				<pushbutton control_id="193" name="btn_Call" x="866" y="5" right="14" bottom="5" width="200" height="70" style_class="0" custom_class="PB_101_call" text="직원호출" font="Noto Sans KR Medium,31.5,500,0,0,0" fore_color="00FFFFFF" back_color="00FBFBFB" border="4" border_color="000000D1" border_radius="35" image_normal="/BIZ/101/01/PUB/call_bt_R.png" image_down="/BIZ/101/01/PUB/call_bt_R_o.png" image_vert_align="1" box_shadow_effect="0" horz_align="0" line_height="62" text_margin="39,0,0,0" hover_font="맑은 고딕,9,0,0,0,0" down_color_use="3" down_backcolor="0011119C" letter_spacing="-2.1px" version="1.1"/>
				<pushbutton control_id="214" name="btn_Flag" x="758" y="5" right="252" bottom="5" width="70" height="70" style_class="0" custom_class="PB_101_selLanguage" text="" font="Noto Sans CJK KR,32,0,0,0,0" fore_color="000A0A0A" transparent="1" border="4" border_color="00E2E2E2" border_radius="44" image_normal="/BIZ/101/01/PUB/language_lound_bt.png" image_down="/BIZ/101/01/PUB/language_lound_kr_bt_o.png" box_shadow_effect="0" horz_align="2" line_height="62" text_margin="" text_wordellipsis="0" hover_font="맑은 고딕,9,0,0,0,0" down_color_use="2" down_forecolor="00F8F8F8" version="1.1"/>
				<pushbutton control_id="884" x="341" y="17" right="338" bottom="17" width="401" height="46" style_class="0" custom_class="PB_106_title" text="" font="맑은 고딕,9,0,0,0,0" transparent="1" border="4" image_normal="/BIZ/103/06/PUB/logo_train.png" imagesize="2" hover_font="맑은 고딕,9,0,0,0,0" version="1.1"/>
			</panel>
		</panel>
	</map>
</map_list>
