﻿<?xml version="1.0" encoding="UTF-8"?>
<map_list>
	<map>
		<screen version="2.0" scriptcode="java" title="충전완료알림 팝업(2)" directory="/BIZ/101/01/POP/" screenid="101012" last_update_date="2024-11-20 16:22:21" width="900" width_type="0" height="1546" height_type="0" canvas_width="910" canvas_height="1580" transparent="1" funclist="btn_clo_on_mouseup,btn_next_on_mouseup"/>
		<panel control_id="0" semantic_tag="0" x="0" y="0" right="0" bottom="0" width="900" height="1546" custom_class="PN_101_backImage" back_color="0000007B" transparent="1" back_image="/BIZ/101/01/PUB/pop_bg_900x1546.png" back_imagesize="1" border_color="00FFFFFF" border_radius="15" vertscrollbar_style="0" horzscrollbar_style="0" title_font="맑은 고딕,9,0,0,0,0">
			<tab_order order_option="0" order_info="321,156,353,159,160,161,162,163,164,165,167,168,169,81,190"/>
			<pushbutton control_id="156" x="149" y="608" right="559" bottom="806" width="190" height="130" style_class="0" custom_class="PB_101_num" text="1" font="Noto Sans KR Bold,41.3,1,0,0,0" fore_color="000A0A0A" border="4" border_color="0019AADE" border_radius="15" image_normal="/BIZ/101/01/PUB/phone_num_bt.png" imagesize="1" image_vert_align="1" box_shadow_effect="0" line_height="82" hover_font="맑은 고딕,9,0,0,0,0" down_backcolor="00F1F1F1" disable_backcolor="00F1F1F1" version="1.1"/>
			<pushbutton control_id="159" x="561" y="608" right="147" bottom="806" width="190" height="130" style_class="0" custom_class="PB_101_num" text="3" font="Noto Sans KR Bold,41.3,1,0,0,0" fore_color="000A0A0A" border="4" border_color="0019AADE" border_radius="15" image_normal="/BIZ/101/01/PUB/phone_num_bt.png" imagesize="1" image_vert_align="1" box_shadow_effect="0" line_height="82" hover_font="맑은 고딕,9,0,0,0,0" down_backcolor="00F1F1F1" disable_backcolor="00F1F1F1" version="1.1"/>
			<pushbutton control_id="160" x="150" y="750" right="558" bottom="664" width="190" height="130" style_class="0" custom_class="PB_101_num" text="4" font="Noto Sans KR Bold,41.3,1,0,0,0" fore_color="000A0A0A" border="4" border_color="0019AADE" border_radius="15" image_normal="/BIZ/101/01/PUB/phone_num_bt.png" imagesize="1" image_vert_align="1" box_shadow_effect="0" line_height="82" hover_font="맑은 고딕,9,0,0,0,0" down_backcolor="00F1F1F1" disable_backcolor="00F1F1F1" version="1.1"/>
			<pushbutton control_id="161" x="355" y="750" right="353" bottom="664" width="190" height="130" style_class="0" custom_class="PB_101_num" text="5" font="Noto Sans KR Bold,41.3,1,0,0,0" fore_color="000A0A0A" border="4" border_color="0019AADE" border_radius="15" image_normal="/BIZ/101/01/PUB/phone_num_bt.png" imagesize="1" image_vert_align="1" box_shadow_effect="0" line_height="82" hover_font="맑은 고딕,9,0,0,0,0" down_backcolor="00F1F1F1" disable_backcolor="00F1F1F1" version="1.1"/>
			<pushbutton control_id="163" x="149" y="892" right="559" bottom="522" width="190" height="130" style_class="0" custom_class="PB_101_num" text="7" font="Noto Sans KR Bold,41.3,1,0,0,0" fore_color="000A0A0A" border="4" border_color="0019AADE" border_radius="15" image_normal="/BIZ/101/01/PUB/phone_num_bt.png" imagesize="1" image_vert_align="1" box_shadow_effect="0" line_height="82" hover_font="맑은 고딕,9,0,0,0,0" down_backcolor="00F1F1F1" disable_backcolor="00F1F1F1" version="1.1"/>
			<pushbutton control_id="165" x="561" y="892" right="147" bottom="522" width="190" height="130" style_class="0" custom_class="PB_101_num" text="9" font="Noto Sans KR Bold,41.3,1,0,0,0" fore_color="000A0A0A" border="4" border_color="0019AADE" border_radius="15" image_normal="/BIZ/101/01/PUB/phone_num_bt.png" imagesize="1" image_vert_align="1" box_shadow_effect="0" line_height="82" hover_font="맑은 고딕,9,0,0,0,0" down_backcolor="00F1F1F1" disable_backcolor="00F1F1F1" version="1.1"/>
			<pushbutton control_id="167" name="clearBtn" x="149" y="1034" right="559" bottom="380" width="190" height="130" style_class="0" custom_class="PB_101_num" text="전체&#x0D;&#x0A;지우기" font="Noto Sans KR Bold,31.5,1,0,0,0" fore_color="000A0A0A" border="4" border_color="0019AADE" border_radius="15" image_normal="/BIZ/101/01/PUB/phone_num_bt.png" imagesize="1" image_vert_align="1" box_shadow_effect="0" line_height="50" text_margin="37,37,7,11" hover_font="맑은 고딕,9,0,0,0,0" down_backcolor="00F1F1F1" disable_backcolor="00F1F1F1" version="1.1"/>
			<pushbutton control_id="168" x="355" y="1034" right="353" bottom="380" width="190" height="130" style_class="0" custom_class="PB_101_num" text="0" font="Noto Sans KR Bold,41.3,1,0,0,0" fore_color="000A0A0A" border="4" border_color="0019AADE" border_radius="15" image_normal="/BIZ/101/01/PUB/phone_num_bt.png" imagesize="1" image_vert_align="1" box_shadow_effect="0" line_height="82" hover_font="맑은 고딕,9,0,0,0,0" down_backcolor="00F1F1F1" disable_backcolor="00F1F1F1" version="1.1"/>
			<pushbutton control_id="169" name="delBtn" x="561" y="1034" right="147" bottom="380" width="190" height="130" style_class="0" custom_class="PB_101_num_1" text="지우기" font="Noto Sans KR Bold,31.5,1,0,0,0" fore_color="000A0A0A" border="4" border_color="0019AADE" border_radius="15" image_normal="/BIZ/101/01/PUB/num_del_bt.png" imagesize="1" image_vert_align="1" box_shadow_effect="0" line_height="50" text_margin="37,37,57,11" hover_font="맑은 고딕,9,0,0,0,0" down_backcolor="00F1F1F1" disable_backcolor="00F1F1F1" version="1.1"/>
			<pushbutton control_id="81" x="118" y="1287" right="460" bottom="137" width="320" height="120" style_class="0" custom_class="PB_101_click" text="알림생략" font="Noto Sans KR Medium,33.8,500,0,0,0" fore_color="00F8F8F8" transparent="1" border="4" border_color="00FFFFFF" image_normal="/BIZ/101/01/PUB/bin_bt_G_320x120.png" box_shadow_effect="0" line_height="66" hover_font="Noto Sans CJK KR,34,500,0,0,0" down_color_use="4" down_forecolor="00F8F8F8" down_backcolor="00F1F1F1" down_bordercolor="00FFFFFF" disable_backcolor="00F1F1F1" version="1.1" on_mouseup="eventfunc:btn_clo_on_mouseup(objInst)"/>
			<pushbutton control_id="190" x="463" y="1287" right="115" bottom="137" width="320" height="120" style_class="0" custom_class="PB_106_click" text="확인" font="Noto Sans KR Medium,33.8,500,0,0,0" fore_color="00F8F8F8" transparent="1" border="4" border_color="00FFFFFF" image_normal="/BIZ/103/06/PUB/bin_bt_B_320x120.png" image_down="/BIZ/103/06/PUB/bin_bt_B_320x120_o.png" box_shadow_effect="0" line_height="66" hover_font="Noto Sans CJK KR,34,500,0,0,0" down_color_use="4" down_forecolor="00F8F8F8" down_backcolor="00F1F1F1" down_bordercolor="00FFFFFF" disable_backcolor="00F1F1F1" version="1.1" on_mouseup="eventfunc:btn_next_on_mouseup(objInst)"/>
			<text control_id="137" autosize="0" x="125" y="71" right="123" bottom="1383" width="650" height="90" custom_class="TX_101_contents" text="&lt;font class=&quot;TX_101_subContents&quot; color=&quot;#1674D2&quot;&gt;충전완료 알림&lt;/font&gt;을 수신할" font="Noto Sans KR Bold,41.3,1,0,0,0" fore_color="000A0A0A" transparent="1" border_color="00413935" horz_align="1" line_height="90" letter_spacing="-3px" version="1.1"/>
			<numericex_field control_id="321" name="fld_Num" autosize="0" x="79" y="357" right="79" bottom="1052" width="740" height="135" custom_class="FD_101_num" font="Noto Sans CJK KR,50,500,0,0,0" fore_color="000A0A0A" transparent="1" border_color="00FFFFFF" border_radius="15" back_image="/BIZ/101/01/PUB/num_box_740x135.png" back_imagehorzalign="1" back_imagevertalign="1" box_shadow_effect="0" horz_align="2" default_value="010 -2285 - 2258" max_length="13" pattern="ZZ9 - 9999 - 9999" pattern_mask="999 - 9999 - 9999"/>
			<text control_id="352" autosize="0" x="125" y="160" right="123" bottom="1294" width="650" height="90" custom_class="TX_101_contents" text="&lt;font class=&quot;TX_101_subContents&quot; color=&quot;#1674D2&quot;&gt;휴대전화 번호&lt;/font&gt;를 입력하세요" font="Noto Sans KR Bold,41.3,1,0,0,0" fore_color="000A0A0A" transparent="1" border_color="00413935" horz_align="1" line_height="90" letter_spacing="-3px" version="1.1"/>
			<pushbutton control_id="164" x="355" y="892" right="353" bottom="522" width="190" height="130" style_class="0" custom_class="PB_101_num" text="8" font="Noto Sans KR Bold,41.3,1,0,0,0" fore_color="000A0A0A" border="4" border_color="0019AADE" border_radius="15" image_normal="/BIZ/101/01/PUB/phone_num_bt.png" imagesize="1" image_vert_align="1" box_shadow_effect="0" line_height="82" hover_font="맑은 고딕,9,0,0,0,0" down_backcolor="00F1F1F1" disable_backcolor="00F1F1F1" version="1.1"/>
			<pushbutton control_id="162" x="561" y="750" right="147" bottom="664" width="190" height="130" style_class="0" custom_class="PB_101_num" text="6" font="Noto Sans KR Bold,41.3,1,0,0,0" fore_color="000A0A0A" border="4" border_color="0019AADE" border_radius="15" image_normal="/BIZ/101/01/PUB/phone_num_bt.png" imagesize="1" image_vert_align="1" box_shadow_effect="0" line_height="82" hover_font="맑은 고딕,9,0,0,0,0" down_backcolor="00F1F1F1" disable_backcolor="00F1F1F1" version="1.1"/>
			<pushbutton control_id="353" x="354" y="608" right="354" bottom="806" width="190" height="130" style_class="0" custom_class="PB_101_num" text="2" font="Noto Sans KR Bold,41.3,1,0,0,0" fore_color="000A0A0A" border="4" border_color="0019AADE" border_radius="15" image_normal="/BIZ/101/01/PUB/phone_num_bt.png" imagesize="1" image_vert_align="1" box_shadow_effect="0" line_height="82" hover_font="맑은 고딕,9,0,0,0,0" down_backcolor="00F1F1F1" disable_backcolor="00F1F1F1" version="1.1"/>
		</panel>
	</map>
</map_list>
