﻿<?xml version="1.0" encoding="UTF-8"?>
<map_list>
	<map>
		<screen version="2.0" scriptcode="java" title="[저]전기차충전기_휴대전화번호" directory="/BIZ/101/01LP/POP/" screenid="10101002" last_update_date="2024-11-22 09:53:48" width="900" width_type="0" height="1000" height_type="0" canvas_height="2120" on_load="eventfunc:screen_on_load()" funclist="screen_on_load,clearBtn_on_click,delBtn_on_click,btn_nun_1_on_mouseup,btn_ok_on_mouseup,btn_clo_on_click"/>
		<panel control_id="1" semantic_tag="0" x="0" y="0" right="0" bottom="0" width="900" height="1000" custom_class="PN_101_backImage" back_color="00F6F6F6" border="0" border_radius="15" vertscrollbar_style="0" horzscrollbar_style="0" title_font="맑은 고딕,9,0,0,0,0">
			<tab_order order_option="0" order_info="321,156,353,159,355,160,161,162,163,164,165,354,167,168,169"/>
			<pushbutton control_id="156" x="71" y="358" right="666" bottom="531" width="163" height="111" style_class="0" custom_class="PB_101_num" text="1" font="Noto Sans KR Bold,41.3,1,0,0,0" fore_color="000A0A0A" border="4" border_color="0019AADE" border_radius="15" image_normal="/BIZ/101/01/PUB/phone_num_bt.png" image_down="/BIZ/101/01/PUB/num_bt_W_163x110_o.png" imagesize="1" image_vert_align="1" box_shadow_effect="0" line_height="82" hover_font="맑은 고딕,9,0,0,0,0" down_backcolor="00F1F1F1" disable_backcolor="00F1F1F1" version="1.1" on_mouseup="eventfunc:btn_nun_1_on_mouseup(objInst)"/>
			<pushbutton control_id="159" x="423" y="358" right="314" bottom="531" width="163" height="111" style_class="0" custom_class="PB_101_num" text="3" font="Noto Sans KR Bold,41.3,1,0,0,0" fore_color="000A0A0A" border="4" border_color="0019AADE" border_radius="15" image_normal="/BIZ/101/01/PUB/phone_num_bt.png" image_down="/BIZ/101/01/PUB/num_bt_W_163x110_o.png" imagesize="1" image_vert_align="1" box_shadow_effect="0" line_height="82" hover_font="맑은 고딕,9,0,0,0,0" down_backcolor="00F1F1F1" disable_backcolor="00F1F1F1" version="1.1" on_mouseup="eventfunc:btn_nun_1_on_mouseup(objInst)"/>
			<pushbutton control_id="160" x="71" y="481" right="666" bottom="408" width="163" height="111" style_class="0" custom_class="PB_101_num" text="4" font="Noto Sans KR Bold,41.3,1,0,0,0" fore_color="000A0A0A" border="4" border_color="0019AADE" border_radius="15" image_normal="/BIZ/101/01/PUB/phone_num_bt.png" image_down="/BIZ/101/01/PUB/num_bt_W_163x110_o.png" imagesize="1" image_vert_align="1" box_shadow_effect="0" line_height="82" hover_font="맑은 고딕,9,0,0,0,0" down_backcolor="00F1F1F1" disable_backcolor="00F1F1F1" version="1.1" on_mouseup="eventfunc:btn_nun_1_on_mouseup(objInst)"/>
			<pushbutton control_id="161" x="247" y="481" right="490" bottom="408" width="163" height="111" style_class="0" custom_class="PB_101_num" text="5" font="Noto Sans KR Bold,41.3,1,0,0,0" fore_color="000A0A0A" border="4" border_color="0019AADE" border_radius="15" image_normal="/BIZ/101/01/PUB/phone_num_bt.png" image_down="/BIZ/101/01/PUB/num_bt_W_163x110_o.png" imagesize="1" image_vert_align="1" box_shadow_effect="0" line_height="82" hover_font="맑은 고딕,9,0,0,0,0" down_backcolor="00F1F1F1" disable_backcolor="00F1F1F1" version="1.1" on_mouseup="eventfunc:btn_nun_1_on_mouseup(objInst)"/>
			<pushbutton control_id="163" x="71" y="604" right="666" bottom="285" width="163" height="111" style_class="0" custom_class="PB_101_num" text="7" font="Noto Sans KR Bold,41.3,1,0,0,0" fore_color="000A0A0A" border="4" border_color="0019AADE" border_radius="15" image_normal="/BIZ/101/01/PUB/phone_num_bt.png" image_down="/BIZ/101/01/PUB/num_bt_W_163x110_o.png" imagesize="1" image_vert_align="1" box_shadow_effect="0" line_height="82" hover_font="맑은 고딕,9,0,0,0,0" down_backcolor="00F1F1F1" disable_backcolor="00F1F1F1" version="1.1" on_mouseup="eventfunc:btn_nun_1_on_mouseup(objInst)"/>
			<pushbutton control_id="165" x="423" y="604" right="314" bottom="285" width="163" height="111" style_class="0" custom_class="PB_101_num" text="9" font="Noto Sans KR Bold,41.3,1,0,0,0" fore_color="000A0A0A" border="4" border_color="0019AADE" border_radius="15" image_normal="/BIZ/101/01/PUB/phone_num_bt.png" image_down="/BIZ/101/01/PUB/num_bt_W_163x110_o.png" imagesize="1" image_vert_align="1" box_shadow_effect="0" line_height="82" hover_font="맑은 고딕,9,0,0,0,0" down_backcolor="00F1F1F1" disable_backcolor="00F1F1F1" version="1.1" on_mouseup="eventfunc:btn_nun_1_on_mouseup(objInst)"/>
			<pushbutton control_id="167" name="clearBtn" x="71" y="727" right="666" bottom="162" width="163" height="111" margin="0,0,0,2" style_class="0" custom_class="PB_101_num" text="전체&#x0D;&#x0A;지우기" font="Noto Sans KR Medium,31.5,500,0,0,0" fore_color="000A0A0A" border="4" border_color="0019AADE" border_radius="15" image_normal="/BIZ/101/01/PUB/phone_num_bt.png" image_down="/BIZ/101/01/PUB/num_bt_W_163x110_o.png" imagesize="1" image_vert_align="1" box_shadow_effect="0" line_height="45" text_margin="" hover_font="맑은 고딕,9,0,0,0,0" down_backcolor="00F1F1F1" disable_backcolor="00F1F1F1" version="1.1" on_click="eventfunc:clearBtn_on_click(objInst)"/>
			<pushbutton control_id="168" x="247" y="727" right="490" bottom="162" width="163" height="111" style_class="0" custom_class="PB_101_num" text="0" font="Noto Sans KR Bold,41.3,1,0,0,0" fore_color="000A0A0A" border="4" border_color="0019AADE" border_radius="15" image_normal="/BIZ/101/01/PUB/phone_num_bt.png" image_down="/BIZ/101/01/PUB/num_bt_W_163x110_o.png" imagesize="1" image_vert_align="1" box_shadow_effect="0" line_height="82" hover_font="맑은 고딕,9,0,0,0,0" down_backcolor="00F1F1F1" disable_backcolor="00F1F1F1" version="1.1" on_mouseup="eventfunc:btn_nun_1_on_mouseup(objInst)"/>
			<pushbutton control_id="169" name="delBtn" x="423" y="728" right="314" bottom="161" width="163" height="111" style_class="0" custom_class="PB_101_num_1" text="지우기" font="Noto Sans KR Medium,31.5,500,0,0,0" fore_color="000A0A0A" border="4" border_color="0019AADE" border_radius="15" image_normal="/BIZ/101/01/PUB/num_del_bt.png" image_down="/BIZ/101/01/PUB/num_del_bt_W_190x130_o.png" imagesize="1" image_vert_align="1" box_shadow_effect="0" vert_align="2" text_margin="0,0,0,7" hover_font="맑은 고딕,9,0,0,0,0" down_backcolor="00F1F1F1" disable_backcolor="00F1F1F1" version="1.1" on_click="eventfunc:delBtn_on_click(objInst)"/>
			<pushbutton control_id="164" x="247" y="604" right="490" bottom="285" width="163" height="111" style_class="0" custom_class="PB_101_num" text="8" font="Noto Sans KR Bold,41.3,1,0,0,0" fore_color="000A0A0A" border="4" border_color="0019AADE" border_radius="15" image_normal="/BIZ/101/01/PUB/phone_num_bt.png" image_down="/BIZ/101/01/PUB/num_bt_W_163x110_o.png" imagesize="1" image_vert_align="1" box_shadow_effect="0" line_height="82" hover_font="맑은 고딕,9,0,0,0,0" down_backcolor="00F1F1F1" disable_backcolor="00F1F1F1" version="1.1" on_mouseup="eventfunc:btn_nun_1_on_mouseup(objInst)"/>
			<pushbutton control_id="162" x="423" y="481" right="314" bottom="408" width="163" height="111" style_class="0" custom_class="PB_101_num" text="6" font="Noto Sans KR Bold,41.3,1,0,0,0" fore_color="000A0A0A" border="4" border_color="0019AADE" border_radius="15" image_normal="/BIZ/101/01/PUB/phone_num_bt.png" image_down="/BIZ/101/01/PUB/num_bt_W_163x110_o.png" imagesize="1" image_vert_align="1" box_shadow_effect="0" line_height="82" hover_font="맑은 고딕,9,0,0,0,0" down_backcolor="00F1F1F1" disable_backcolor="00F1F1F1" version="1.1" on_mouseup="eventfunc:btn_nun_1_on_mouseup(objInst)"/>
			<pushbutton control_id="353" x="247" y="358" right="490" bottom="531" width="163" height="111" style_class="0" custom_class="PB_101_num" text="2" font="Noto Sans KR Bold,41.3,1,0,0,0" fore_color="000A0A0A" border="4" border_color="0019AADE" border_radius="15" image_normal="/BIZ/101/01/PUB/phone_num_bt.png" image_down="/BIZ/101/01/PUB/num_bt_W_163x110_o.png" imagesize="1" image_vert_align="1" box_shadow_effect="0" line_height="82" hover_font="맑은 고딕,9,0,0,0,0" down_backcolor="00F1F1F1" disable_backcolor="00F1F1F1" version="1.1" on_mouseup="eventfunc:btn_nun_1_on_mouseup(objInst)"/>
			<pushbutton control_id="354" x="625" y="610" right="69" bottom="180" width="206" height="210" custom_class="PB_106_click" text="확인" font="Noto Sans KR Medium,31.5,500,0,0,0" fore_color="00F8F8F8" transparent="1" border="4" border_radius="15" image_normal="/BIZ/101/01/PUB/bin_bt_B_206x210.png" imagesize="1" line_height="62" hover_font="맑은 고딕,9,0,0,0,0" version="1.1" on_mouseup="eventfunc:btn_ok_on_mouseup(objInst)"/>
			<pushbutton control_id="355" x="625" y="378" right="69" bottom="412" width="206" height="210" custom_class="PB_101_click" text="취소" font="Noto Sans KR Medium,31.5,500,0,0,0" fore_color="00F8F8F8" transparent="1" border="4" border_radius="15" image_normal="/BIZ/101/01/PUB/bin_bt_G_206x210.png" imagesize="1" line_height="62" hover_font="맑은 고딕,9,0,0,0,0" version="1.1" on_click="eventfunc:btn_clo_on_click(objInst)"/>
			<numericex_field control_id="321" name="fld_Num" autosize="0" x="71" y="186" right="71" bottom="679" width="758" height="135" custom_class="FD_101_num" font="Noto Sans CJK KR,50,500,0,0,0" fore_color="000A0A0A" transparent="1" border_color="00FFFFFF" border_radius="15" back_image="/BIZ/101/01/PUB/num_box_740x135.png" back_imagesize="1" back_imagehorzalign="1" back_imagevertalign="1" box_shadow_effect="0" horz_align="2" default_value="010 -1234 - 5678" max_length="13" pattern="ZZ9 - 9999 - 9999" pattern_mask="999 - 9999 - 9999"/>
			<text control_id="215" autosize="0" x="179" y="24" right="179" bottom="837" width="542" height="139" custom_class="TX_101_contents" text="&lt;font class=&quot;TX_101_subContents&quot; color=&quot;#1674D2&quot;&gt;휴대전화 번호&lt;/font&gt;를 입력하시고&#x0D;&#x0A;&lt;font class=&quot;TX_101_subContents&quot; color=&quot;#1674D2&quot;&gt;확인&lt;/font&gt;을 누르세요" font="Noto Sans KR Bold,37.5,1,0,0,0" fore_color="000A0A0A" back_color="00F6F6F6" transparent="1" horz_align="1" line_height="65" letter_spacing="-2.5px" version="1.1"/>
		</panel>
	</map>
</map_list>
