﻿<?xml version="1.0" encoding="UTF-8"?>
<map_list>
	<map>
		<screen version="2.0" scriptcode="java" title="[저]전기차충전소_접근성" directory="/BIZ/101/01LP/POP/" screenid="10101001" last_update_date="2024-11-21 10:41:59" width="900" width_type="0" height="1415" height_type="0" canvas_height="2120" funclist="btn_ok_on_mouseup,btn_clo_on_mouseup"/>
		<panel control_id="0" semantic_tag="0" x="0" y="0" right="0" bottom="0" width="900" height="1415" back_color="00F2F2F2" transparent="1" border_radius="15" title_font="맑은 고딕,9,0,0,0,0">
			<tab_order order_option="0" order_info="4,178,179,180,181,81,191"/>
			<text control_id="1" autosize="0" x="200" y="80" right="198" bottom="1191" width="500" height="142" text="&lt;font color=&quot;#1674D2&quot;&gt;원하는 설정&lt;/font&gt;을 선택하시고&#x0D;&#x0A;&lt;font color=&quot;#1674D2&quot;&gt;적용하기&lt;/font&gt;를 누르세요" font="Noto Sans KR Bold,39,1,0,0,0" fore_color="000A0A0A" back_color="00F2F2F2" transparent="1" horz_align="1" line_height="65" letter_spacing="-4.16px" version="1.1"/>
			<text control_id="2" autosize="0" x="385" y="283" right="383" bottom="1056" width="130" height="74" text="접근성" font="Noto Sans KR Bold,37.5,1,0,0,0" back_color="00F2F2F2" transparent="1" line_height="65" letter_spacing="-4px" version="1.1"/>
			<line control_id="3" x1="420" y1="390" x2="490" y2="390" right="408" bottom="1023"/>
			<pushbutton control_id="4" x="118" y="425" right="116" bottom="868" width="664" height="120" margin="0,0,0,20" style_class="0" text="큰글씨" font="Noto Sans KR Bold,39,1,0,0,0" border="4" border_radius="15" image_normal="/BIZ/101/01/PUB/pop_select_gu_bt.png" image_down="/BIZ/101/01/PUB/pop_select_gu_bt_o.png" image_horz_align="1" image_vert_align="1" box_shadow_effect="0" line_height="65" hover_font="맑은 고딕,9,0,0,0,0" down_color_use="1" disable_color_use="1" letter_spacing="-4.16px" version="1.1"/>
			<pushbutton control_id="178" x="118" y="565" right="116" bottom="728" width="664" height="120" margin="0,0,0,20" style_class="0" text="색상 고대비" font="Noto Sans KR Bold,39,1,0,0,0" border="4" border_radius="15" image_normal="/BIZ/101/01/PUB/pop_select_gu_bt.png" image_down="/BIZ/101/01/PUB/pop_select_gu_bt_o.png" image_horz_align="1" image_vert_align="1" box_shadow_effect="0" line_height="65" hover_font="맑은 고딕,9,0,0,0,0" down_color_use="1" disable_color_use="1" letter_spacing="-4.16px" version="1.1"/>
			<pushbutton control_id="179" x="118" y="705" right="116" bottom="588" width="664" height="120" margin="0,0,0,20" style_class="0" text="수어 안내" font="Noto Sans KR Bold,39,1,0,0,0" border="4" border_radius="15" image_normal="/BIZ/101/01/PUB/pop_select_gu_bt.png" image_down="/BIZ/101/01/PUB/pop_select_gu_bt_o.png" image_horz_align="1" image_vert_align="1" box_shadow_effect="0" line_height="65" hover_font="맑은 고딕,9,0,0,0,0" down_color_use="1" disable_color_use="1" letter_spacing="-4.16px" version="1.1"/>
			<pushbutton control_id="180" x="118" y="845" right="116" bottom="448" width="664" height="120" margin="0,0,0,20" style_class="0" text="음성 안내" font="Noto Sans KR Bold,39,1,0,0,0" border="4" border_radius="15" image_normal="/BIZ/101/01/PUB/pop_select_gu_bt.png" image_down="/BIZ/101/01/PUB/pop_select_gu_bt_o.png" image_horz_align="1" image_vert_align="1" box_shadow_effect="0" line_height="65" hover_font="맑은 고딕,9,0,0,0,0" down_color_use="1" disable_color_use="1" letter_spacing="-4.16px" version="1.1"/>
			<pushbutton control_id="181" x="118" y="985" right="116" bottom="308" width="664" height="120" margin="0,0,0,20" style_class="0" text="낮은화면" font="Noto Sans KR Bold,39,1,0,0,0" border="4" border_radius="15" image_normal="/BIZ/101/01/PUB/pop_select_gu_bt.png" image_down="/BIZ/101/01/PUB/pop_select_gu_bt_o.png" image_horz_align="1" image_vert_align="1" box_shadow_effect="0" line_height="65" hover_font="맑은 고딕,9,0,0,0,0" down_color_use="1" disable_color_use="1" letter_spacing="-4.16px" version="1.1"/>
			<pushbutton control_id="81" x="118" y="1242" right="460" bottom="51" width="320" height="120" style_class="0" custom_class="PB_101_click" text="닫기" font="Noto Sans KR Medium,33.8,500,0,0,0" fore_color="00F8F8F8" transparent="1" border="4" border_color="00FFFFFF" image_normal="/BIZ/101/01/PUB/bin_bt_G_320x120.png" image_down="/BIZ/101/01/PUB/bin_bt_G_320x120.png" box_shadow_effect="0" line_height="66" hover_font="Noto Sans CJK KR,34,500,0,0,0" down_color_use="4" down_forecolor="00F8F8F8" down_backcolor="00F1F1F1" down_bordercolor="00FFFFFF" disable_backcolor="00F1F1F1" version="1.1" on_mouseup="eventfunc:btn_clo_on_mouseup(objInst)"/>
			<pushbutton control_id="191" x="463" y="1242" right="115" bottom="51" width="320" height="120" style_class="0" custom_class="PB_106_click" text="적용하기" font="Noto Sans KR Medium,33.8,500,0,0,0" fore_color="00F8F8F8" transparent="1" border="4" border_color="00FFFFFF" image_normal="/BIZ/103/06/PUB/bin_bt_B_320x120.png" image_down="/BIZ/103/06/PUB/bin_bt_B_320x120_o.png" box_shadow_effect="0" line_height="66" hover_font="Noto Sans CJK KR,34,500,0,0,0" down_color_use="4" down_forecolor="00F8F8F8" down_backcolor="00F1F1F1" down_bordercolor="00FFFFFF" disable_backcolor="00F1F1F1" version="1.1" on_mouseup="eventfunc:btn_ok_on_mouseup(objInst)"/>
		</panel>
	</map>
</map_list>
