﻿<?xml version="1.0" encoding="UTF-8"?>
<map_list>
	<map>
		<screen version="2.0" scriptcode="java" title="KonvaTest2" directory="/SYS/UTIL/" screenid="KonvaTest2" screen_capture="0" last_update_date="2024-10-30 09:45:08" width="812" width_type="0" height="500" height_type="0" canvas_width="1446" canvas_height="972" on_load="eventfunc:screen_on_load()" funclist="screen_on_load,PB_plus_on_mouseup,PB_minus_on_mouseup"/>
		<tab_order order_option="0" order_info="365,366"/>
		<div control_id="3" name="div" x="40" y="34" right="10" bottom="22" width="762" height="444" custom_class="konva" font="맑은 고딕,9,0,0,0,0" control_comment=""/>
		<pushbutton control_id="365" name="PB_plus" x="594" y="0" right="118" bottom="474" width="100" height="26" text="+" font="맑은 고딕,9,0,0,0,0" hover_font="맑은 고딕,9,0,0,0,0" version="1.1" on_mouseup="eventfunc:PB_plus_on_mouseup(objInst)"/>
		<pushbutton control_id="366" name="PB_minus" x="704" y="0" right="8" bottom="474" width="100" height="26" text="-" font="맑은 고딕,9,0,0,0,0" hover_font="맑은 고딕,9,0,0,0,0" version="1.1" on_mouseup="eventfunc:PB_minus_on_mouseup(objInst)"/>
		<hidden_screen>
			<checkbox control_id="364" name="chk_loadcoplete" x="816" y="12" right="408" bottom="942" width="222" height="18" font="맑은 고딕,9,0,0,0,0" text="amcharts lib load complete"/>
		</hidden_screen>
	</map>
</map_list>
